ORPHAcode,simbolo_gen,nombre_gen
5,HADHA,hydroxyacyl-CoA dehydrogenase trifunctional multienzyme complex subunit alpha
6,MCCC1,methylcrotonyl-CoA carboxylase subunit 1
6,MCCC2,methylcrotonyl-CoA carboxylase subunit 2
7,CCDC22,coiled-coil domain containing 22
7,DPYSL5,dihydropyrimidinase like 5
7,WASHC5,WASH complex subunit 5
7,VPS35L,VPS35 endosomal protein sorting factor like
13,PTS,6-pyruvoyltetrahydropterin synthase
14,MTTP,microsomal triglyceride transfer protein
15,FGFR3,fibroblast growth factor receptor 3
16,OPN1LW,"opsin 1, long wave sensitive"
16,OPN1MW,"opsin 1, medium wave sensitive"
17,SUCLG1,succinate-CoA ligase GDP/ADP-forming subunit alpha
20,HMGCL,3-hydroxy-3-methylglutaryl-CoA lyase
22,ALDH5A1,aldehyde dehydrogenase 5 family member A1
23,ASL,argininosuccinate lyase
24,FH,fumarate hydratase
25,GCDH,glutaryl-CoA dehydrogenase
29,MVK,mevalonate kinase
30,UMPS,uridine monophosphate synthetase
31,OGDH,oxoglutarate dehydrogenase
33,IVD,isovaleryl-CoA dehydrogenase
35,PCCA,propionyl-CoA carboxylase subunit alpha
35,PCCB,propionyl-CoA carboxylase subunit beta
36,KIF7,kinesin family member 7
36,GLI3,GLI family zinc finger 3
37,SLC39A4,solute carrier family 39 member 4
40,NPR2,natriuretic peptide receptor 2
41,ADAR,adenosine deaminase RNA specific
42,ACADM,acyl-CoA dehydrogenase medium chain
44,PEX1,peroxisomal biogenesis factor 1
44,PEX11B,peroxisomal biogenesis factor 11 beta
44,PEX5,peroxisomal biogenesis factor 5
44,PEX12,peroxisomal biogenesis factor 12
44,PEX6,peroxisomal biogenesis factor 6
44,PEX3,peroxisomal biogenesis factor 3
44,PEX13,peroxisomal biogenesis factor 13
44,PEX10,peroxisomal biogenesis factor 10
44,PEX2,peroxisomal biogenesis factor 2
44,PEX14,peroxisomal biogenesis factor 14
44,PEX16,peroxisomal biogenesis factor 16
44,PEX19,peroxisomal biogenesis factor 19
44,PEX26,peroxisomal biogenesis factor 26
45,AMPD1,adenosine monophosphate deaminase 1
45,AMPD3,adenosine monophosphate deaminase 3
46,ADSL,adenylosuccinate lyase
47,BTK,Bruton tyrosine kinase
48,CFTR,CF transmembrane conductance regulator
48,ADGRG2,adhesion G protein-coupled receptor G2
51,IFIH1,interferon induced with helicase C domain 1
51,ADAR,adenosine deaminase RNA specific
51,TREX1,three prime repair exonuclease 1
51,LSM11,"LSM11, U7 small nuclear RNA associated"
51,SAMHD1,SAM and HD domain containing deoxynucleoside triphosphate triphosphohydrolase 1
51,RNASEH2C,ribonuclease H2 subunit C
51,RNASEH2B,ribonuclease H2 subunit B
51,RNASEH2A,ribonuclease H2 subunit A
51,RNU7-1,"RNA, U7 small nuclear 1"
53,CLCN7,chloride voltage-gated channel 7
54,AP3D1,adaptor related protein complex 3 subunit delta 1
54,GPR143,G protein-coupled receptor 143
56,HGD,"homogentisate 1,2-dioxygenase"
57,ALDOA,"aldolase, fructose-bisphosphate A"
59,SLC16A2,solute carrier family 16 member 2
60,SERPINA1,serpin family A member 1
62,SGCA,sarcoglycan alpha
64,ALMS1,ALMS1 centrosome and basal body associated protein
65,SPATA7,spermatogenesis associated 7
65,GDF6,growth differentiation factor 6
65,TULP1,TUB like protein 1
65,RDH12,retinol dehydrogenase 12
65,IFT140,intraflagellar transport 140
65,NMNAT1,nicotinamide nucleotide adenylyltransferase 1
65,CRX,cone-rod homeobox
65,GUCY2D,"guanylate cyclase 2D, retinal"
65,RPE65,retinoid isomerohydrolase RPE65
65,CEP290,centrosomal protein 290
65,LRAT,lecithin retinol acyltransferase
65,IMPDH1,inosine monophosphate dehydrogenase 1
65,CRB1,crumbs cell polarity complex component 1
65,LCA5,lebercilin LCA5
65,PCYT1A,"phosphate cytidylyltransferase 1A, choline"
65,TUBB4B,tubulin beta 4B class IVb
65,KCNJ13,potassium inwardly rectifying channel subfamily J member 13
65,AIPL1,aryl hydrocarbon receptor interacting protein like 1
65,RD3,RD3 regulator of GUCY2D
65,IQCB1,IQ motif containing B1
65,USP45,ubiquitin specific peptidase 45
65,RPGRIP1,RPGR interacting protein 1
71,SAR1B,secretion associated Ras related GTPase 1B
79,SERPINF2,serpin family F member 2
82,SERPINC1,serpin family C member 1
84,FANCL,FA complementation group L
84,FANCD2,FA complementation group D2
84,FANCM,FA complementation group M
84,FANCE,FA complementation group E
84,XRCC2,X-ray repair cross complementing 2
84,FANCB,FA complementation group B
84,FANCA,FA complementation group A
84,FANCI,FA complementation group I
84,FANCF,FA complementation group F
84,FANCG,FA complementation group G
84,FANCC,FA complementation group C
84,MAD2L2,mitotic arrest deficient 2 like 2
84,PALB2,partner and localizer of BRCA2
84,SLX4,SLX4 structure-specific endonuclease subunit
84,RAD51,RAD51 recombinase
84,BRCA2,BRCA2 DNA repair associated
84,RAD51C,RAD51 paralog C
84,RFWD3,ring finger and WD repeat domain 3
84,UBE2T,ubiquitin conjugating enzyme E2 T
84,ERCC4,"ERCC excision repair 4, endonuclease catalytic subunit"
84,BRCA1,BRCA1 DNA repair associated
84,BRIP1,BRCA1 interacting helicase 1
86,COL3A1,collagen type III alpha 1 chain
87,FGFR2,fibroblast growth factor receptor 2
88,TERC,telomerase RNA component
88,IFNG,interferon gamma
88,SBDS,SBDS ribosome maturation factor
88,PRF1,perforin 1
88,TERT,telomerase reverse transcriptase
90,ARG1,arginase 1
91,CYP19A1,cytochrome P450 family 19 subfamily A member 1
93,AGA,aspartylglucosaminidase
95,FXN,frataxin
96,TTPA,alpha tocopherol transfer protein
97,CACNA1A,calcium voltage-gated channel subunit alpha1 A
98,SACS,sacsin molecular chaperone
100,ATM,ATM serine/threonine kinase
101,ATN1,atrophin 1
104,MT-ND6,mitochondrially encoded NADH:ubiquinone oxidoreductase core subunit 6
104,MT-ATP6,mitochondrially encoded ATP synthase membrane subunit 6
104,MT-ND2,mitochondrially encoded NADH:ubiquinone oxidoreductase core subunit 2
104,NDUFS2,NADH:ubiquinone oxidoreductase core subunit S2
104,MT-ND4,mitochondrially encoded NADH:ubiquinone oxidoreductase core subunit 4
104,DNAJC30,DnaJ heat shock protein family (Hsp40) member C30
104,MT-CO1,mitochondrially encoded cytochrome c oxidase I
104,MT-ND4L,mitochondrially encoded NADH:ubiquinone oxidoreductase core subunit 4L
104,MT-ND1,mitochondrially encoded NADH:ubiquinone oxidoreductase core subunit 1
104,MT-CYB,mitochondrially encoded cytochrome b
104,MT-CO3,mitochondrially encoded cytochrome c oxidase III
104,MT-ND5,mitochondrially encoded NADH:ubiquinone oxidoreductase core subunit 5
107,SIX5,SIX homeobox 5
107,EYA1,EYA transcriptional coactivator and phosphatase 1
107,SIX1,SIX homeobox 1
109,PTEN,phosphatase and tensin homolog
110,SDCCAG8,SHH signaling and ciliogenesis regulator SDCCAG8
110,SCAPER,S-phase cyclin A associated protein in the ER
110,CFAP418,cilia and flagella associated protein 418
110,IFT172,intraflagellar transport 172
110,BBIP1,BBSome interacting protein 1
110,WDPCP,WD repeat containing planar cell polarity effector
110,BBS10,Bardet-Biedl syndrome 10
110,TTC8,tetratricopeptide repeat domain 8
110,ARL6,ADP ribosylation factor like GTPase 6
110,BBS12,Bardet-Biedl syndrome 12
110,NPHP1,nephrocystin 1
110,MKKS,MKKS centrosomal shuttling protein
110,MKS1,MKS transition zone complex subunit 1
110,IFT74,intraflagellar transport 74
110,IFT27,intraflagellar transport 27
110,BBS2,Bardet-Biedl syndrome 2
110,BBS4,Bardet-Biedl syndrome 4
110,BBS5,Bardet-Biedl syndrome 5
110,SCLT1,sodium channel and clathrin linker 1
110,BBS7,Bardet-Biedl syndrome 7
110,BBS9,Bardet-Biedl syndrome 9
110,CEP19,centrosomal protein 19
110,CEP290,centrosomal protein 290
110,TRIM32,tripartite motif containing 32
110,BBS1,Bardet-Biedl syndrome 1
110,LZTFL1,leucine zipper transcription factor like 1
111,TAFAZZIN,"tafazzin, phospholipid-lysophospholipid transacylase"
115,FBN2,fibrillin 2
117,TLR4,toll like receptor 4
117,ERAP1,endoplasmic reticulum aminopeptidase 1
117,IFNGR1,interferon gamma receptor 1
117,CCR1,C-C motif chemokine receptor 1
117,UBAC2,UBA domain containing 2
117,HLA-B,"major histocompatibility complex, class I, B"
117,IL12A-AS1,IL12A antisense RNA 1
117,IL10,interleukin 10
117,IL23R,interleukin 23 receptor
117,STAT4,signal transducer and activator of transcription 4
117,MEFV,"MEFV innate immunity regulator, pyrin"
117,FAS,Fas cell surface death receptor
117,C4A,complement C4A (Chido/Rodgers blood group)
117,IL12A,interleukin 12A
117,KLRC4,killer cell lectin like receptor C4
118,MANBA,mannosidase beta
119,SGCB,sarcoglycan beta
122,FLCN,folliculin
122,PRDM10,PR/SET domain 10
123,BCS1L,"BCS1 homolog, ubiquinol-cytochrome c reductase complex chaperone"
124,RPL9,ribosomal protein L9
124,RPS27,ribosomal protein S27
124,RPL8,ribosomal protein L8
124,RPL15,ribosomal protein L15
124,RPL18,ribosomal protein L18
124,RPL5,ribosomal protein L5
124,RPL35,ribosomal protein L35
124,RPL26,ribosomal protein L26
124,RPL35A,ribosomal protein L35a
124,RPS28,ribosomal protein S28
124,TSR2,TSR2 ribosome maturation factor
124,RPS20,ribosomal protein S20
124,RPL31,ribosomal protein L31
124,RPL27,ribosomal protein L27
124,RPS29,ribosomal protein S29
124,HEATR3,HEAT repeat containing 3
124,RPS26,ribosomal protein S26
124,RPS24,ribosomal protein S24
124,RPL11,ribosomal protein L11
124,ADA2,adenosine deaminase 2
124,RPS19,ribosomal protein S19
124,RPS10,ribosomal protein S10
124,RPS17,ribosomal protein S17
124,GATA1,GATA binding protein 1
124,RPS7,ribosomal protein S7
124,RPS15A,ribosomal protein S15a
125,BLM,BLM RecQ like helicase
127,PHF6,PHD finger protein 6
130,KCNE5,potassium voltage-gated channel subfamily E regulatory subunit 5
130,SCN10A,sodium voltage-gated channel alpha subunit 10
130,AKAP9,A-kinase anchoring protein 9
130,SCN5A,sodium voltage-gated channel alpha subunit 5
130,CACNA1C,calcium voltage-gated channel subunit alpha1 C
130,SCN3B,sodium voltage-gated channel beta subunit 3
130,HCN4,hyperpolarization activated cyclic nucleotide gated potassium channel 4
130,SCN1B,sodium voltage-gated channel beta subunit 1
130,SCN2B,sodium voltage-gated channel beta subunit 2
130,KCNE3,potassium voltage-gated channel subfamily E regulatory subunit 3
130,KCND3,potassium voltage-gated channel subfamily D member 3
130,SEMA3A,semaphorin 3A
130,SCNN1A,sodium channel epithelial 1 subunit alpha
130,CACNB2,calcium voltage-gated channel auxiliary subunit beta 2
130,GPD1L,glycerol-3-phosphate dehydrogenase 1 like
130,KCNJ8,potassium inwardly rectifying channel subfamily J member 8
130,PKP2,plakophilin 2
130,SLMAP,sarcolemma associated protein
130,TRPM4,transient receptor potential cation channel subfamily M member 4
130,ABCC9,ATP binding cassette subfamily C member 9
130,RANGRF,RAN guanine nucleotide release factor
130,CACNA2D1,calcium voltage-gated channel auxiliary subunit alpha2delta 1
131,JAK2,Janus kinase 2
131,CALR,calreticulin
131,F5,coagulation factor V
132,BCHE,butyrylcholinesterase
133,HLA-DPB1,"major histocompatibility complex, class II, DP beta 1"
134,ACAT1,acetyl-CoA acetyltransferase 1
136,NOTCH3,notch receptor 3
138,CHD7,chromodomain helicase DNA binding protein 7
138,SEMA3E,semaphorin 3E
139,NSDHL,NAD(P) dependent steroid dehydrogenase-like
140,SOX9,SRY-box transcription factor 9
143,CDC73,cell division cycle 73
144,PMS1,"PMS1 homolog 1, mismatch repair system component"
144,PIK3CA,"phosphatidylinositol-4,5-bisphosphate 3-kinase catalytic subunit alpha"
144,EPCAM,epithelial cell adhesion molecule
144,PMS2,"PMS1 homolog 2, mismatch repair system component"
144,KRAS,"KRAS proto-oncogene, GTPase"
144,MSH2,mutS homolog 2
144,MSH6,mutS homolog 6
144,MLH1,mutL homolog 1
144,TGFBR2,transforming growth factor beta receptor 2
145,NBN,nibrin
145,TP53,tumor protein p53
145,CHEK2,checkpoint kinase 2
145,PALB2,partner and localizer of BRCA2
145,BRCA1,BRCA1 DNA repair associated
145,BARD1,BRCA1 associated RING domain 1
145,RAD50,RAD50 double strand break repair protein
145,PTEN,phosphatase and tensin homolog
145,MRE11,"MRE11 homolog, double strand break repair nuclease"
145,BRIP1,BRCA1 interacting helicase 1
145,BRCA2,BRCA2 DNA repair associated
145,RAD51,RAD51 recombinase
145,RAD51D,RAD51 paralog D
145,RAD51C,RAD51 paralog C
146,NTRK3,neurotrophic receptor tyrosine kinase 3
146,NTRK1,neurotrophic receptor tyrosine kinase 1
146,KRAS,"KRAS proto-oncogene, GTPase"
146,TERT,telomerase reverse transcriptase
146,BRAF,"B-Raf proto-oncogene, serine/threonine kinase"
146,NDUFA13,NADH:ubiquinone oxidoreductase subunit A13
146,DIRC3,disrupted in renal carcinoma 3
146,TRIM27,tripartite motif containing 27
146,HRAS,"HRas proto-oncogene, GTPase"
146,ERC1,ELKS/RAB6-interacting/CAST family member 1
146,LPAR4,lysophosphatidic acid receptor 4
146,FOXE1,forkhead box E1
146,PCM1,pericentriolar material 1
146,NKX2-1,NK2 homeobox 1
146,TFG,trafficking from ER to golgi regulator
146,PPARG,peroxisome proliferator activated receptor gamma
146,CCDC6,coiled-coil domain containing 6
146,ETV6,ETS variant transcription factor 6
146,TRIM24,tripartite motif containing 24
146,NRAS,"NRAS proto-oncogene, GTPase"
146,TPR,"translocated promoter region, nuclear basket protein"
146,NCOA4,nuclear receptor coactivator 4
146,PAX8,paired box 8
146,TRIM33,tripartite motif containing 33
146,GAS8-AS1,GAS8 antisense RNA 1
146,ALK,ALK receptor tyrosine kinase
146,RET,ret proto-oncogene
146,EIF1AX,eukaryotic translation initiation factor 1A X-linked
146,GOLGA5,golgin A5
147,CPS1,carbamoyl-phosphate synthase 1
150,NFKBIA,NFKB inhibitor alpha
154,LMNA,lamin A/C
154,GATAD1,GATA zinc finger domain containing 1
154,TTN,titin
154,DES,desmin
154,CAP2,cyclase associated actin cytoskeleton regulatory protein 2
154,MYPN,myopalladin
154,MYH6,myosin heavy chain 6
154,RPL3L,ribosomal protein L3 like
154,CSRP3,cysteine and glycine rich protein 3
154,MYBPC3,myosin binding protein C3
154,LMOD2,leiomodin 2
154,TCAP,titin-cap
154,PSEN2,presenilin 2
154,PSEN1,presenilin 1
154,CRYAB,crystallin alpha B
154,LAMA4,laminin subunit alpha 4
154,MYH7,myosin heavy chain 7
154,DSG2,desmoglein 2
154,VEZF1,vascular endothelial zinc finger 1
154,ANKRD1,ankyrin repeat domain 1
154,RAF1,"Raf-1 proto-oncogene, serine/threonine kinase"
154,RBM20,RNA binding motif protein 20
154,TNNC1,"troponin C1, slow skeletal and cardiac type"
154,ABCC9,ATP binding cassette subfamily C member 9
154,PLN,phospholamban
154,NEXN,nexilin F-actin binding protein
154,GET3,"guided entry of tail-anchored proteins factor 3, ATPase"
154,DMD,dystrophin
154,TAFAZZIN,"tafazzin, phospholipid-lysophospholipid transacylase"
154,HAND2,heart and neural crest derivatives expressed 2
154,FHL2,four and a half LIM domains 2
154,ACTN2,actinin alpha 2
154,ACTC1,actin alpha cardiac muscle 1
154,PRDM16,PR/SET domain 16
154,SCN5A,sodium voltage-gated channel alpha subunit 5
154,SDHA,succinate dehydrogenase complex flavoprotein subunit A
154,FKTN,fukutin
154,TAF1A,"TATA-box binding protein associated factor, RNA polymerase I subunit A"
154,TPM1,tropomyosin 1
154,TNNI3,"troponin I3, cardiac type"
154,DSP,desmoplakin
154,SGCD,sarcoglycan delta
154,JPH2,junctophilin 2
154,LDB3,LIM domain binding 3
154,TXNRD2,thioredoxin reductase 2
154,TNNT2,"troponin T2, cardiac type"
154,TMPO,thymopoietin
154,BAG5,BAG cochaperone 5
154,VCL,vinculin
154,DOLK,dolichol kinase
154,PPCS,phosphopantothenoylcysteine synthetase
154,BAG3,BAG cochaperone 3
156,CPT1A,carnitine palmitoyltransferase 1A
158,SLC22A5,solute carrier family 22 member 5
159,SLC25A20,solute carrier family 25 member 20
162,PITX3,paired like homeodomain 3
163,FTL,ferritin light chain
167,LYST,lysosomal trafficking regulator
170,KRT74,keratin 74
170,KRT25,keratin 25
170,KRT71,keratin 71
170,LPAR6,lysophosphatidic acid receptor 6
170,LIPH,lipase H
171,GPR35,G protein-coupled receptor 35
171,MST1,macrophage stimulating 1
171,SEMA4D,semaphorin 4D
171,TCF4,transcription factor 4
174,COL10A1,collagen type X alpha 1 chain
175,RMRP,RNA component of mitochondrial RNA processing endoribonuclease
178,BRCA2,BRCA2 DNA repair associated
178,PALB2,partner and localizer of BRCA2
178,TBXT,T-box transcription factor T
179,HLA-A,"major histocompatibility complex, class I, A"
180,CHM,CHM Rab escort protein
181,EDA2R,ectodysplasin A2 receptor
181,EDA,ectodysplasin A
184,SH3BP2,SH3 domain binding protein 2
186,MMEL1,membrane metalloendopeptidase like 1
186,TNPO3,transportin 3
186,TNFSF15,TNF superfamily member 15
186,IL12A,interleukin 12A
186,IL12RB1,interleukin 12 receptor subunit beta 1
186,IRF5,interferon regulatory factor 5
186,SPIB,Spi-B transcription factor
186,POU2AF1,POU class 2 homeobox associating factor 1
189,GJB6,gap junction protein beta 6
190,NDP,norrin cystine knot growth factor NDP
192,RPS6KA3,ribosomal protein S6 kinase A3
193,VPS13B,vacuolar protein sorting 13 homolog B
198,ATP7A,ATPase copper transporting alpha
199,TAF6,TATA-box binding protein associated factor 6
199,BRD4,bromodomain containing 4
199,SMC1A,structural maintenance of chromosomes 1A
199,SMC3,structural maintenance of chromosomes 3
199,RAD21,RAD21 cohesin complex component
199,HDAC8,histone deacetylase 8
199,NIPBL,NIPBL cohesin loading factor
201,SEC23B,"SEC23 homolog B, COPII coat complex component"
201,KLLN,"killin, p53 regulated DNA replication inhibitor"
201,AKT1,AKT serine/threonine kinase 1
201,PIK3CA,"phosphatidylinositol-4,5-bisphosphate 3-kinase catalytic subunit alpha"
201,SDHB,succinate dehydrogenase complex iron sulfur subunit B
201,PTEN,phosphatase and tensin homolog
201,SDHC,succinate dehydrogenase complex subunit C
201,USF3,upstream transcription factor family member 3
201,SDHD,succinate dehydrogenase complex subunit D
207,FGFR2,fibroblast growth factor receptor 2
207,ERF,ETS2 repressor factor
211,CYLD,CYLD lysine 63 deubiquitinase
212,CTH,cystathionine gamma-lyase
215,GNB3,G protein subunit beta 3
215,SAG,S-antigen visual arrestin
215,GPR179,G protein-coupled receptor 179
215,CACNA1F,calcium voltage-gated channel subunit alpha1 F
215,TRPM1,transient receptor potential cation channel subfamily M member 1
215,RHO,rhodopsin
215,GRK1,G protein-coupled receptor kinase 1
215,SLC24A1,solute carrier family 24 member 1
215,CABP4,calcium binding protein 4
215,CACNA2D4,calcium voltage-gated channel auxiliary subunit alpha2delta 4
215,GNAT1,G protein subunit alpha transducin 1
215,GRM6,glutamate metabotropic receptor 6
215,NYX,nyctalopin
215,PDE6B,phosphodiesterase 6B
215,LRIT3,"leucine rich repeat, Ig-like and transmembrane domains 3"
218,ATP2A2,ATPase sarcoplasmic/endoplasmic reticulum Ca2+ transporting 2
219,SGCD,sarcoglycan delta
220,WT1,WT1 transcription factor
223,AVPR2,arginine vasopressin receptor 2
223,AQP2,aquaporin 2
226,QDPR,quinoid dihydropteridine reductase
229,MYH11,myosin heavy chain 11
230,DBH,dopamine beta-hydroxylase
232,HBB,hemoglobin subunit beta
233,SALL4,spalt like transcription factor 4
233,CHN1,chimerin 1
233,MAFB,MAF bZIP transcription factor B
234,ABCC2,ATP binding cassette subfamily C member 2
235,LIG4,DNA ligase 4
235,NSUN2,NOP2/Sun RNA methyltransferase 2
239,DYM,dymeclin
240,SHOX,SHOX homeobox
241,ABCB6,ATP binding cassette subfamily B member 6 (LAN blood group)
242,SOX9,SRY-box transcription factor 9
242,DHX37,DEAH-box helicase 37
242,DHH,desert hedgehog signaling molecule
242,DMRT1,doublesex and mab-3 related transcription factor 1
242,SRY,sex determining region Y
242,WT1,WT1 transcription factor
242,MAP3K1,mitogen-activated protein kinase kinase kinase 1
242,NR0B1,nuclear receptor subfamily 0 group B member 1
242,NR5A1,nuclear receptor subfamily 5 group A member 1
242,CBX2,chromobox 2
243,NUP107,nucleoporin 107
243,NR5A1,nuclear receptor subfamily 5 group A member 1
243,MRPS22,mitochondrial ribosomal protein S22
243,PSMC3IP,PSMC3 interacting protein
243,FSHR,follicle stimulating hormone receptor
243,BMP15,bone morphogenetic protein 15
243,BNC1,basonuclin zinc finger protein 1
243,ZSWIM7,zinc finger SWIM-type containing 7
243,POLR3H,RNA polymerase III subunit H
243,MSH4,mutS homolog 4
243,SPIDR,scaffold protein involved in DNA repair
244,DNAH11,dynein axonemal heavy chain 11
244,DNAH1,dynein axonemal heavy chain 1
244,DNAAF5,dynein axonemal assembly factor 5
244,DNAAF3,dynein axonemal assembly factor 3
244,NME8,NME/NM23 family member 8
244,RSPH9,radial spoke head component 9
244,DNAAF4,dynein axonemal assembly factor 4
244,LRRC56,leucine rich repeat containing 56
244,NEK10,NIMA related kinase 10
244,CCNO,cyclin O
244,DNAAF2,dynein axonemal assembly factor 2
244,DNAAF11,dynein axonemal assembly factor 11
244,STK36,serine/threonine kinase 36
244,RSPH1,radial spoke head component 1
244,DNAAF1,dynein axonemal assembly factor 1
244,RSPH3,radial spoke head 3
244,CFAP221,cilia and flagella associated protein 221
244,CFAP298,cilia and flagella associated protein 298
244,HYDIN,HYDIN axonemal central pair apparatus protein
244,CFAP300,cilia and flagella associated protein 300
244,NME5,NME/NM23 family member 5
244,CFAP74,cilia and flagella associated protein 74
244,RSPH4A,radial spoke head component 4A
244,DNAH5,dynein axonemal heavy chain 5
244,DNAI2,dynein axonemal intermediate chain 2
244,DNAI1,dynein axonemal intermediate chain 1
244,GAS8,growth arrest specific 8
244,SPEF2,sperm flagellar 2
244,RPGR,retinitis pigmentosa GTPase regulator
244,CCDC39,coiled-coil domain 39 molecular ruler complex subunit
244,CCDC40,coiled-coil domain 40 molecular ruler complex subunit
244,CCDC103,coiled-coil domain containing 103
244,SPAG1,sperm associated antigen 1
244,ODAD4,outer dynein arm docking complex subunit 4
244,CCDC65,coiled-coil domain containing 65
244,ODAD3,outer dynein arm docking complex subunit 3
244,DNAH9,dynein axonemal heavy chain 9
244,ODAD1,outer dynein arm docking complex subunit 1
244,FOXJ1,forkhead box J1
244,ODAD2,outer dynein arm docking complex subunit 2
244,TTC12,tetratricopeptide repeat domain 12
244,ZMYND10,zinc finger MYND-type containing 10
244,GAS2L2,growth arrest specific 2 like 2
244,DNAJB13,DnaJ heat shock protein family (Hsp40) member B13
244,DNAL1,dynein axonemal light chain 1
244,DRC1,dynein regulatory complex subunit 1
244,OFD1,OFD1 centriole and centriolar satellite protein
244,MCIDAS,multiciliate differentiation and DNA synthesis associated cell cycle protein
244,DNAAF6,PIH1 domain containing 3
245,SF3B4,splicing factor 3b subunit 4
246,DHODH,dihydroorotate dehydrogenase (quinone)
248,EDAR,ectodysplasin A receptor
248,EDARADD,EDAR associated via death domain
248,WNT10A,Wnt family member 10A
248,CSTB,cystatin B
256,TOR1A,torsin family 1 member A
256,SHQ1,"SHQ1, H/ACA ribonucleoprotein assembly factor"
256,EIF2AK2,eukaryotic translation initiation factor 2 alpha kinase 2
257,PLEC,plectin
258,LAMA2,laminin subunit alpha 2
266,MYOT,myotilin
267,CAPN3,calpain 3
268,DYSF,dysferlin
269,FRG1,FSHD region gene 1
269,DUX4,double homeobox 4
269,DUX4L1,double homeobox 4 like 1 (pseudogene)
269,SMCHD1,structural maintenance of chromosomes flexible hinge domain containing 1
269,DNMT3B,DNA methyltransferase 3 beta
269,SMCHD1,structural maintenance of chromosomes flexible hinge domain containing 1
270,PABPN1,poly(A) binding protein nuclear 1
272,FKTN,fukutin
274,GP1BA,glycoprotein Ib platelet subunit alpha
274,GP9,glycoprotein IX platelet
274,GP1BB,glycoprotein Ib platelet subunit beta
275,DCLRE1C,DNA cross-link repair 1C
276,IL2RG,interleukin 2 receptor subunit gamma
277,ADA,adenosine deaminase
280,CPLX1,complexin 1
280,CTBP1,C-terminal binding protein 1
280,LETM1,leucine zipper and EF-hand containing transmembrane protein 1
280,PIGG,phosphatidylinositol glycan anchor biosynthesis class G (EMM blood group)
280,NELFA,negative elongation factor complex member A
280,NSD2,nuclear receptor binding SET domain protein 2
281,SEMA5A,semaphorin 5A
281,CTNND2,catenin delta 2
286,COL3A1,collagen type III alpha 1 chain
287,COL1A1,collagen type I alpha 1 chain
287,COL5A2,collagen type V alpha 2 chain
287,COL5A1,collagen type V alpha 1 chain
288,EPB41,erythrocyte membrane protein band 4.1
288,GYPC,glycophorin C (Gerbich blood group)
288,SPTB,"spectrin beta, erythrocytic"
288,SPTA1,"spectrin alpha, erythrocytic 1"
289,DYNC2LI1,dynein cytoplasmic 2 light intermediate chain 1
289,PRKACA,protein kinase cAMP-activated catalytic subunit alpha
289,GLI1,GLI family zinc finger 1
289,EVC2,EvC ciliary complex subunit 2
289,EVC,EvC ciliary complex subunit 1
289,PRKACB,protein kinase cAMP-activated catalytic subunit beta
296,PTH1R,parathyroid hormone 1 receptor
296,IDH2,isocitrate dehydrogenase (NADP(+)) 2
296,IDH1,isocitrate dehydrogenase (NADP(+)) 1
298,POLG,"DNA polymerase gamma, catalytic subunit"
298,RRM2B,ribonucleotide reductase regulatory TP53 inducible subunit M2B
298,LIG3,DNA ligase 3
298,TYMP,thymidine phosphorylase
300,EHHADH,enoyl-CoA hydratase and 3-hydroxyacyl CoA dehydrogenase
300,HSD17B4,hydroxysteroid 17-beta dehydrogenase 4
302,TMC8,transmembrane channel like 8
302,TMC6,transmembrane channel like 6
302,IL7,interleukin 7
302,CIB1,calcium and integrin binding 1
306,KCNQ3,potassium voltage-gated channel subfamily Q member 3
306,KCNQ2,potassium voltage-gated channel subfamily Q member 2
306,PRRT2,proline rich transmembrane protein 2
306,SCN8A,sodium voltage-gated channel alpha subunit 8
306,SCN2A,sodium voltage-gated channel alpha subunit 2
307,GABRD,gamma-aminobutyric acid type A receptor subunit delta
307,CILK1,ciliogenesis associated kinase 1
307,CLCN2,chloride voltage-gated channel 2
307,GABRA1,gamma-aminobutyric acid type A receptor subunit alpha1
307,KCNQ3,potassium voltage-gated channel subfamily Q member 3
307,CACNB4,calcium voltage-gated channel auxiliary subunit beta 4
307,EFHC1,EF-hand domain containing 1
307,JRK,Jrk helix-turn-helix protein
308,PRICKLE1,prickle planar cell polarity protein 1
308,SCARB2,scavenger receptor class B member 2
308,CSTB,cystatin B
312,KRT10,keratin 10
312,KRT1,keratin 1
313,SULT2B1,sulfotransferase family 2B member 1
313,NIPAL4,NIPA like domain containing 4
313,ALOXE3,arachidonate lipoxygenase 3
313,ALOX12B,"arachidonate 12-lipoxygenase, 12R type"
313,LIPN,lipase family member N
313,ASPRV1,aspartic peptidase retroviral like 1
313,TGM1,transglutaminase 1
313,ABCA12,ATP binding cassette subfamily A member 12
313,CYP4F22,cytochrome P450 family 4 subfamily F member 22
313,SDR9C7,short chain dehydrogenase/reductase family 9C member 7
316,KDSR,3-ketodihydrosphingosine reductase
316,LORICRIN,loricrin cornified envelope precursor protein
316,KRT83,keratin 83
316,TRPM4,transient receptor potential cation channel subfamily M member 4
317,GJB3,gap junction protein beta 3
317,KDSR,3-ketodihydrosphingosine reductase
317,GJB4,gap junction protein beta 4
317,GJA1,gap junction protein alpha 1
319,EWSR1,EWS RNA binding protein 1
319,FLI1,"Fli-1 proto-oncogene, ETS transcription factor"
319,ETV4,ETS variant transcription factor 4
319,ETV1,ETS variant transcription factor 1
319,ERG,ETS transcription factor ERG
320,HSD11B2,hydroxysteroid 11-beta dehydrogenase 2
321,EXT2,exostosin glycosyltransferase 2
321,EXT1,exostosin glycosyltransferase 1
324,GLA,galactosidase alpha
325,F2,"coagulation factor II, thrombin"
326,F5,coagulation factor V
327,F7,coagulation factor VII
328,F10,coagulation factor X
329,F11,coagulation factor XI
330,F12,coagulation factor XII
331,F13B,coagulation factor XIII B chain
331,F13A1,coagulation factor XIII A chain
332,CBLIF,cobalamin binding intrinsic factor
333,ASAH1,N-acylsphingosine amidohydrolase 1
334,SCN1B,sodium voltage-gated channel beta subunit 1
334,GJA5,gap junction protein alpha 5
334,GATA4,GATA binding protein 4
334,KCNQ1,potassium voltage-gated channel subfamily Q member 1
334,SCN5A,sodium voltage-gated channel alpha subunit 5
334,GATA6,GATA binding protein 6
334,KCNE1,potassium voltage-gated channel subfamily E regulatory subunit 1
334,GATA5,GATA binding protein 5
334,KCNA5,potassium voltage-gated channel subfamily A member 5
334,KCNJ5,potassium inwardly rectifying channel subfamily J member 5
334,KCNJ3,potassium inwardly rectifying channel subfamily J member 3
334,KCNE2,potassium voltage-gated channel subfamily E regulatory subunit 2
334,KCNJ2,potassium inwardly rectifying channel subfamily J member 2
334,NKX2-5,NK2 homeobox 5
334,PITX2,paired like homeodomain 2
334,NUP155,nucleoporin 155
334,NPPA,natriuretic peptide A
334,NKX2-6,NK2 homeobox 6
334,ABCC9,ATP binding cassette subfamily C member 9
334,SCN4B,sodium voltage-gated channel beta subunit 4
334,TTN,titin
334,SCN3B,sodium voltage-gated channel beta subunit 3
334,MYL4,myosin light chain 4
334,SCN2B,sodium voltage-gated channel beta subunit 2
337,ACVR1,activin A receptor type 1
342,MEFV,"MEFV innate immunity regulator, pyrin"
343,MVK,mevalonate kinase
347,WT1,WT1 transcription factor
348,FBP1,fructose-bisphosphatase 1
349,FUCA1,alpha-L-fucosidase 1
351,CTSA,cathepsin A
353,SGCG,sarcoglycan gamma
356,PRNP,prion protein (Kanno blood group)
358,CLCNKB,chloride voltage-gated channel Kb
358,SLC12A3,solute carrier family 12 member 3
361,STAR,steroidogenic acute regulatory protein
361,MC2R,melanocortin 2 receptor
361,MRAP,melanocortin 2 receptor accessory protein
361,TXNRD2,thioredoxin reductase 2
361,NNT,nicotinamide nucleotide transhydrogenase
366,AGL,"amylo-alpha-1, 6-glucosidase, 4-alpha-glucanotransferase"
368,PYGM,"glycogen phosphorylase, muscle associated"
369,PYGL,glycogen phosphorylase L
371,PFKM,"phosphofructokinase, muscle"
373,GPC3,glypican 3
373,GPC4,glypican 4
376,PIEZO2,piezo type mechanosensitive ion channel component 2
377,SUFU,SUFU negative regulator of hedgehog signaling
377,PTCH2,patched 2
377,PTCH1,patched 1
379,CYBC1,cytochrome b-245 chaperone 1
379,CYBB,cytochrome b-245 beta chain
379,CYBA,cytochrome b-245 alpha chain
379,NCF1,neutrophil cytosolic factor 1
379,NCF2,neutrophil cytosolic factor 2
379,NCF4,neutrophil cytosolic factor 4
380,GLI3,GLI family zinc finger 3
382,GAMT,guanidinoacetate N-methyltransferase
384,SMARCAD1,"SWI/SNF-related, matrix-associated actin-dependent regulator of chromatin, subfamily a, containing DEAD/H box 1"
388,SREBF1,sterol regulatory element binding transcription factor 1
388,SEMA3D,semaphorin 3D
388,RET,ret proto-oncogene
388,SMO,"smoothened, frizzled class receptor"
388,ERBB3,erb-b2 receptor tyrosine kinase 3
388,GDNF,glial cell derived neurotrophic factor
388,EDN3,endothelin 3
388,NRTN,neurturin
388,ECE1,endothelin converting enzyme 1
388,EDNRB,endothelin receptor type B
388,ABCD1,ATP binding cassette subfamily D member 1
388,ATP7A,ATPase copper transporting alpha
388,ERBB2,erb-b2 receptor tyrosine kinase 2
388,SEMA3C,semaphorin 3C
389,MAP2K1,mitogen-activated protein kinase kinase 1
389,NRAS,"NRAS proto-oncogene, GTPase"
389,BRAF,"B-Raf proto-oncogene, serine/threonine kinase"
392,TBX5,T-box transcription factor 5
393,NR5A1,nuclear receptor subfamily 5 group A member 1
393,NR0B1,nuclear receptor subfamily 0 group B member 1
393,SOX9,SRY-box transcription factor 9
393,SOX3,SRY-box transcription factor 3
393,SRY,sex determining region Y
394,CBS,cystathionine beta-synthase
395,MTHFR,methylenetetrahydrofolate reductase
397,HLA-DRB1,"major histocompatibility complex, class II, DR beta 1"
397,HLA-B,"major histocompatibility complex, class I, B"
397,P4HA2,prolyl 4-hydroxylase subunit alpha 2
397,PTPN22,protein tyrosine phosphatase non-receptor type 22
399,HTT,huntingtin
399,SLC2A3,solute carrier family 2 member 3
403,CYP11B1,cytochrome P450 family 11 subfamily B member 1
403,CYP11B2,cytochrome P450 family 11 subfamily B member 2
404,CLCN2,chloride voltage-gated channel 2
412,APOE,apolipoprotein E
414,OAT,ornithine aminotransferase
415,SLC25A15,solute carrier family 25 member 15
417,CASR,calcium sensing receptor
417,TRPV6,transient receptor potential cation channel subfamily V member 6
419,PRODH,proline dehydrogenase 1
423,CACNA1S,calcium voltage-gated channel subunit alpha1 S
423,RYR1,ryanodine receptor 1
424,TSHR,thyroid stimulating hormone receptor
425,ABCA1,ATP binding cassette subfamily A member 1
425,APOA1,apolipoprotein A1
428,GNA11,G protein subunit alpha 11
428,CASR,calcium sensing receptor
429,FGFR3,fibroblast growth factor receptor 3
432,SPRY4,sprouty RTK signaling antagonist 4
432,KISS1R,KISS1 receptor
432,NHLH2,nescient helix-loop-helix 2
432,FGFR1,fibroblast growth factor receptor 1
432,KISS1,KiSS-1 metastasis suppressor
432,TACR3,tachykinin receptor 3
432,PROK2,prokineticin 2
432,PROKR2,prokineticin receptor 2
432,DUSP6,dual specificity phosphatase 6
432,FGF8,fibroblast growth factor 8
432,TAC3,tachykinin precursor 3
432,GNRH1,gonadotropin releasing hormone 1
432,GNRHR,gonadotropin releasing hormone receptor
432,NSMF,NMDA receptor synaptonuclear signaling and neuronal migration factor
432,HS6ST1,heparan sulfate 6-O-sulfotransferase 1
432,WDR11,WD repeat domain 11
432,FGF17,fibroblast growth factor 17
432,CHD7,chromodomain helicase DNA binding protein 7
444,EPS8L3,EPS8 signaling adaptor L3
444,HR,HR lysine demethylase and nuclear receptor corepressor
447,PIGA,phosphatidylinositol glycan anchor biosynthesis class A
452,ARX,aristaless related homeobox
455,KRT2,keratin 2
457,ABCA12,ATP binding cassette subfamily A member 12
461,FLG,filaggrin
461,STS,steroid sulfatase
464,IKBKG,inhibitor of nuclear factor kappa B kinase regulatory subunit gamma
465,SERPINE1,serpin family E member 1
466,PRNP,prion protein (Kanno blood group)
469,ALDOB,"aldolase, fructose-bisphosphate B"
470,SLC7A7,solute carrier family 7 member 7
474,DYNC2H1,dynein cytoplasmic 2 heavy chain 1
474,DYNC2LI1,dynein cytoplasmic 2 light intermediate chain 1
474,WDR19,WD repeat domain 19
474,TTC21B,tetratricopeptide repeat domain 21B
474,DYNC2I1,dynein 2 intermediate chain 1
474,KIAA0753,KIAA0753
474,IFT80,intraflagellar transport 80
474,IFT172,intraflagellar transport 172
474,IFT140,intraflagellar transport 140
474,DYNC2I2,dynein 2 intermediate chain 2
474,CEP120,centrosomal protein 120
475,CBY1,"chibby 1, beta catenin antagonist"
475,CSPP1,centrosome and spindle pole associated protein 1
475,KIAA0586,KIAA0586
475,CEP41,centrosomal protein 41
475,CEP120,centrosomal protein 120
475,ARMC9,armadillo repeat containing 9
475,PDE6D,phosphodiesterase 6D
475,B9D2,B9 domain containing 2
475,B9D1,B9 domain containing 1
475,HYLS1,HYLS1 centriolar and ciliogenesis associated
475,AHI1,Abelson helper integration site 1
475,CEP104,centrosomal protein 104
475,PIBF1,progesterone immunomodulatory binding factor 1
475,CPLANE1,ciliogenesis and planar polarity effector complex subunit 1
475,TCTN3,tectonic family member 3
475,TCTN1,tectonic family member 1
475,TCTN2,tectonic family member 2
475,KIAA0753,KIAA0753
475,IFT74,intraflagellar transport 74
475,TMEM237,transmembrane protein 237
475,MKS1,MKS transition zone complex subunit 1
475,KATNIP,katanin interacting protein
475,TMEM67,transmembrane protein 67
475,SUFU,SUFU negative regulator of hedgehog signaling
475,TOGARAM1,TOG array regulator of axonemal microtubules 1
475,OFD1,OFD1 centriole and centriolar satellite protein
475,ARL3,ADP ribosylation factor like GTPase 3
475,INPP5E,inositol polyphosphate-5-phosphatase E
475,ARL13B,ADP ribosylation factor like GTPase 13B
475,TMEM218,transmembrane protein 218
477,GJB6,gap junction protein beta 6
477,GJB2,gap junction protein beta 2
478,HS6ST1,heparan sulfate 6-O-sulfotransferase 1
478,PROKR2,prokineticin receptor 2
478,SPRY4,sprouty RTK signaling antagonist 4
478,IL17RD,interleukin 17 receptor D
478,CCDC141,coiled-coil domain containing 141
478,CCDC141,coiled-coil domain containing 141
478,CHD7,chromodomain helicase DNA binding protein 7
478,WDR11,WD repeat domain 11
478,NDNF,neuron derived neurotrophic factor
478,TACR3,tachykinin receptor 3
478,HESX1,HESX homeobox 1
478,DCC,DCC netrin 1 receptor
478,FEZF1,FEZ family zinc finger 1
478,SEMA3A,semaphorin 3A
478,DUSP6,dual specificity phosphatase 6
478,SOX10,SRY-box transcription factor 10
478,ANOS1,anosmin 1
478,FLRT3,fibronectin leucine rich transmembrane protein 3
478,FGFR1,fibroblast growth factor receptor 1
478,FGF8,fibroblast growth factor 8
478,PROK2,prokineticin 2
478,FGF17,fibroblast growth factor 17
480,RRM2B,ribonucleotide reductase regulatory TP53 inducible subunit M2B
480,MT-TL1,mitochondrially encoded tRNA-Leu (UUA/G) 1
480,MT-ATP8,mitochondrially encoded ATP synthase membrane subunit 8
481,AR,androgen receptor
483,KNG1,kininogen 1
485,COL2A1,collagen type II alpha 1 chain
486,SRP19,signal recognition particle 19
486,ELANE,"elastase, neutrophil expressed"
486,GFI1,growth factor independent 1 transcriptional repressor
486,TCIRG1,"T cell immune regulator 1, ATPase H+ transporting V0 subunit a3"
486,CLPB,ClpB family mitochondrial disaggregase
494,GJB2,gap junction protein beta 2
500,BRAF,"B-Raf proto-oncogene, serine/threonine kinase"
500,PTPN11,protein tyrosine phosphatase non-receptor type 11
500,RAF1,"Raf-1 proto-oncogene, serine/threonine kinase"
501,EPM2A,"EPM2A glucan phosphatase, laforin"
501,NHLRC1,NHL repeat containing E3 ubiquitin protein ligase 1
502,RAD21,RAD21 cohesin complex component
502,EXT1,exostosin glycosyltransferase 1
502,TRPS1,transcriptional repressor GATA binding 1
503,FLNB,filamin B
505,HLA-DRA,"major histocompatibility complex, class II, DR alpha"
508,INSR,insulin receptor
510,HPRT1,hypoxanthine phosphoribosyltransferase 1
520,STAT5B,signal transducer and activator of transcription 5B
520,PRKAR1A,protein kinase cAMP-dependent type I regulatory subunit alpha
520,STAT3,signal transducer and activator of transcription 3
520,NPM1,nucleophosmin 1
520,RARA,retinoic acid receptor alpha
520,NABP1,nucleic acid binding protein 1
520,FIP1L1,factor interacting with PAPOLA and CPSF1
520,ZBTB16,zinc finger and BTB domain containing 16
520,PML,PML nuclear body scaffold
520,NUMA1,nuclear mitotic apparatus protein 1
520,IRF2BP2,interferon regulatory factor 2 binding protein 2
520,TBL1XR1,TBL1X/Y related 1
520,BCOR,BCL6 corepressor
521,ABL1,"ABL proto-oncogene 1, non-receptor tyrosine kinase"
521,BCR,BCR activator of RhoGEF and GTPase
521,RUNX1,RUNX family transcription factor 1
523,FH,fumarate hydratase
524,CDKN2A,cyclin dependent kinase inhibitor 2A
524,TP53,tumor protein p53
524,MDM2,MDM2 proto-oncogene
524,CHEK2,checkpoint kinase 2
526,SCNN1G,sodium channel epithelial 1 subunit gamma
526,SCNN1A,sodium channel epithelial 1 subunit alpha
526,SCNN1B,sodium channel epithelial 1 subunit beta
528,CAVIN1,caveolae associated protein 1
528,CAV1,caveolin 1
528,AGPAT2,1-acylglycerol-3-phosphate O-acyltransferase 2
528,FOS,"Fos proto-oncogene, AP-1 transcription factor subunit"
528,PPARG,peroxisome proliferator activated receptor gamma
528,BSCL2,"BSCL2 lipid droplet biogenesis associated, seipin"
530,ECM1,extracellular matrix protein 1
531,YWHAE,tyrosine 3-monooxygenase/tryptophan 5-monooxygenase activation protein epsilon
531,PAFAH1B1,platelet activating factor acetylhydrolase 1b regulatory subunit 1
531,HIC1,HIC ZBTB transcriptional repressor 1
534,OCRL,OCRL inositol polyphosphate-5-phosphatase
536,FCGR2B,Fc fragment of IgG receptor IIb
536,C4B,complement C4B (Chido/Rodgers blood group)
536,STAT4,signal transducer and activator of transcription 4
536,PDCD1,programmed cell death 1
536,IGHG1,immunoglobulin heavy constant gamma 1 (G1m marker)
536,ETS1,"ETS proto-oncogene 1, transcription factor"
536,BANK1,B cell scaffold protein with ankyrin repeats 1
536,BLK,"BLK proto-oncogene, Src family tyrosine kinase"
536,IRF5,interferon regulatory factor 5
536,IRAK1,interleukin 1 receptor associated kinase 1
536,IL10,interleukin 10
536,TNIP1,TNFAIP3 interacting protein 1
536,TNFSF4,TNF superfamily member 4
536,TNFAIP3,TNF alpha induced protein 3
536,PXK,PX domain containing serine/threonine kinase like
536,MECP2,methyl-CpG binding protein 2
536,CTLA4,cytotoxic T-lymphocyte associated protein 4
536,ITGAM,integrin subunit alpha M
536,C4A,complement C4A (Chido/Rodgers blood group)
536,DNASE1,deoxyribonuclease 1
536,KIAA0319L,KIAA0319 like
536,PTPN22,protein tyrosine phosphatase non-receptor type 22
536,TLR7,toll like receptor 7
536,FCGR3B,Fc fragment of IgG receptor IIIb
536,JAZF1,JAZF zinc finger 1
536,TREX1,three prime repair exonuclease 1
536,UBE2L3,ubiquitin conjugating enzyme E2 L3
536,SPP1,secreted phosphoprotein 1
536,HLA-DRB1,"major histocompatibility complex, class II, DR beta 1"
536,CR2,complement C3d receptor 2
538,TSC2,TSC complex subunit 2
538,TSC1,TSC complex subunit 1
540,UNC13D,unc-13 homolog D
540,STX11,syntaxin 11
540,STXBP2,syntaxin binding protein 2
540,PRF1,perforin 1
543,MYC,"MYC proto-oncogene, bHLH transcription factor"
545,HLA-DRB1,"major histocompatibility complex, class II, DR beta 1"
545,BCL6,BCL6 transcription repressor
545,BCL2,BCL2 apoptosis regulator
545,IGH,immunoglobulin heavy locus
550,MT-TW,mitochondrially encoded tRNA-Trp (UGA/G)
550,MT-TL1,mitochondrially encoded tRNA-Leu (UUA/G) 1
550,MT-ND1,mitochondrially encoded NADH:ubiquinone oxidoreductase core subunit 1
550,MT-ND6,mitochondrially encoded NADH:ubiquinone oxidoreductase core subunit 6
550,MT-CO3,mitochondrially encoded cytochrome c oxidase III
550,MT-TS1,mitochondrially encoded tRNA-Ser (UCN) 1
550,MT-TH,mitochondrially encoded tRNA-His (CAU/C)
550,MT-CO2,mitochondrially encoded cytochrome c oxidase II
550,MT-ND5,mitochondrially encoded NADH:ubiquinone oxidoreductase core subunit 5
550,MT-TF,mitochondrially encoded tRNA-Phe (UUU/C)
550,MT-ND4,mitochondrially encoded NADH:ubiquinone oxidoreductase core subunit 4
550,MT-TQ,mitochondrially encoded tRNA-Gln (CAA/G)
550,MT-CO1,mitochondrially encoded cytochrome c oxidase I
550,MT-TS2,mitochondrially encoded tRNA-Ser (AGU/C) 2
551,MT-TS1,mitochondrially encoded tRNA-Ser (UCN) 1
551,MT-RNR1,mitochondrially encoded 12S rRNA
551,MT-TL1,mitochondrially encoded tRNA-Leu (UUA/G) 1
551,MT-TK,mitochondrially encoded tRNA-Lys (AAA/G)
551,MT-TS2,mitochondrially encoded tRNA-Ser (AGU/C) 2
551,MT-TQ,mitochondrially encoded tRNA-Gln (CAA/G)
551,MT-TP,mitochondrially encoded tRNA-Pro (CCN)
551,MT-TF,mitochondrially encoded tRNA-Phe (UUU/C)
551,MT-ND5,mitochondrially encoded NADH:ubiquinone oxidoreductase core subunit 5
551,MT-TH,mitochondrially encoded tRNA-His (CAU/C)
552,HNF1A,HNF1 homeobox A
552,KLF11,KLF transcription factor 11
552,ABCC8,ATP binding cassette subfamily C member 8
552,NEUROD1,neuronal differentiation 1
552,APPL1,"adaptor protein, phosphotyrosine interacting with PH domain and leucine zipper 1"
552,INS,insulin
552,BLK,"BLK proto-oncogene, Src family tyrosine kinase"
552,HNF4A,hepatocyte nuclear factor 4 alpha
552,CEL,carboxyl ester lipase
552,PDX1,pancreatic and duodenal homeobox 1
552,PAX4,paired box 4
552,KCNJ11,potassium inwardly rectifying channel subfamily J member 11
552,GCK,glucokinase
559,SIL1,SIL1 nucleotide exchange factor
560,COL11A1,collagen type XI alpha 1 chain
561,NFIX,nuclear factor I X
562,GNAS,GNAS complex locus
564,TXNDC15,thioredoxin domain containing 15
564,MKS1,MKS transition zone complex subunit 1
564,TCTN1,tectonic family member 1
564,CEP290,centrosomal protein 290
564,B9D1,B9 domain containing 1
564,CSPP1,centrosome and spindle pole associated protein 1
564,TCTN3,tectonic family member 3
564,TCTN2,tectonic family member 2
564,CC2D2A,coiled-coil and C2 domain containing 2A
564,TMEM107,transmembrane protein 107
564,B9D2,B9 domain containing 2
564,RPGRIP1,RPGR interacting protein 1
564,RPGRIP1L,RPGRIP1 like
564,TMEM216,transmembrane protein 216
564,TMEM231,transmembrane protein 231
564,TMEM237,transmembrane protein 237
564,TMEM67,transmembrane protein 67
565,ATP7A,ATPase copper transporting alpha
567,HIRA,histone cell cycle regulator
567,SEC24C,"SEC24 homolog C, COPII coat complex component"
567,JMJD1C,jumonji domain containing 1C
567,COMT,catechol-O-methyltransferase
567,GP1BB,glycoprotein Ib platelet subunit beta
567,TBX1,T-box transcription factor 1
567,ARVCF,ARVCF delta catenin family member
567,RREB1,ras responsive element binding protein 1
567,TBX1,T-box transcription factor 1
567,UFD1,ubiquitin recognition factor in ER associated degradation 1
568,BCOR,BCL6 corepressor
568,NAA10,"N-alpha-acetyltransferase 10, NatA catalytic subunit"
569,CACNA1A,calcium voltage-gated channel subunit alpha1 A
569,ATP1A2,ATPase Na+/K+ transporting subunit alpha 2
569,PRRT2,proline rich transmembrane protein 2
569,SCN1A,sodium voltage-gated channel alpha subunit 1
570,PLXND1,plexin D1
570,REV3L,"REV3 like, DNA directed polymerase zeta catalytic subunit"
572,RFXANK,regulatory factor X associated ankyrin containing protein
572,RFXAP,regulatory factor X associated protein
572,CIITA,class II major histocompatibility complex transactivator
572,RFX5,regulatory factor X5
573,KRT86,keratin 86
573,KRT83,keratin 83
573,DSG4,desmoglein 4
573,KRT81,keratin 81
575,NLRP3,NLR family pyrin domain containing 3
576,GNPTAB,N-acetylglucosamine-1-phosphate transferase subunits alpha and beta
578,MCOLN1,mucolipin TRP cation channel 1
584,GUSB,glucuronidase beta
585,SUMF1,sulfatase modifying factor 1
586,CEACAM3,CEA cell adhesion molecule 3
586,SLC26A9,solute carrier family 26 member 9
586,TGFB1,transforming growth factor beta 1
586,GSTM3,glutathione S-transferase mu 3
586,GCLC,glutamate-cysteine ligase catalytic subunit
586,CEACAM6,CEA cell adhesion molecule 6
586,HMOX1,heme oxygenase 1
586,SERPINA1,serpin family A member 1
586,HFE,homeostatic iron regulator
586,SLC11A1,solute carrier family 11 member 1
586,DCTN4,dynactin subunit 4
586,EDNRA,endothelin receptor type A
586,CLCA4,chloride channel accessory 4
586,STX1A,syntaxin 1A
586,CFTR,CF transmembrane conductance regulator
586,KCNN4,potassium calcium-activated channel subfamily N member 4
586,MIF,macrophage migration inhibitory factor
586,SLC6A14,solute carrier family 6 member 14
586,SLC9A3,solute carrier family 9 member A3
588,LARGE1,LARGE xylosyl- and glucuronyltransferase 1
588,CRPPA,CDP-L-ribitol pyrophosphorylase A
588,FKTN,fukutin
588,B3GALNT2,"beta-1,3-N-acetylgalactosaminyltransferase 2"
588,POMGNT1,"protein O-linked mannose N-acetylglucosaminyltransferase 1 (beta 1,2-)"
588,POMT1,protein O-mannosyltransferase 1
588,FKRP,fukutin related protein
588,POMT2,protein O-mannosyltransferase 2
588,GMPPB,GDP-mannose pyrophosphorylase B
596,MTM1,myotubularin 1
597,RYR1,ryanodine receptor 1
600,MATR3,matrin 3
602,GNE,glucosamine (UDP-N-acetyl)-2-epimerase/N-acetylmannosamine kinase
603,TIA1,TIA1 cytotoxic granule associated RNA binding protein
603,TIA1,TIA1 cytotoxic granule associated RNA binding protein
603,SQSTM1,sequestosome 1
606,CNBP,CCHC-type zinc finger nucleic acid binding protein
609,TTN,titin
610,COL6A2,collagen type VI alpha 2 chain
610,COL6A1,collagen type VI alpha 1 chain
610,COL12A1,collagen type XII alpha 1 chain
610,COL6A3,collagen type VI alpha 3 chain
614,CLCN1,chloride voltage-gated channel 1
615,PRKAR1A,protein kinase cAMP-dependent type I regulatory subunit alpha
618,CDKN2B,cyclin dependent kinase inhibitor 2B
618,CDK4,cyclin dependent kinase 4
618,MITF,melanocyte inducing transcription factor
618,TERF2IP,TERF2 interacting protein
618,BAP1,BRCA1 associated deubiquitinase 1
618,MGMT,O-6-methylguanine-DNA methyltransferase
618,ACD,ACD shelterin complex subunit and telomerase recruitment factor
618,CDKN2A,cyclin dependent kinase inhibitor 2A
618,TERT,telomerase reverse transcriptase
618,POT1,protection of telomeres 1
618,MC1R,melanocortin 1 receptor
621,CYB5A,cytochrome b5 type A
621,CYB5R3,cytochrome b5 reductase 3
624,GNAQ,G protein subunit alpha q
626,BRAF,"B-Raf proto-oncogene, serine/threonine kinase"
626,BRAF,"B-Raf proto-oncogene, serine/threonine kinase"
626,NRAS,"NRAS proto-oncogene, GTPase"
626,SOX5,SRY-box transcription factor 5
626,ZEB2,zinc finger E-box binding homeobox 2
626,ALK,ALK receptor tyrosine kinase
626,RAF1,"Raf-1 proto-oncogene, serine/threonine kinase"
627,NHS,NHS actin remodeling regulator
628,SLC26A2,solute carrier family 26 member 2
629,GH1,growth hormone 1
632,ELF4,E74 like ETS transcription factor 4
632,BTK,Bruton tyrosine kinase
633,GHR,growth hormone receptor
634,SPINK5,serine peptidase inhibitor Kazal type 5
635,MYCN,"MYCN proto-oncogene, bHLH transcription factor"
635,PHOX2B,paired like homeobox 2B
635,ALK,ALK receptor tyrosine kinase
635,LMO1,LIM domain only 1
635,HACE1,HECT domain and ankyrin repeat containing E3 ubiquitin protein ligase 1
635,LIN28B,lin-28 homolog B
635,ALK,ALK receptor tyrosine kinase
637,NF2,"NF2, moesin-ezrin-radixin like (MERLIN) tumor suppressor"
638,NF1,neurofibromin 1
638,MAP2K2,mitogen-activated protein kinase kinase 2
640,PMP22,peripheral myelin protein 22
640,PMP22,peripheral myelin protein 22
642,NTRK1,neurotrophic receptor tyrosine kinase 1
643,GAN,gigaxonin
644,MT-ATP6,mitochondrially encoded ATP synthase membrane subunit 6
647,NBN,nibrin
648,PTPN11,protein tyrosine phosphatase non-receptor type 11
648,RRAS,RAS related
648,NRAS,"NRAS proto-oncogene, GTPase"
648,RASA2,RAS p21 protein activator 2
648,KRAS,"KRAS proto-oncogene, GTPase"
648,RRAS2,RAS related 2
648,RIT1,Ras like without CAAX 1
648,LZTR1,leucine zipper like post translational regulator 1
648,SOS1,SOS Ras/Rac guanine nucleotide exchange factor 1
648,MRAS,muscle RAS oncogene homolog
648,SPRED2,sprouty related EVH1 domain containing 2
648,CBL,Cbl proto-oncogene
648,SOS2,SOS Ras/Rho guanine nucleotide exchange factor 2
648,RAF1,"Raf-1 proto-oncogene, serine/threonine kinase"
649,NDP,norrin cystine knot growth factor NDP
652,CDKN2C,cyclin dependent kinase inhibitor 2C
652,CDKN2B,cyclin dependent kinase inhibitor 2B
652,CDKN1B,cyclin dependent kinase inhibitor 1B
652,MEN1,menin 1
652,CDKN1A,cyclin dependent kinase inhibitor 1A
654,TRIM28,tripartite motif containing 28
654,GPC3,glypican 3
654,TRIM28,tripartite motif containing 28
654,POU6F2,POU class 6 homeobox 2
654,H19,H19 imprinted maternally expressed transcript
654,DIS3L2,DIS3 like 3'-5' exoribonuclease 2
654,REST,RE1 silencing transcription factor
654,TRIP13,thyroid hormone receptor interactor 13
654,BRCA2,BRCA2 DNA repair associated
654,WT1,WT1 transcription factor
654,WT1,WT1 transcription factor
656,TRPC6,transient receptor potential cation channel subfamily C member 6
656,NUP37,nucleoporin 37
656,NPHS2,"NPHS2 stomatin family member, podocin"
656,NUP85,nucleoporin 85
656,PLCE1,phospholipase C epsilon 1
656,NPHS1,"NPHS1 adhesion molecule, nephrin"
656,GAPVD1,GTPase activating protein and VPS9 domains 1
656,NUP93,nucleoporin 93
656,ANKFY1,ankyrin repeat and FYVE domain containing 1
656,DAAM2,dishevelled associated activator of morphogenesis 2
656,APOL1,apolipoprotein L1
656,WT1,WT1 transcription factor
656,CRB2,crumbs cell polarity complex component 2
656,MAGI2,"membrane associated guanylate kinase, WW and PDZ domain containing 2"
656,PAX2,paired box 2
656,COL4A3,collagen type IV alpha 3 chain
656,COQ8B,coenzyme Q8B
656,PTPRO,protein tyrosine phosphatase receptor type O
656,TBC1D8B,TBC1 domain family member 8B
656,ARHGDIA,Rho GDP dissociation inhibitor alpha
656,ARHGAP24,Rho GTPase activating protein 24
656,INF2,"inverted formin, FH2 and WH2 domain containing"
656,MYO1E,myosin IE
656,ACTN4,actinin alpha 4
656,NUP107,nucleoporin 107
656,CD2AP,CD2 associated protein
656,EMP2,epithelial membrane protein 2
656,NUP205,nucleoporin 205
656,NUP160,nucleoporin 160
656,ANLN,"anillin, actin binding protein"
656,NUP133,nucleoporin 133
659,TRPV3,transient receptor potential cation channel subfamily V member 3
659,MBTPS2,"membrane bound transcription factor peptidase, site 2"
659,PERP,p53 apoptosis effector related to PMP22
661,BDNF,brain derived neurotrophic factor
661,EDN3,endothelin 3
661,LBX1,ladybird homeobox 1
661,MYO1H,myosin IH
661,PHOX2B,paired like homeobox 2B
661,GDNF,glial cell derived neurotrophic factor
663,MT-TL1,mitochondrially encoded tRNA-Leu (UUA/G) 1
663,MT-TS1,mitochondrially encoded tRNA-Ser (UCN) 1
663,MT-TL2,mitochondrially encoded tRNA-Leu (CUN) 2
663,MT-TN,mitochondrially encoded tRNA-Asn (AAU/C)
664,OTC,ornithine transcarbamylase
667,TNFSF11,TNF superfamily member 11
667,TCIRG1,"T cell immune regulator 1, ATPase H+ transporting V0 subunit a3"
667,SNX10,sorting nexin 10
667,CLCN7,chloride voltage-gated channel 7
668,TP53,tumor protein p53
668,RB1,RB transcriptional corepressor 1
668,TP53,tumor protein p53
668,CHEK2,checkpoint kinase 2
672,GLI3,GLI family zinc finger 3
676,CASR,calcium sensing receptor
676,CFTR,CF transmembrane conductance regulator
676,PRSS1,serine protease 1
676,CTRC,chymotrypsin C
676,TRPV6,transient receptor potential cation channel subfamily V member 6
676,SPINK1,serine peptidase inhibitor Kazal type 1
676,PRSS2,serine protease 2
676,CPA1,carboxypeptidase A1
678,CTSC,cathepsin C
681,KCNE3,potassium voltage-gated channel subfamily E regulatory subunit 3
681,CACNA1S,calcium voltage-gated channel subunit alpha1 S
681,SCN4A,sodium voltage-gated channel alpha subunit 4
682,SCN4A,sodium voltage-gated channel alpha subunit 4
684,SCN4A,sodium voltage-gated channel alpha subunit 4
701,HR,HR lysine demethylase and nuclear receptor corepressor
703,HLA-DRB1,"major histocompatibility complex, class II, DR beta 1"
703,HLA-DQB1,"major histocompatibility complex, class II, DQ beta 1"
705,SLC26A4,solute carrier family 26 member 4
705,FOXI1,forkhead box I1
705,KCNJ10,potassium inwardly rectifying channel subfamily J member 10
708,FOXE3,forkhead box E3
708,FOXC1,forkhead box C1
708,CYP1B1,cytochrome P450 family 1 subfamily B member 1
708,PAX6,paired box 6
708,PITX2,paired like homeodomain 2
709,B3GLCT,beta 3-glucosyltransferase
712,GPI,glucose-6-phosphate isomerase
713,PGK1,phosphoglycerate kinase 1
714,BPGM,bisphosphoglycerate mutase
715,PHKA1,phosphorylase kinase regulatory subunit alpha 1
715,PHKG1,phosphorylase kinase catalytic subunit gamma 1
718,SOX9,SRY-box transcription factor 9
721,NBEAL2,neurobeachin like 2
722,PLG,plasminogen
725,GRIN2A,glutamate ionotropic receptor NMDA type subunit 2A
725,FRRS1L,ferric chelate reductase 1 like
726,POLG,"DNA polymerase gamma, catalytic subunit"
729,JAK2,Janus kinase 2
730,PKD1,"polycystin 1, transient receptor potential channel interacting"
730,BICC1,BicC family RNA binding protein 1
730,IFT140,intraflagellar transport 140
730,ALG9,"ALG9 alpha-1,2-mannosyltransferase"
730,PKD2,"polycystin 2, transient receptor potential cation channel"
730,ALG5,ALG5 dolichyl-phosphate beta-glucosyltransferase
730,GANAB,glucosidase II alpha subunit
730,DNAJB11,DnaJ heat shock protein family (Hsp40) member B11
731,PKHD1,PKHD1 ciliary IPT domain containing fibrocystin/polyductin
731,DZIP1L,DAZ interacting zinc finger protein 1 like
734,GFI1B,growth factor independent 1B transcriptional repressor
735,MVK,mevalonate kinase
735,PMVK,phosphomevalonate kinase
740,LMNA,lamin A/C
740,ZMPSTE24,zinc metallopeptidase STE24
741,DCHS1,dachsous cadherin-related 1
742,PEPD,peptidase D
743,PROS1,protein S
744,AKT1,AKT serine/threonine kinase 1
745,PROC,"protein C, inactivator of coagulation factors Va and VIIIa"
746,HADHB,hydroxyacyl-CoA dehydrogenase trifunctional multienzyme complex subunit beta
746,HADHA,hydroxyacyl-CoA dehydrogenase trifunctional multienzyme complex subunit alpha
747,HLA-DRB1,"major histocompatibility complex, class II, DR beta 1"
749,KLKB1,kallikrein B1
750,COMP,cartilage oligomeric matrix protein
752,HSD17B3,hydroxysteroid 17-beta dehydrogenase 3
753,SRD5A2,steroid 5 alpha-reductase 2
758,ABCC6,ATP binding cassette subfamily C member 6
758,ENPP1,ectonucleotide pyrophosphatase/phosphodiesterase 1
760,PNP,purine nucleoside phosphorylase
763,CTSK,cathepsin K
766,PKLR,pyruvate kinase L/R
769,INSR,insulin receptor
772,PEX16,peroxisomal biogenesis factor 16
772,PEX11B,peroxisomal biogenesis factor 11 beta
772,PEX14,peroxisomal biogenesis factor 14
772,PEX26,peroxisomal biogenesis factor 26
772,PEX3,peroxisomal biogenesis factor 3
772,PEX2,peroxisomal biogenesis factor 2
772,PEX19,peroxisomal biogenesis factor 19
772,PEX13,peroxisomal biogenesis factor 13
772,PEX6,peroxisomal biogenesis factor 6
772,PEX1,peroxisomal biogenesis factor 1
772,PEX12,peroxisomal biogenesis factor 12
772,PEX10,peroxisomal biogenesis factor 10
772,PEX5,peroxisomal biogenesis factor 5
773,PEX7,peroxisomal biogenesis factor 7
773,PHYH,phytanoyl-CoA 2-hydroxylase
774,ENG,endoglin
774,ACVRL1,activin A receptor like type 1
774,SMAD4,SMAD family member 4
774,GDF2,growth differentiation factor 2
776,ZDHHC9,zinc finger DHHC-type palmitoyltransferase 9
776,UPF3B,UPF3B regulator of nonsense mediated mRNA decay
776,MED12,mediator complex subunit 12
777,ARHGEF6,Rac/Cdc42 guanine nucleotide exchange factor 6
777,GDI1,GDP dissociation inhibitor 1
777,ZNF711,zinc finger protein 711
777,CASK,calcium/calmodulin dependent serine protein kinase
777,USP27X,ubiquitin specific peptidase 27 X-linked
777,MED12,mediator complex subunit 12
777,RAB39B,"RAB39B, member RAS oncogene family"
777,ACSL4,acyl-CoA synthetase long chain family member 4
777,CLCN4,chloride voltage-gated channel 4
777,MECP2,methyl-CpG binding protein 2
777,ALG13,ALG13 UDP-N-acetylglucosaminyltransferase subunit
777,HCFC1,host cell factor C1
777,AGTR2,angiotensin II receptor type 2
777,ZNF81,zinc finger protein 81
777,USP9X,ubiquitin specific peptidase 9 X-linked
777,DMD,dystrophin
777,ARX,aristaless related homeobox
777,STEEP1,STING1 ER exit protein 1
777,TSPAN7,tetraspanin 7
777,SLC9A7,solute carrier family 9 member A7
777,CNKSR2,connector enhancer of kinase suppressor of Ras 2
777,FRMPD4,FERM and PDZ domain containing 4
777,IL1RAPL1,interleukin 1 receptor accessory protein like 1
777,RPS6KA3,ribosomal protein S6 kinase A3
777,SYP,synaptophysin
777,PAK3,p21 (RAC1) activated kinase 3
777,MID2,midline 2
777,UPF3B,UPF3B regulator of nonsense mediated mRNA decay
777,PTCHD1,patched domain containing 1
777,DLG3,discs large MAGUK scaffold protein 3
777,IQSEC2,IQ motif and Sec7 domain ArfGEF 2
777,FTSJ1,FtsJ RNA 2'-O-methyltransferase 1
778,MECP2,methyl-CpG binding protein 2
779,LBR,lamin B receptor
782,PITX2,paired like homeodomain 2
782,FOXC1,forkhead box C1
782,PITX2,paired like homeodomain 2
785,ESR1,estrogen receptor 1
786,NR3C1,nuclear receptor subfamily 3 group C member 1
791,REEP6,receptor accessory protein 6
791,RBP3,retinol binding protein 3
791,RP2,RP2 activator of ARL3 GTPase
791,CFAP418,cilia and flagella associated protein 418
791,CERKL,ceramide kinase like
791,RP1,RP1 axonemal microtubule associated
791,CC2D2A,coiled-coil and C2 domain containing 2A
791,OFD1,OFD1 centriole and centriolar satellite protein
791,POMGNT1,"protein O-linked mannose N-acetylglucosaminyltransferase 1 (beta 1,2-)"
791,RPE65,retinoid isomerohydrolase RPE65
791,ROM1,retinal outer segment membrane protein 1
791,RPGR,retinitis pigmentosa GTPase regulator
791,PRPH2,peripherin 2
791,BBS2,Bardet-Biedl syndrome 2
791,BBS1,Bardet-Biedl syndrome 1
791,LRAT,lecithin retinol acyltransferase
791,RGR,retinal G protein coupled receptor
791,RLBP1,retinaldehyde binding protein 1
791,RP1L1,RP1 like 1
791,RP9,RP9 pre-mRNA splicing factor
791,CNGA1,cyclic nucleotide gated channel subunit alpha 1
791,KLHL7,kelch like family member 7
791,IDH3A,isocitrate dehydrogenase (NAD(+)) 3 catalytic subunit alpha
791,IDH3B,isocitrate dehydrogenase (NAD(+)) 3 non-catalytic subunit beta
791,SNRNP200,small nuclear ribonucleoprotein U5 subunit 200
791,NRL,neural retina leucine zipper
791,TTC8,tetratricopeptide repeat domain 8
791,HGSNAT,heparan-alpha-glucosaminide N-acetyltransferase
791,ARL6,ADP ribosylation factor like GTPase 6
791,DHDDS,dehydrodolichyl diphosphate synthase subunit
791,DHX38,DEAH-box helicase 38
791,ARL3,ADP ribosylation factor like GTPase 3
791,MAK,male germ cell associated kinase
791,AHR,aryl hydrocarbon receptor
791,ARL2BP,ADP ribosylation factor like GTPase 2 binding protein
791,SLC7A14,solute carrier family 7 member 14
791,SEMA4A,semaphorin 4A
791,MERTK,"MER proto-oncogene, tyrosine kinase"
791,RDH12,retinol dehydrogenase 12
791,GUCA1B,guanylate cyclase activator 1B
791,IFT88,intraflagellar transport 88
791,IFT172,intraflagellar transport 172
791,AHI1,Abelson helper integration site 1
791,PCARE,photoreceptor cilium actin regulator
791,PRCD,photoreceptor disc component
791,TULP1,TUB like protein 1
791,TUB,TUB bipartite transcription factor
791,PDE6G,phosphodiesterase 6G
791,KIAA1549,KIAA1549
791,AGBL5,AGBL carboxypeptidase 5
791,TOPORS,"TOP1 binding arginine/serine rich protein, E3 ubiquitin ligase"
791,PDE6B,phosphodiesterase 6B
791,PDE6A,phosphodiesterase 6A
791,IMPDH1,inosine monophosphate dehydrogenase 1
791,IMPG1,interphotoreceptor matrix proteoglycan 1
791,IMPG2,interphotoreceptor matrix proteoglycan 2
791,IFT140,intraflagellar transport 140
791,NR2E3,nuclear receptor subfamily 2 group E member 3
791,ZNF513,zinc finger protein 513
791,BEST1,bestrophin 1
791,CLRN1,clarin 1
791,KIZ,kizuna centrosomal protein
791,CDHR1,cadherin related family member 1
791,PRPF4,pre-mRNA splicing tri-snRNP complex factor PRPF4
791,PRPF31,pre-mRNA processing factor 31
791,EYS,eyes shut homolog
791,PRPF3,pre-mRNA processing factor 3
791,CRB1,crumbs cell polarity complex component 1
791,CRX,cone-rod homeobox
791,USH2A,usherin
791,SCAPER,S-phase cyclin A associated protein in the ER
791,SAG,S-antigen visual arrestin
791,ARHGEF18,Rho/Rac guanine nucleotide exchange factor 18
791,ZNF408,zinc finger protein 408
791,CA4,carbonic anhydrase 4
791,PROM1,prominin 1
791,SPATA7,spermatogenesis associated 7
791,ABCA4,ATP binding cassette subfamily A member 4
791,FAM161A,FAM161 centrosomal protein A
791,NEK2,NIMA related kinase 2
791,FSCN2,"fascin actin-bundling protein 2, retinal"
791,CNGB1,cyclic nucleotide gated channel subunit beta 1
791,RHO,rhodopsin
791,PRPF8,pre-mRNA processing factor 8
791,PRPF6,pre-mRNA processing factor 6
792,RS1,retinoschisin 1
794,FGFR3,fibroblast growth factor receptor 3
794,TWIST1,twist family bHLH transcription factor 1
794,FGFR2,fibroblast growth factor receptor 2
797,HLA-DRB1,"major histocompatibility complex, class II, DR beta 1"
797,BTNL2,butyrophilin like 2
798,SETBP1,SET binding protein 1
800,HSPG2,heparan sulfate proteoglycan 2
803,HNRNPA1,heterogeneous nuclear ribonucleoprotein A1
803,SQSTM1,sequestosome 1
803,FIG4,FIG4 phosphoinositide 5-phosphatase
803,VCP,valosin containing protein
803,UBQLN2,ubiquilin 2
803,C9ORF72,C9orf72-SMCR8 complex subunit
803,OPTN,optineurin
803,DAO,D-amino acid oxidase
803,NEK1,NIMA related kinase 1
803,PRPH,peripherin
803,ATXN2,ataxin 2
803,GLE1,GLE1 RNA export mediator
803,VAPB,VAMP associated protein B and C
803,TREM2,triggering receptor expressed on myeloid cells 2
803,CFAP410,cilia and flagella associated protein 410
803,DCTN1,dynactin subunit 1
803,PON3,paraoxonase 3
803,PPARGC1A,PPARG coactivator 1 alpha
803,CCNF,cyclin F
803,PON2,paraoxonase 2
803,ANXA11,annexin A11
803,SOD1,superoxide dismutase 1
803,CHCHD10,coiled-coil-helix-coiled-coil-helix domain containing 10
803,MATR3,matrin 3
803,ERBB4,erb-b2 receptor tyrosine kinase 4
803,ANG,angiogenin
803,PON1,paraoxonase 1
803,FUS,FUS RNA binding protein
803,CHMP2B,charged multivesicular body protein 2B
803,GLT8D1,glycosyltransferase 8 domain containing 1
803,TBK1,TANK binding kinase 1
803,NEFH,neurofilament heavy chain
803,TARDBP,TAR DNA binding protein
803,UNC13A,unc-13 homolog A
803,TAF15,TATA-box binding protein associated factor 15
803,PFN1,profilin 1
805,TSC2,TSC complex subunit 2
805,IFNG,interferon gamma
805,TSC1,TSC complex subunit 1
806,ANO6,anoctamin 6
808,TRAIP,TRAF interacting protein
808,CENPJ,centromere protein J
808,CEP152,centrosomal protein 152
808,CENPE,centromere protein E
808,NUP85,nucleoporin 85
808,DNA2,DNA replication helicase/nuclease 2
808,RBBP8,"RB binding protein 8, endonuclease"
808,PCNT,pericentrin
808,ATR,ATR serine/threonine kinase
808,PLK4,polo like kinase 4
808,ATRIP,ATR interacting protein
811,EFL1,elongation factor like GTPase 1
811,SBDS,SBDS ribosome maturation factor
811,DNAJC21,DnaJ heat shock protein family (Hsp40) member C21
812,NEU1,neuraminidase 1
816,ALDH3A2,aldehyde dehydrogenase 3 family member A2
818,DHCR7,7-dehydrocholesterol reductase
819,DEAF1,DEAF1 transcription factor
819,RAI1,retinoic acid induced 1
819,IQSEC2,IQ motif and Sec7 domain ArfGEF 2
819,FLII,FLII actin remodeling protein
820,ADA2,adenosine deaminase 2
821,NSD1,nuclear receptor binding SET domain protein 1
821,APC2,APC regulator of WNT signaling pathway 2
822,SPTB,"spectrin beta, erythrocytic"
822,ANK1,ankyrin 1
822,SPTA1,"spectrin alpha, erythrocytic 1"
822,EPB42,erythrocyte membrane protein band 4.2
822,SLC4A1,solute carrier family 4 member 1 (Diego blood group)
824,JAK2,Janus kinase 2
824,MPL,"MPL proto-oncogene, thrombopoietin receptor"
824,CALR,calreticulin
824,TET2,tet methylcytosine dioxygenase 2
827,ELOVL4,ELOVL fatty acid elongase 4
827,ABCA4,ATP binding cassette subfamily A member 4
827,PROM1,prominin 1
827,PRPH2,peripherin 2
827,CNGB3,cyclic nucleotide gated channel subunit beta 3
828,BMP4,bone morphogenetic protein 4
832,OXCT1,3-oxoacid CoA-transferase 1
839,NPHS1,"NPHS1 adhesion molecule, nephrin"
840,BRAF,"B-Raf proto-oncogene, serine/threonine kinase"
841,KRT17,keratin 17
842,KIT,"KIT proto-oncogene, receptor tyrosine kinase"
847,ATRX,ATRX chromatin remodeler
849,ITGB3,integrin subunit beta 3
849,ITGA2B,integrin subunit alpha 2b
851,FLI1,"Fli-1 proto-oncogene, ETS transcription factor"
852,WAS,WASP actin nucleation promoting factor
853,ITGA2B,integrin subunit alpha 2b
853,ITGB3,integrin subunit beta 3
853,GP1BB,glycoprotein Ib platelet subunit beta
853,ITGA2,integrin subunit alpha 2
853,GP1BA,glycoprotein Ib platelet subunit alpha
853,CD109,CD109 molecule
857,SALL1,spalt like transcription factor 1
857,DACT1,dishevelled binding antagonist of beta catenin 1
859,TCN2,transcobalamin 2
861,POLR1B,RNA polymerase I subunit B
861,POLR1D,RNA polymerase I and III subunit D
861,POLR1C,RNA polymerase I and III subunit C
861,TCOF1,treacle ribosome biogenesis factor 1
867,CYLD,CYLD lysine 63 deubiquitinase
868,TPI1,triosephosphate isomerase 1
869,AAAS,aladin WD repeat nucleoporin
869,GMPPA,GDP-mannose pyrophosphorylase A
869,TRAPPC11,trafficking protein particle complex subunit 11
871,SCN5A,sodium voltage-gated channel alpha subunit 5
871,NKX2-5,NK2 homeobox 5
871,SCN1B,sodium voltage-gated channel beta subunit 1
871,TRPM4,transient receptor potential cation channel subfamily M member 4
873,APC,APC regulator of WNT signaling pathway
873,CTNNB1,catenin beta 1
882,FAH,fumarylacetoacetate hydrolase
887,HOXD13,homeobox D13
888,GRHL3,grainyhead like transcription factor 3
888,IRF6,interferon regulatory factor 6
891,ZNF408,zinc finger protein 408
891,CTNNB1,catenin beta 1
891,TSPAN12,tetraspanin 12
891,FZD4,frizzled class receptor 4
891,LRP5,LDL receptor related protein 5
891,NDP,norrin cystine knot growth factor NDP
892,CCND1,cyclin D1
892,VHL,von Hippel-Lindau tumor suppressor
893,WT1,WT1 transcription factor
893,BDNF,brain derived neurotrophic factor
893,PAX6,paired box 6
894,PAX3,paired box 3
895,EDNRB,endothelin receptor type B
895,KITLG,KIT ligand
895,TYR,tyrosinase
895,SNAI2,snail family transcriptional repressor 2
895,MITF,melanocyte inducing transcription factor
895,SOX10,SRY-box transcription factor 10
896,PAX3,paired box 3
897,EDN3,endothelin 3
897,EDNRB,endothelin receptor type B
897,SOX10,SRY-box transcription factor 10
897,MITF,melanocyte inducing transcription factor
898,VCAN,versican
899,POMT1,protein O-mannosyltransferase 1
899,POMGNT2,"protein O-linked mannose N-acetylglucosaminyltransferase 2 (beta 1,4-)"
899,POMGNT1,"protein O-linked mannose N-acetylglucosaminyltransferase 1 (beta 1,2-)"
899,FKRP,fukutin related protein
899,FKTN,fukutin
899,POMT2,protein O-mannosyltransferase 2
899,POMK,protein O-mannose kinase
899,COL4A1,collagen type IV alpha 1 chain
899,B3GALNT2,"beta-1,3-N-acetylgalactosaminyltransferase 2"
899,LARGE1,LARGE xylosyl- and glucuronyltransferase 1
899,RXYLT1,ribitol xylosyltransferase 1
899,B4GAT1,"beta-1,4-glucuronyltransferase 1"
899,DAG1,dystroglycan 1
899,CRPPA,CDP-L-ribitol pyrophosphorylase A
900,PTPN22,protein tyrosine phosphatase non-receptor type 22
900,HLA-DPA1,"major histocompatibility complex, class II, DP alpha 1"
900,CTLA4,cytotoxic T-lymphocyte associated protein 4
900,HLA-DPB1,"major histocompatibility complex, class II, DP beta 1"
900,PRTN3,proteinase 3
902,WRN,WRN RecQ like helicase
904,GTF2IRD1,GTF2I repeat domain containing 1
904,LIMK1,LIM domain kinase 1
904,STX1A,syntaxin 1A
904,BAZ1B,bromodomain adjacent to zinc finger domain 1B
904,TBL2,transducin beta like 2
904,GTF2IRD2,GTF2I repeat domain containing 2
904,METTL27,methyltransferase like 27
904,FKBP6,FKBP prolyl isomerase family member 6 (inactive)
904,RFC2,replication factor C subunit 2
904,ELN,elastin
904,BUD23,BUD23 rRNA methyltransferase and ribosome maturation factor
904,TMEM270,transmembrane protein 270
904,NCF1,neutrophil cytosolic factor 1
904,CLIP2,CAP-Gly domain containing linker protein 2
904,VPS37D,VPS37D subunit of ESCRT-I
904,GTF2I,general transcription factor IIi
904,EIF4H,eukaryotic translation initiation factor 4H
904,DNAJC30,DnaJ heat shock protein family (Hsp40) member C30
905,ATP7B,ATPase copper transporting beta
906,WAS,WASP actin nucleation promoting factor
906,WIPF1,WAS/WASL interacting protein family member 1
908,FMR1,fragile X messenger ribonucleoprotein 1
909,CYP27A1,cytochrome P450 family 27 subfamily A member 1
910,ERCC4,"ERCC excision repair 4, endonuclease catalytic subunit"
910,ERCC3,"ERCC excision repair 3, TFIIH core complex helicase subunit"
910,ERCC2,"ERCC excision repair 2, TFIIH core complex helicase subunit"
910,ERCC5,"ERCC excision repair 5, endonuclease"
910,XPA,"XPA, DNA damage recognition and repair factor"
910,XPC,"XPC complex subunit, DNA damage recognition and repair factor"
910,DDB2,damage specific DNA binding protein 2
911,ZAP70,zeta chain of T-cell receptor associated protein kinase 70
912,PEX1,peroxisomal biogenesis factor 1
912,PEX13,peroxisomal biogenesis factor 13
912,PEX14,peroxisomal biogenesis factor 14
912,PEX3,peroxisomal biogenesis factor 3
912,PEX2,peroxisomal biogenesis factor 2
912,PEX11B,peroxisomal biogenesis factor 11 beta
912,PEX12,peroxisomal biogenesis factor 12
912,PEX6,peroxisomal biogenesis factor 6
912,PEX16,peroxisomal biogenesis factor 16
912,PEX5,peroxisomal biogenesis factor 5
912,PEX10,peroxisomal biogenesis factor 10
912,PEX26,peroxisomal biogenesis factor 26
912,PEX19,peroxisomal biogenesis factor 19
915,FGD1,"FYVE, RhoGEF and PH domain containing 1"
920,TWIST2,twist family bHLH transcription factor 2
921,TBX22,T-box transcription factor 22
926,CAT,catalase
927,NAGS,N-acetylglutamate synthase
930,HLA-DQA1,"major histocompatibility complex, class II, DQ alpha 1"
930,CRLF1,cytokine receptor like factor 1
930,HLA-DQB1,"major histocompatibility complex, class II, DQ beta 1"
930,NOS1,nitric oxide synthase 1
931,LMBR1,limb development membrane protein 1
941,GLYCTK,glycerate kinase
943,MLYCD,malonyl-CoA decarboxylase
950,PDE4D,phosphodiesterase 4D
950,PRKAR1A,protein kinase cAMP-dependent type I regulatory subunit alpha
952,EVC2,EvC ciliary complex subunit 2
952,EVC,EvC ciliary complex subunit 1
955,NOTCH2,notch receptor 2
959,SALL4,spalt like transcription factor 4
963,GPR101,G protein-coupled receptor 101
963,AIP,aryl hydrocarbon receptor interacting protein
968,GDF5,growth differentiation factor 5
969,LTBP3,latent transforming growth factor beta binding protein 3
969,FBN1,fibrillin 1
970,WNK1,WNK lysine deficient protein kinase 1
970,SCN9A,sodium voltage-gated channel alpha subunit 9
970,KIF1A,kinesin family member 1A
970,RETREG1,reticulophagy regulator 1
972,KCNA1,potassium voltage-gated channel subfamily A member 1
974,NOTCH1,notch receptor 1
974,DOCK6,dedicator of cytokinesis 6
974,DLL4,delta like canonical Notch ligand 4
974,RBPJ,recombination signal binding protein for immunoglobulin kappa J region
974,EOGT,EGF domain specific O-linked N-acetylglucosamine transferase
974,ARHGAP31,Rho GTPase activating protein 31
976,APRT,adenine phosphoribosyltransferase
978,TP63,tumor protein p63
983,DHX37,DEAH-box helicase 37
988,LMBR1,limb development membrane protein 1
988,SHH,sonic hedgehog signaling molecule
990,OTX2,orthodenticle homeobox 2
990,PRRX1,paired related homeobox 1
994,NUP88,nucleoporin 88
994,MUSK,muscle associated receptor tyrosine kinase
994,DOK7,docking protein 7
994,SLC18A3,solute carrier family 18 member A3
994,RAPSN,receptor associated protein of the synapse
994,MAGEL2,MAGE family member L2
994,TUBA1A,tubulin alpha 1a
994,MYOD1,myogenic differentiation 1
994,KIF21A,kinesin family member 21A
1000,AP3D1,adaptor related protein complex 3 subunit delta 1
1001,HDAC4,histone deacetylase 4
1010,GJA1,gap junction protein alpha 1
1018,COL4A6,collagen type IV alpha 6 chain
1018,COL4A5,collagen type IV alpha 5 chain
1020,TOMM40,translocase of outer mitochondrial membrane 40
1020,ABCA7,ATP binding cassette subfamily A member 7
1020,PSEN2,presenilin 2
1020,TREM2,triggering receptor expressed on myeloid cells 2
1020,PSEN1,presenilin 1
1020,SORL1,sortilin related receptor 1
1020,APP,amyloid beta precursor protein
1031,FAM20A,FAM20A golgi associated secretory pathway pseudokinase
1040,MMP9,matrix metallopeptidase 9
1040,MMP13,matrix metallopeptidase 13
1040,MMP13,matrix metallopeptidase 13
1052,BUB1,BUB1 mitotic checkpoint serine/threonine kinase
1052,BUB1B,BUB1 mitotic checkpoint serine/threonine kinase B
1052,CEP57,centrosomal protein 57
1052,TRIP13,thyroid hormone receptor interactor 13
1052,BUB3,BUB3 mitotic checkpoint protein
1053,EPHB4,EPH receptor B4
1059,TEK,TEK receptor tyrosine kinase
1063,GNA14,G protein subunit alpha 14
1065,ITPR1,"inositol 1,4,5-trisphosphate receptor type 1"
1065,PAX6,paired box 6
1072,TP63,tumor protein p63
1106,SMOC1,SPARC related modular calcium binding 1
1114,ITGB4,integrin subunit beta 4
1114,DLL4,delta like canonical Notch ligand 4
1114,BMS1,BMS1 ribosome biogenesis factor
1114,PLEC,plectin
1114,UBA2,ubiquitin like modifier activating enzyme 2
1143,COL25A1,collagen type XXV alpha 1 chain
1143,ERGIC1,endoplasmic reticulum-golgi intermediate compartment 1
1143,SCYL2,SCY1 like pseudokinase 2
1145,UBA1,ubiquitin like modifier activating enzyme 1
1146,TPM2,tropomyosin 2
1146,NALCN,"sodium leak channel, non-selective"
1146,MYBPC1,myosin binding protein C1
1146,MYH3,myosin heavy chain 3
1146,TNNT3,"troponin T3, fast skeletal type"
1146,TNNI2,"troponin I2, fast skeletal type"
1147,TPM2,tropomyosin 2
1147,MYH3,myosin heavy chain 3
1147,TNNI2,"troponin I2, fast skeletal type"
1147,NALCN,"sodium leak channel, non-selective"
1147,TNNT3,"troponin T3, fast skeletal type"
1149,FKBP10,FKBP prolyl isomerase 10
1154,PIEZO2,piezo type mechanosensitive ion channel component 2
1159,CCN6,cellular communication network factor 6
1168,APTX,aprataxin
1170,PMPCA,"peptidase, mitochondrial processing subunit alpha"
1171,ATP1A3,ATPase Na+/K+ transporting subunit alpha 3
1173,RNF216,ring finger protein 216
1173,PNPLA6,patatin like phospholipase domain containing 6
1175,GJB1,gap junction protein beta 1
1180,PNPLA6,patatin like phospholipase domain containing 6
1186,TWNK,twinkle mtDNA helicase
1187,PRPS1,phosphoribosyl pyrophosphate synthetase 1
1190,FLNB,filamin B
1194,TMEM70,transmembrane protein 70
1195,TF,transferrin
1200,TXNL4A,thioredoxin like 4A
1200,POLR1A,RNA polymerase I subunit A
1215,OPA1,OPA1 mitochondrial dynamin like GTPase
1216,TRPV4,transient receptor potential cation channel subfamily V member 4
1225,RECQL4,RecQ like helicase 4
1226,FOXE1,forkhead box E1
1229,OCLN,occludin
1231,TWIST2,twist family bHLH transcription factor 2
1234,RIPK4,receptor interacting serine/threonine kinase 4
1239,OPA1,OPA1 mitochondrial dynamin like GTPase
1243,BEST1,bestrophin 1
1263,FLNB,filamin B
1270,EMG1,EMG1 N1-specific pseudouridine methyltransferase
1272,MAF,MAF bZIP transcription factor
1275,MACROH2A1,macroH2A.1 histone
1275,PITX1,paired like homeodomain 1
1276,PDE3A,phosphodiesterase 3A
1297,TFAP2A,transcription factor AP-2 alpha
1299,CDH11,cadherin 11
1300,IRF6,interferon regulatory factor 6
1308,CD96,CD96 molecule
1309,HNF1B,HNF1 homeobox B
1310,COL1A1,collagen type I alpha 1 chain
1328,TGFB1,transforming growth factor beta 1
1331,BRCA1,BRCA1 DNA repair associated
1331,MSMB,microseminoprotein beta
1331,BRCA2,BRCA2 DNA repair associated
1331,NBN,nibrin
1331,ATM,ATM serine/threonine kinase
1331,CDH1,cadherin 1
1331,CHEK2,checkpoint kinase 2
1331,HOXB13,homeobox B13
1331,EPHB2,EPH receptor B2
1331,RAD51D,RAD51 paralog D
1331,MSR1,macrophage scavenger receptor 1
1331,ELAC2,elaC ribonuclease Z 2
1331,SRD5A2,steroid 5 alpha-reductase 2
1331,HNF1B,HNF1 homeobox B
1331,RNASEL,ribonuclease L
1333,PALLD,"palladin, cytoskeletal associated protein"
1333,CDKN2A,cyclin dependent kinase inhibitor 2A
1333,SMAD4,SMAD family member 4
1333,BRCA2,BRCA2 DNA repair associated
1333,RABL3,"RAB, member of RAS oncogene family like 3"
1333,PALB2,partner and localizer of BRCA2
1333,BRCA1,BRCA1 DNA repair associated
1333,TP53,tumor protein p53
1333,KRAS,"KRAS proto-oncogene, GTPase"
1334,CLEC7A,C-type lectin domain containing 7A
1334,IL17RC,interleukin 17 receptor C
1334,TRAF3IP2,TRAF3 interacting protein 2
1334,IL17F,interleukin 17F
1334,IL17RA,interleukin 17 receptor A
1338,WDPCP,WD repeat containing planar cell polarity effector
1340,MAP2K1,mitogen-activated protein kinase kinase 1
1340,BRAF,"B-Raf proto-oncogene, serine/threonine kinase"
1340,MAP2K2,mitogen-activated protein kinase kinase 2
1340,KRAS,"KRAS proto-oncogene, GTPase"
1344,NPPA,natriuretic peptide A
1344,SCN5A,sodium voltage-gated channel alpha subunit 5
1349,MT-TK,mitochondrially encoded tRNA-Lys (AAA/G)
1358,MYMX,"myomixer, myoblast fusion factor"
1358,MYMK,"myomaker, myoblast fusion factor"
1359,PRKAR1A,protein kinase cAMP-dependent type I regulatory subunit alpha
1359,PDE11A,phosphodiesterase 11A
1366,LSS,lanosterol synthase
1369,SLC25A4,solute carrier family 25 member 4
1369,TKFC,triokinase and FMN cyclase
1369,AGK,acylglycerol kinase
1377,CRYGD,crystallin gamma D
1377,CRYGC,crystallin gamma C
1377,CRYBA4,crystallin beta A4
1377,GJA8,gap junction protein alpha 8
1377,MAF,MAF bZIP transcription factor
1377,CRYAA,crystallin alpha A
1377,CRYBB1,crystallin beta B1
1377,CRYBB2,crystallin beta B2
1387,RAB3GAP1,RAB3 GTPase activating protein catalytic subunit 1
1387,RAB3GAP2,RAB3 GTPase activating non-catalytic protein subunit 2
1388,TGDS,"TDP-glucose 4,6-dehydratase"
1393,SNRPB,small nuclear ribonucleoprotein polypeptides B and B1
1394,TMCO1,transmembrane and coiled-coil domains 1
1401,RIPK4,receptor interacting serine/threonine kinase 4
1410,PADI3,peptidyl arginine deiminase 3
1410,TGM3,transglutaminase 3
1412,NOG,noggin
1415,MED12,mediator complex subunit 12
1416,TNFRSF11B,TNF receptor superfamily member 11b
1416,ANKH,ANKH inorganic pyrophosphate transport regulator
1422,HHAT,hedgehog acyltransferase
1425,CANT1,calcium activated nucleotidase 1
1425,CSGALNACT1,chondroitin sulfate N-acetylgalactosaminyltransferase 1
1425,XYLT1,xylosyltransferase 1
1426,LBR,lamin B receptor
1427,COL11A2,collagen type XI alpha 2 chain
1429,NKX2-1,NK2 homeobox 1
1429,ADCY5,adenylate cyclase 5
1435,POU3F4,POU class 3 homeobox 4
1451,NLRP3,NLR family pyrin domain containing 3
1452,RUNX2,RUNX family transcription factor 2
1454,INPP5E,inositol polyphosphate-5-phosphatase E
1454,CC2D2A,coiled-coil and C2 domain containing 2A
1454,TMEM67,transmembrane protein 67
1454,RPGRIP1L,RPGRIP1 like
1458,LONP1,"lon peptidase 1, mitochondrial"
1460,UQCRC2,ubiquinol-cytochrome c reductase core protein 2
1460,TTC19,tetratricopeptide repeat domain 19
1460,CYC1,cytochrome c1
1460,UQCC3,ubiquinol-cytochrome c reductase complex assembly factor 3
1460,BCS1L,"BCS1 homolog, ubiquinol-cytochrome c reductase complex chaperone"
1460,UQCRQ,ubiquinol-cytochrome c reductase complex III subunit VII
1460,UQCC2,ubiquinol-cytochrome c reductase complex assembly factor 2
1460,LYRM7,LYR motif containing 7
1460,MT-CYB,mitochondrially encoded cytochrome b
1460,UQCRB,ubiquinol-cytochrome c reductase binding protein
1460,UQCRFS1,"ubiquinol-cytochrome c reductase, Rieske iron-sulfur polypeptide 1"
1465,SOX4,SRY-box transcription factor 4
1465,ARID2,AT-rich interaction domain 2
1465,ARID1A,AT-rich interaction domain 1A
1465,ARID1B,AT-rich interaction domain 1B
1465,SMARCE1,"SWI/SNF related, matrix associated, actin dependent regulator of chromatin, subfamily e, member 1"
1465,SMARCD1,"SWI/SNF related, matrix associated, actin dependent regulator of chromatin, subfamily d, member 1"
1465,SMARCB1,"SWI/SNF related, matrix associated, actin dependent regulator of chromatin, subfamily b, member 1"
1465,SOX11,SRY-box transcription factor 11
1465,SMARCA4,"SWI/SNF related, matrix associated, actin dependent regulator of chromatin, subfamily a, member 4"
1465,SMARCC2,"SWI/SNF related, matrix associated, actin dependent regulator of chromatin subfamily c member 2"
1465,DPF2,double PHD fingers 2
1466,ERCC1,"ERCC excision repair 1, endonuclease non-catalytic subunit"
1466,ERCC2,"ERCC excision repair 2, TFIIH core complex helicase subunit"
1466,ERCC5,"ERCC excision repair 5, endonuclease"
1466,ERCC6,"ERCC excision repair 6, chromatin remodeling factor"
1473,YAP1,Yes1 associated transcriptional regulator
1475,PAX2,paired box 2
1479,NKX2-5,NK2 homeobox 5
1486,GLE1,GLE1 RNA export mediator
1490,SLC4A11,solute carrier family 4 member 11
1493,EPG5,ectopic P-granules 5 autophagy tethering factor
1496,SLC12A6,solute carrier family 12 member 6
1497,L1CAM,L1 cell adhesion molecule
1501,CTNNB1,catenin beta 1
1501,TP53,tumor protein p53
1501,ZNRF3,zinc and ring finger 3
1501,TP53,tumor protein p53
1501,PRKAR1A,protein kinase cAMP-dependent type I regulatory subunit alpha
1501,TERT,telomerase reverse transcriptase
1501,CDKN2A,cyclin dependent kinase inhibitor 2A
1507,ROR2,receptor tyrosine kinase like orphan receptor 2
1507,NXN,nucleoredoxin
1509,TBX4,T-box transcription factor 4
1513,SP7,Sp7 transcription factor
1513,SOST,sclerostin
1515,IFT52,intraflagellar transport 52
1515,IFT43,intraflagellar transport 43
1515,WDR35,WD repeat domain 35
1515,WDR19,WD repeat domain 19
1515,IFT122,intraflagellar transport 122
1517,KCNJ8,potassium inwardly rectifying channel subfamily J member 8
1517,ABCC9,ATP binding cassette subfamily C member 9
1519,SPECC1L,sperm antigen with calponin homology and coiled-coil domains 1 like
1520,EFNB1,ephrin B1
1522,ANKH,ANKH inorganic pyrophosphate transport regulator
1522,GJA1,gap junction protein alpha 1
1525,HPGD,15-hydroxyprostaglandin dehydrogenase
1529,PAX3,paired box 3
1540,FGFR2,fibroblast growth factor receptor 2
1541,MSX2,msh homeobox 2
1545,CRLF1,cytokine receptor like factor 1
1545,CLCF1,cardiotrophin like cytokine factor 1
1552,MNX1,motor neuron and pancreas homeobox 1
1553,SMO,"smoothened, frizzled class receptor"
1555,FGFR2,fibroblast growth factor receptor 2
1556,ARL6IP6,ADP ribosylation factor like GTPase 6 interacting protein 6
1556,GNA11,G protein subunit alpha 11
1561,SCO2,synthesis of cytochrome C oxidase 2
1561,COA5,cytochrome c oxidase assembly factor 5
1561,COX15,cytochrome c oxidase assembly homolog COX15
1561,COA6,cytochrome c oxidase assembly factor 6
1561,SCO1,synthesis of cytochrome C oxidase 1
1568,AP1S2,adaptor related protein complex 1 subunit sigma 2
1571,PAK2,p21 (RAC1) activated kinase 2
1571,COL18A1,collagen type XVIII alpha 1 chain
1572,TNFRSF13B,TNF receptor superfamily member 13B
1572,MS4A1,membrane spanning 4-domains A1
1572,TNFRSF13C,TNF receptor superfamily member 13C
1572,TNFSF12,TNF superfamily member 12
1572,CR2,complement C3d receptor 2
1572,ICOS,inducible T cell costimulator
1572,NFKB1,nuclear factor kappa B subunit 1
1572,CD19,CD19 molecule
1572,CD81,CD81 molecule
1572,TNFSF12,TNF superfamily member 12
1572,NFKB2,nuclear factor kappa B subunit 2
1572,IRF2BP2,interferon regulatory factor 2 binding protein 2
1573,CDH3,cadherin 3
1578,PCBD1,pterin-4 alpha-carbinolamine dehydratase 1
1587,RB1,RB transcriptional corepressor 1
1596,MCTP2,multiple C2 and transmembrane domain containing 2
1606,PDPN,podoplanin
1606,PRKCZ,protein kinase C zeta
1606,CASZ1,castor zinc finger 1
1606,LUZP1,leucine zipper protein 1
1606,PRDM16,PR/SET domain 16
1606,GABRD,gamma-aminobutyric acid type A receptor subunit delta
1606,SPEN,spen family transcriptional repressor
1606,MMP23B,matrix metallopeptidase 23B
1606,RERE,arginine-glutamic acid dipeptide repeats
1606,SKI,SKI proto-oncogene
1606,UBE4B,ubiquitination factor E4B
1606,HSPG2,heparan sulfate proteoglycan 2
1606,KCNAB2,potassium voltage-gated channel subfamily A regulatory beta subunit 2
1617,TBR1,T-box brain transcription factor 1
1617,NR4A2,nuclear receptor subfamily 4 group A member 2
1627,NSD1,nuclear receptor binding SET domain protein 1
1627,NKX2-5,NK2 homeobox 5
1646,RBMY1A1,RNA binding motif protein Y-linked family 1 member A1
1646,TSPY1,testis specific protein Y-linked 1
1646,AZF1,azoospermia factor 1
1646,DAZ4,deleted in azoospermia 4
1646,DDX3Y,DEAD-box helicase 3 Y-linked
1646,DAZ3,deleted in azoospermia 3
1646,DAZ2,deleted in azoospermia 2
1646,DAZ1,deleted in azoospermia 1
1646,USP9Y,ubiquitin specific peptidase 9 Y-linked
1658,SMARCAD1,"SWI/SNF-related, matrix-associated actin-dependent regulator of chromatin, subfamily a, containing DEAD/H box 1"
1662,LMNA,lamin A/C
1662,ZMPSTE24,zinc metallopeptidase STE24
1667,EIF2AK3,eukaryotic translation initiation factor 2 alpha kinase 3
1675,DPYD,dihydropyrimidine dehydrogenase
1713,RAI1,retinoic acid induced 1
1727,TBX1,T-box transcription factor 1
1762,MECP2,methyl-CpG binding protein 2
1764,ELP1,elongator complex protein 1
1766,TUBB2B,tubulin beta 2B class IIb
1766,CA8,carbonic anhydrase 8
1766,ATP8A2,ATPase phospholipid transporting 8A2
1766,VLDLR,very low density lipoprotein receptor
1766,WDR81,WD repeat domain 81
1772,SRY,sex determining region Y
1775,CTC1,CST telomere replication complex component 1
1775,NPM1,nucleophosmin 1
1775,WRAP53,WD repeat containing antisense to TP53
1775,TERC,telomerase RNA component
1775,USB1,U6 snRNA biogenesis phosphodiesterase 1
1775,NOP10,NOP10 ribonucleoprotein
1775,TINF2,TERF1 interacting nuclear factor 2
1775,RTEL1,regulator of telomere elongation helicase 1
1775,DKC1,dyskerin pseudouridine synthase 1
1775,TYMS,thymidylate synthetase
1775,TERT,telomerase reverse transcriptase
1775,PARN,poly(A)-specific ribonuclease
1775,NHP2,NHP2 ribonucleoprotein
1777,C12ORF57,chromosome 12 open reading frame 57
1782,TCIRG1,"T cell immune regulator 1, ATPase H+ transporting V0 subunit a3"
1782,SLC29A3,solute carrier family 29 member 3
1782,TNFRSF11A,TNF receptor superfamily member 11a
1788,SF3B4,splicing factor 3b subunit 4
1797,TBX6,T-box transcription factor 6
1802,TBXAS1,thromboxane A synthase 1
1807,TWIST2,twist family bHLH transcription factor 2
1810,EDAR,ectodysplasin A receptor
1810,TRAF6,TNF receptor associated factor 6
1810,EDARADD,EDAR associated via death domain
1810,KDF1,keratinocyte differentiation factor 1
1824,RNU4ATAC,"RNA, U4atac small nuclear"
1826,FLNA,filamin A
1826,MAP3K7,mitogen-activated protein kinase kinase kinase 7
1827,ZSWIM6,zinc finger SWIM-type containing 6
1830,SMARCAL1,"SWI/SNF related, matrix associated, actin dependent regulator of chromatin, subfamily a like 1"
1832,FAM20C,FAM20C golgi associated secretory pathway kinase
1848,WNT9B,Wnt family member 9B
1848,GFRA1,GDNF family receptor alpha 1
1848,GREB1L,GREB1 like retinoic acid receptor coactivator
1848,FGF20,fibroblast growth factor 20
1848,RET,ret proto-oncogene
1848,ITGA8,integrin subunit alpha 8
1855,ACP5,"acid phosphatase 5, tartrate resistant"
1856,COL2A1,collagen type II alpha 1 chain
1860,FGFR3,fibroblast growth factor receptor 3
1865,HSPG2,heparan sulfate proteoglycan 2
1871,CNGB3,cyclic nucleotide gated channel subunit beta 3
1871,GUCA1A,guanylate cyclase activator 1A
1871,GNAT2,G protein subunit alpha transducin 2
1871,PDE6C,phosphodiesterase 6C
1872,UNC119,unc-119 lipid binding chaperone
1872,GUCY2D,"guanylate cyclase 2D, retinal"
1872,GUCA1A,guanylate cyclase activator 1A
1872,ADAM9,ADAM metallopeptidase domain 9
1872,RPGR,retinitis pigmentosa GTPase regulator
1872,RIMS1,regulating synaptic membrane exocytosis 1
1872,OPN1MW,"opsin 1, medium wave sensitive"
1872,RAB28,"RAB28, member RAS oncogene family"
1872,PROM1,prominin 1
1872,NMNAT1,nicotinamide nucleotide adenylyltransferase 1
1872,TLCD3B,TLC domain containing 3B
1872,CACNA1F,calcium voltage-gated channel subunit alpha1 F
1872,PITPNM3,PITPNM family member 3
1872,ATF6,activating transcription factor 6
1872,AIPL1,aryl hydrocarbon receptor interacting protein like 1
1872,OPN1LW,"opsin 1, long wave sensitive"
1872,DRAM2,DNA damage regulated autophagy modulator 2
1872,TTLL5,tubulin tyrosine ligase like 5
1872,CNGA3,cyclic nucleotide gated channel subunit alpha 3
1872,RAX2,retina and anterior neural fold homeobox 2
1872,CFAP410,cilia and flagella associated protein 410
1872,CACNA2D4,calcium voltage-gated channel auxiliary subunit alpha2delta 4
1872,PRPH2,peripherin 2
1872,CFAP418,cilia and flagella associated protein 418
1872,CDHR1,cadherin related family member 1
1872,ABCA4,ATP binding cassette subfamily A member 4
1872,RPGRIP1,RPGR interacting protein 1
1872,POC1B,POC1 centriolar protein B
1872,SEMA4A,semaphorin 4A
1872,CRX,cone-rod homeobox
1873,CNNM4,cyclin and CBS domain divalent metal cation transport mediator 4
1878,TRIM32,tripartite motif containing 32
1879,LEMD3,LEM domain containing 3
1880,MYH7,myosin heavy chain 7
1885,FBN1,fibrillin 1
1885,ADAMTSL4,ADAMTS like 4
1896,TP63,tumor protein p63
1897,CDH3,cadherin 3
1899,COL1A1,collagen type I alpha 1 chain
1899,COL1A2,collagen type I alpha 2 chain
1900,PLOD1,"procollagen-lysine,2-oxoglutarate 5-dioxygenase 1"
1901,ADAMTSL2,ADAMTS like 2
1901,ADAMTS2,ADAM metallopeptidase with thrombospondin type 1 motif 2
1930,TLR3,toll like receptor 3
1930,TICAM1,TIR domain containing adaptor molecule 1
1930,TRAF3,TNF receptor associated factor 3
1930,UNC93B1,"unc-93 homolog B1, TLR signaling regulator"
1930,TBK1,TANK binding kinase 1
1933,SUCLA2,succinate-CoA ligase ADP-forming subunit beta
1934,PIGQ,phosphatidylinositol glycan anchor biosynthesis class Q
1934,CDKL5,cyclin dependent kinase like 5
1934,PIGP,phosphatidylinositol glycan anchor biosynthesis class P
1934,SCN1B,sodium voltage-gated channel beta subunit 1
1934,GRM7,glutamate metabotropic receptor 7
1934,CASK,calcium/calmodulin dependent serine protein kinase
1934,KCNA1,potassium voltage-gated channel subfamily A member 1
1934,TRIM8,tripartite motif containing 8
1934,PNKP,polynucleotide kinase 3'-phosphatase
1934,SCN2A,sodium voltage-gated channel alpha subunit 2
1934,GRIN1,glutamate ionotropic receptor NMDA type subunit 1
1934,SIK1,salt inducible kinase 1
1934,DMXL2,Dmx like 2
1934,ARX,aristaless related homeobox
1934,GNAO1,G protein subunit alpha o1
1934,NEUROD2,neuronal differentiation 2
1934,SLC25A22,solute carrier family 25 member 22
1934,SLC32A1,solute carrier family 32 member 1
1941,EFHC1,EF-hand domain containing 1
1942,AP2M1,adaptor related protein complex 2 subunit mu 1
1942,SCN1A,sodium voltage-gated channel alpha subunit 1
1942,SLC2A1,solute carrier family 2 member 1
1942,CHD2,chromodomain helicase DNA binding protein 2
1942,NEXMIF,neurite extension and migration factor
1942,SYNGAP1,synaptic Ras GTPase activating protein 1
1942,SLC6A1,solute carrier family 6 member 1
1945,GRIN2A,glutamate ionotropic receptor NMDA type subunit 2A
1945,GABRG2,gamma-aminobutyric acid type A receptor subunit gamma2
1945,SRPX2,sushi repeat containing protein X-linked 2
1946,ROGDI,rogdi atypical leucine zipper
1946,SLC13A5,solute carrier family 13 member 5
1947,CLN8,CLN8 transmembrane ER and ERGIC protein
1949,KCNQ2,potassium voltage-gated channel subfamily Q member 2
1949,KCNQ3,potassium voltage-gated channel subfamily Q member 3
1955,ELOVL4,ELOVL fatty acid elongase 4
1980,JAM2,junctional adhesion molecule 2
1980,MYORG,myogenesis regulating glycosidase (putative)
1980,PDGFB,platelet derived growth factor subunit B
1980,XPR1,xenotropic and polytropic retrovirus receptor 1
1980,SLC20A2,solute carrier family 20 member 2
1980,PDGFRB,platelet derived growth factor receptor beta
1986,BHLHA9,basic helix-loop-helix family member a9
1997,CDH1,cadherin 1
1997,CTNND1,catenin delta 1
2020,ACTA1,"actin alpha 1, skeletal muscle"
2020,MYL2,myosin light chain 2
2020,ITGA7,integrin subunit alpha 7
2020,TPM3,tropomyosin 3
2020,MAP3K20,mitogen-activated protein kinase kinase kinase 20
2020,HACD1,3-hydroxyacyl-CoA dehydratase 1
2020,TPM2,tropomyosin 2
2020,SELENON,selenoprotein N
2021,COL11A1,collagen type XI alpha 1 chain
2021,COL11A2,collagen type XI alpha 2 chain
2024,REST,RE1 silencing transcription factor
2024,SOS1,SOS Ras/Rac guanine nucleotide exchange factor 1
2024,GINGF2,"gingival fibromatosis, hereditary, 2"
2026,ABCA5,ATP binding cassette subfamily A member 5
2028,ANTXR2,ANTXR cell adhesion molecule 2
2030,NTRK3,neurotrophic receptor tyrosine kinase 3
2030,ETV6,ETS variant transcription factor 6
2032,SFTPC,surfactant protein C
2032,DSP,desmoplakin
2032,RTEL1,regulator of telomere elongation helicase 1
2032,TERT,telomerase reverse transcriptase
2032,SFTPA1,surfactant protein A1
2032,PARN,poly(A)-specific ribonuclease
2032,MUC5B,"mucin 5B, oligomeric mucus/gel-forming"
2032,ATP11A,ATPase phospholipid transporting 11A
2032,ABCA3,ATP binding cassette subfamily A member 3
2032,FAM13A,family with sequence similarity 13 member A
2032,TERC,telomerase RNA component
2032,STN1,STN1 subunit of CST complex
2032,DPP9,dipeptidyl peptidase 9
2032,SFTPA2,surfactant protein A2
2036,KCTD1,potassium channel tetramerization domain containing 1
2044,SRCAP,Snf2 related CREBBP activator protein
2050,P4HB,prolyl 4-hydroxylase subunit beta
2050,CRTAP,cartilage associated protein
2050,SEC24D,"SEC24 homolog D, COPII coat complex component"
2052,FRAS1,Fraser extracellular matrix complex subunit 1
2052,GRIP1,glutamate receptor interacting protein 1
2052,FREM2,FRAS1 related extracellular matrix 2
2053,MYH3,myosin heavy chain 3
2053,NALCN,"sodium leak channel, non-selective"
2056,KHK,ketohexokinase
2059,PIGN,phosphatidylinositol glycan anchor biosynthesis class N
2065,GON7,GON7 subunit of KEOPS complex
2065,TP53RK,TP53 regulating kinase
2065,YRDC,yrdC N6-threonylcarbamoyltransferase domain containing
2065,TPRKB,TP53RK binding protein
2065,NUP107,nucleoporin 107
2065,LAGE3,L antigen family member 3
2065,WDR73,WD repeat domain 73
2065,WDR4,WD repeat domain 4
2065,NUP133,nucleoporin 133
2065,OSGEP,O-sialoglycoprotein endopeptidase
2066,ABAT,4-aminobutyrate aminotransferase
2067,ANTXR1,ANTXR cell adhesion molecule 1
2072,GBA1,glucosylceramidase beta 1
2073,P2RY11,purinergic receptor P2Y11
2073,TNFSF4,TNF superfamily member 4
2073,ZNF365,zinc finger protein 365
2073,HLA-DQB1,"major histocompatibility complex, class II, DQ beta 1"
2073,CTSH,cathepsin H
2073,HCRT,hypocretin neuropeptide precursor
2073,HLA-DRB1,"major histocompatibility complex, class II, DR beta 1"
2073,MOG,myelin oligodendrocyte glycoprotein
2078,GORAB,"golgin, RAB6 interacting"
2078,PYCR1,pyrroline-5-carboxylate reductase 1
2084,FBN1,fibrillin 1
2088,SLC2A2,solute carrier family 2 member 2
2089,GYS2,glycogen synthase 2
2092,PORCN,porcupine O-acyltransferase
2095,SLC25A24,solute carrier family 25 member 24
2098,GDF5,growth differentiation factor 5
2098,BMPR1B,bone morphogenetic protein receptor type 1B
2102,GCH1,GTP cyclohydrolase 1
2108,CHD6,chromodomain helicase DNA binding protein 6
2114,UFSP2,UFM1 specific peptidase 2
2116,CLTRN,"collectrin, amino acid transport regulator"
2116,SLC6A19,solute carrier family 6 member 19
2117,FGFR1,fibroblast growth factor receptor 1
2118,HPD,4-hydroxyphenylpyruvate dioxygenase
2122,GNA14,G protein subunit alpha 14
2126,NAB2,NGFI-A binding protein 2
2126,STAT6,signal transducer and activator of transcription 6
2128,IGF2,insulin like growth factor 2
2128,KCNQ1OT1,KCNQ1 opposite strand/antisense transcript 1
2128,H19,H19 imprinted maternally expressed transcript
2131,CACNA1A,calcium voltage-gated channel subunit alpha1 A
2131,SLC1A3,solute carrier family 1 member 3
2131,ATP1A2,ATPase Na+/K+ transporting subunit alpha 2
2131,ATP1A3,ATPase Na+/K+ transporting subunit alpha 3
2132,HBB,hemoglobin subunit beta
2133,HBB,hemoglobin subunit beta
2136,ADAMTS3,ADAM metallopeptidase with thrombospondin type 1 motif 3
2136,FAT4,FAT atypical cadherin 4
2136,CCBE1,collagen and calcium binding EGF domains 1
2138,SOX9,SRY-box transcription factor 9
2138,NR5A1,nuclear receptor subfamily 5 group A member 1
2138,SRY,sex determining region Y
2140,LONP1,"lon peptidase 1, mitochondrial"
2140,GATA6,GATA binding protein 6
2140,ZFPM2,"zinc finger protein, FOG family member 2"
2143,LRP2,LDL receptor related protein 2
2148,DCX,doublecortin
2151,PHOX2B,paired like homeobox 2B
2157,HAL,histidine ammonia-lyase
2169,MTRR,5-methyltetrahydrofolate-homocysteine methyltransferase reductase
2170,MTR,5-methyltetrahydrofolate-homocysteine methyltransferase
2176,ANTXR2,ANTXR cell adhesion molecule 2
2177,NDE1,nudE neurodevelopment protein 1
2182,L1CAM,L1 cell adhesion molecule
2189,KIF7,kinesin family member 7
2189,HYLS1,HYLS1 centriolar and ciliogenesis associated
2195,SLC1A1,solute carrier family 1 member 1
2196,CLDN19,claudin 19
2197,ADCY10,adenylate cyclase 10
2198,RHBDF2,rhomboid 5 homolog 2
2199,KRT16,keratin 16
2199,KRT1,keratin 1
2199,KRT9,keratin 9
2202,MT-TS1,mitochondrially encoded tRNA-Ser (UCN) 1
2202,GJB2,gap junction protein beta 2
2203,AASS,aminoadipate-semialdehyde synthase
2209,PAH,phenylalanine hydroxylase
2224,TDO2,"tryptophan 2,3-dioxygenase"
2228,MSX1,msh homeobox 1
2229,LMNA,lamin A/C
2237,GATA3,GATA binding protein 3
2239,GCM2,glial cells missing transcription factor 2
2241,MYLK,myosin light chain kinase
2241,ACTG2,"actin gamma 2, smooth muscle"
2241,LMOD1,leiomodin 1
2241,MYH11,myosin heavy chain 11
2248,NKX2-5,NK2 homeobox 5
2248,GJA1,gap junction protein alpha 1
2250,SMCHD1,structural maintenance of chromosomes flexible hinge domain containing 1
2253,PAX6,paired box 6
2254,EXOSC9,exosome component 9
2254,EXOSC8,exosome component 8
2254,EXOSC3,exosome component 3
2254,SLC25A46,solute carrier family 25 member 46
2254,AGTPBP1,ATP/GTP binding carboxypeptidase 1
2254,VRK1,VRK serine/threonine kinase 1
2255,GATA6,GATA binding protein 6
2268,HELLS,"helicase, lymphoid specific"
2268,CDCA7,cell division cycle associated 7
2268,ZBTB24,zinc finger and BTB domain containing 24
2268,UHRF1,ubiquitin like with PHD and ring finger domains 1
2268,DNMT3B,DNA methyltransferase 3 beta
2273,MBTPS2,"membrane bound transcription factor peptidase, site 2"
2289,NOTCH2NLC,notch 2 N-terminal like C
2290,STX3,syntaxin 3
2290,MYO5B,myosin VB
2297,INSR,insulin receptor
2300,TTC7A,tetratricopeptide repeat domain 7A
2301,CLMP,CXADR like membrane protein
2301,FLNA,filamin A
2307,SALL4,spalt like transcription factor 4
2308,FLI1,"Fli-1 proto-oncogene, ETS transcription factor"
2309,KRT6A,keratin 6A
2309,KRT6B,keratin 6B
2309,KRT16,keratin 16
2309,KRT17,keratin 17
2311,DLL3,delta like canonical Notch ligand 3
2311,HES7,hes family bHLH transcription factor 7
2311,RIPPLY2,ripply transcriptional repressor 2
2311,LFNG,LFNG O-fucosylpeptide 3-beta-N-acetylglucosaminyltransferase
2311,MESP2,mesoderm posterior bHLH transcription factor 2
2312,UGT1A1,UDP glucuronosyltransferase family 1 member A1
2314,STAT3,signal transducer and activator of transcription 3
2315,UBR1,ubiquitin protein ligase E3 component n-recognin 1
2318,TMEM216,transmembrane protein 216
2318,CC2D2A,coiled-coil and C2 domain containing 2A
2318,TMEM237,transmembrane protein 237
2318,TMEM231,transmembrane protein 231
2318,CEP290,centrosomal protein 290
2318,TMEM138,transmembrane protein 138
2318,ZNF423,zinc finger protein 423
2319,ESCO2,establishment of sister chromatid cohesion N-acetyltransferase 2
2322,KDM6A,lysine demethylase 6A
2322,KMT2D,lysine methyltransferase 2D
2323,TBCE,tubulin folding cofactor E
2332,ANKRD11,ankyrin repeat domain containing 11
2334,PAX6,paired box 6
2337,AQP5,aquaporin 5
2340,SAT1,spermidine/spermine N1-acetyltransferase 1
2340,LRP1,LDL receptor related protein 1
2340,MBTPS2,"membrane bound transcription factor peptidase, site 2"
2342,CTSC,cathepsin C
2345,GDF3,growth differentiation factor 3
2345,GDF6,growth differentiation factor 6
2345,MEOX1,mesenchyme homeobox 1
2348,LMNA,lamin A/C
2353,PTCH1,patched 1
2363,FGFR3,fibroblast growth factor receptor 3
2363,FGFR2,fibroblast growth factor receptor 2
2363,FGF10,fibroblast growth factor 10
2377,PNPLA6,patatin like phospholipase domain containing 6
2378,LMBR1,limb development membrane protein 1
2379,RAB39B,"RAB39B, member RAS oncogene family"
2380,COL2A1,collagen type II alpha 1 chain
2382,CACNA1A,calcium voltage-gated channel subunit alpha1 A
2382,DNM1,dynamin 1
2382,CACNA1A,calcium voltage-gated channel subunit alpha1 A
2382,SCN1A,sodium voltage-gated channel alpha subunit 1
2382,CHD2,chromodomain helicase DNA binding protein 2
2382,MAPK10,mitogen-activated protein kinase 10
2382,CUX2,cut like homeobox 2
2382,GABRB3,gamma-aminobutyric acid type A receptor subunit beta3
2387,PLCD1,phospholipase C delta 1
2388,VPS13A,vacuolar protein sorting 13 homolog A
2394,DLD,dihydrolipoamide dehydrogenase
2396,KRAS,"KRAS proto-oncogene, GTPase"
2396,FGFR1,fibroblast growth factor receptor 1
2398,MFN2,mitofusin 2
2407,LAMA3,laminin subunit alpha 3
2438,HOXA13,homeobox A13
2440,EPS15L1,epidermal growth factor receptor pathway substrate 15 like 1
2440,DLX6,distal-less homeobox 6
2440,DLX5,distal-less homeobox 5
2440,WNT10B,Wnt family member 10B
2440,SEM1,SEM1 26S proteasome subunit
2440,TP63,tumor protein p63
2440,FBXW4,F-box and WD repeat domain containing 4
2440,BTRC,beta-transducin repeat containing E3 ubiquitin protein ligase
2451,TEK,TEK receptor tyrosine kinase
2460,SCARF2,scavenger receptor class F member 2
2461,PIEZO2,piezo type mechanosensitive ion channel component 2
2462,SKI,SKI proto-oncogene
2462,FBN1,fibrillin 1
2466,L1CAM,L1 cell adhesion molecule
2470,STRA6,signaling receptor and transporter of retinol STRA6
2470,WNT7B,Wnt family member 7B
2470,RARB,retinoic acid receptor beta
2473,MKKS,MKKS centrosomal shuttling protein
2478,MLC1,modulator of VRAC current 1
2478,HEPACAM,hepatic and glial cell adhesion molecule
2484,FLNA,filamin A
2495,SUFU,SUFU negative regulator of hedgehog signaling
2495,PIK3CA,"phosphatidylinositol-4,5-bisphosphate 3-kinase catalytic subunit alpha"
2495,BAP1,BRCA1 associated deubiquitinase 1
2495,SMO,"smoothened, frizzled class receptor"
2495,TERT,telomerase reverse transcriptase
2495,SMARCB1,"SWI/SNF related, matrix associated, actin dependent regulator of chromatin, subfamily b, member 1"
2495,TRAF7,TNF receptor associated factor 7
2495,NF2,"NF2, moesin-ezrin-radixin like (MERLIN) tumor suppressor"
2495,SMARCE1,"SWI/SNF related, matrix associated, actin dependent regulator of chromatin, subfamily e, member 1"
2495,BAP1,BRCA1 associated deubiquitinase 1
2495,AKT1,AKT serine/threonine kinase 1
2495,PDGFB,platelet derived growth factor subunit B
2498,FGF16,fibroblast growth factor 16
2499,PTPN11,protein tyrosine phosphatase non-receptor type 11
2500,COL3A1,collagen type III alpha 1 chain
2501,MMP13,matrix metallopeptidase 13
2504,RUNX2,RUNX family transcription factor 2
2505,TUBB,tubulin beta class I
2505,MAPRE2,microtubule associated protein RP/EB family member 2
2508,ARX,aristaless related homeobox
2510,RAB3GAP1,RAB3 GTPase activating protein catalytic subunit 1
2510,RAB3GAP2,RAB3 GTPase activating non-catalytic protein subunit 2
2510,RAB18,"RAB18, member RAS oncogene family"
2510,TBC1D20,TBC1 domain family member 20
2512,STIL,STIL centriolar assembly protein
2512,CDK6,cyclin dependent kinase 6
2512,SARS1,seryl-tRNA synthetase 1
2512,COPB2,COPI coat complex subunit beta 2
2512,ANKLE2,ankyrin repeat and LEM domain containing 2
2512,NUP37,nucleoporin 37
2512,MFSD2A,"MFSD2 lysolipid transporter A, lysophospholipid"
2512,CIT,citron rho-interacting serine/threonine kinase
2512,KIF14,kinesin family member 14
2512,TRAPPC14,trafficking protein particle complex subunit 14
2512,WARS1,tryptophanyl-tRNA synthetase 1
2512,PYCR2,pyrroline-5-carboxylate reductase 2
2512,CEP63,centrosomal protein 63
2512,KNL1,kinetochore scaffold 1
2512,PHC1,polyhomeotic homolog 1
2512,MCM7,minichromosome maintenance complex component 7
2512,CENPE,centromere protein E
2512,CEP152,centrosomal protein 152
2512,SASS6,SAS-6 centriolar assembly protein
2512,CENPJ,centromere protein J
2512,ASPM,assembly factor for spindle microtubules
2512,CDK5RAP2,CDK5 regulatory subunit associated protein 2
2512,CEP135,centrosomal protein 135
2512,TRAPPC10,trafficking protein particle complex subunit 10
2512,WDR62,WD repeat domain 62
2512,METTL5,"methyltransferase 5, N6-adenosine"
2512,NCAPD3,non-SMC condensin II complex subunit D3
2512,MCPH1,microcephalin 1
2512,TAF13,TATA-box binding protein associated factor 13
2514,DPP6,dipeptidyl peptidase like 6
2514,LMNB1,lamin B1
2518,TUBGCP6,tubulin gamma complex component 6
2518,TUBGCP4,tubulin gamma complex component 4
2518,PLK4,polo like kinase 4
2524,TSEN15,tRNA splicing endonuclease subunit 15
2524,TSEN2,tRNA splicing endonuclease subunit 2
2524,SEPSECS,Sep (O-phosphoserine) tRNA:Sec (selenocysteine) tRNA synthase
2524,TSEN54,tRNA splicing endonuclease subunit 54
2524,TSEN34,tRNA splicing endonuclease subunit 34
2526,KIF11,kinesin family member 11
2554,CDC6,cell division cycle 6
2554,GMNN,geminin DNA replication inhibitor
2554,ORC6,origin recognition complex subunit 6
2554,ORC4,origin recognition complex subunit 4
2554,CDC45,cell division cycle 45
2554,CDT1,chromatin licensing and DNA replication factor 1
2554,ORC1,origin recognition complex subunit 1
2556,NDUFB11,NADH:ubiquinone oxidoreductase subunit B11
2556,HCCS,holocytochrome c synthase
2556,COX7B,cytochrome c oxidase subunit 7B
2570,GPKOW,G-patch domain and KOW motifs
2573,ACTA2,"actin alpha 2, smooth muscle"
2573,RNF213,ring finger protein 213
2573,DIAPH1,diaphanous related formin 1
2576,TRIM37,tripartite motif containing 37
2578,HNF1B,HNF1 homeobox B
2578,WNT4,Wnt family member 4
2584,CD28,CD28 molecule
2584,TNFRSF1B,TNF receptor superfamily member 1B
2584,CTLA4,cytotoxic T-lymphocyte associated protein 4
2585,SAMD9L,sterile alpha motif domain containing 9 like
2587,MPO,myeloperoxidase
2588,SMAD4,SMAD family member 4
2590,ASAH1,N-acylsphingosine amidohydrolase 1
2591,NOTCH3,notch receptor 3
2591,PDGFRB,platelet derived growth factor receptor beta
2593,STIM1,stromal interaction molecule 1
2593,ORAI1,ORAI calcium release-activated calcium modulator 1
2593,CASQ1,calsequestrin 1
2596,MT-TE,mitochondrially encoded tRNA-Glu (GAA/G)
2598,PUS1,pseudouridine synthase 1
2598,YARS2,tyrosyl-tRNA synthetase 2
2604,ACTG2,"actin gamma 2, smooth muscle"
2609,NDUFAF1,NADH:ubiquinone oxidoreductase complex assembly factor 1
2609,NDUFAF3,NADH:ubiquinone oxidoreductase complex assembly factor 3
2609,NDUFAF2,NADH:ubiquinone oxidoreductase complex assembly factor 2
2609,TMEM126B,transmembrane protein 126B
2609,NDUFS1,NADH:ubiquinone oxidoreductase core subunit S1
2609,MT-ND1,mitochondrially encoded NADH:ubiquinone oxidoreductase core subunit 1
2609,FOXRED1,FAD dependent oxidoreductase domain containing 1
2609,NDUFAF8,NADH:ubiquinone oxidoreductase complex assembly factor 8
2609,NDUFB10,NADH:ubiquinone oxidoreductase subunit B10
2609,TIMMDC1,translocase of inner mitochondrial membrane domain containing 1
2609,NDUFAF4,NADH:ubiquinone oxidoreductase complex assembly factor 4
2609,NUBPL,"NUBP iron-sulfur cluster assembly factor, mitochondrial"
2609,NDUFS4,NADH:ubiquinone oxidoreductase subunit S4
2609,NDUFA6,NADH:ubiquinone oxidoreductase subunit A6
2609,NDUFA11,NADH:ubiquinone oxidoreductase subunit A11
2609,MT-ND3,mitochondrially encoded NADH:ubiquinone oxidoreductase core subunit 3
2609,NDUFB11,NADH:ubiquinone oxidoreductase subunit B11
2609,MT-ND2,mitochondrially encoded NADH:ubiquinone oxidoreductase core subunit 2
2609,NDUFA1,NADH:ubiquinone oxidoreductase subunit A1
2609,NDUFB3,NADH:ubiquinone oxidoreductase subunit B3
2609,NDUFB9,NADH:ubiquinone oxidoreductase subunit B9
2609,NDUFS2,NADH:ubiquinone oxidoreductase core subunit S2
2609,NDUFS6,NADH:ubiquinone oxidoreductase subunit S6
2609,NDUFAF5,NADH:ubiquinone oxidoreductase complex assembly factor 5
2609,NDUFV2,NADH:ubiquinone oxidoreductase core subunit V2
2609,NDUFV1,NADH:ubiquinone oxidoreductase core subunit V1
2609,NDUFS8,NADH:ubiquinone oxidoreductase core subunit S8
2609,NDUFS7,NADH:ubiquinone oxidoreductase core subunit S7
2609,NDUFS3,NADH:ubiquinone oxidoreductase core subunit S3
2612,KRAS,"KRAS proto-oncogene, GTPase"
2612,HRAS,"HRas proto-oncogene, GTPase"
2612,NRAS,"NRAS proto-oncogene, GTPase"
2613,LMX1B,LIM homeobox transcription factor 1 beta
2614,LMX1B,LIM homeobox transcription factor 1 beta
2616,CUL7,cullin 7
2616,OBSL1,obscurin like cytoskeletal adaptor 1
2616,CCDC8,coiled-coil domain containing 8
2623,ADAMTSL2,ADAMTS like 2
2623,LTBP3,latent transforming growth factor beta binding protein 3
2623,FBN1,fibrillin 1
2632,SHOX,SHOX homeobox
2635,TRPV4,transient receptor potential cation channel subfamily V member 4
2636,RNU4ATAC,"RNA, U4atac small nuclear"
2637,PCNT,pericentrin
2639,BMPR1B,bone morphogenetic protein receptor type 1B
2639,GDF5,growth differentiation factor 5
2645,FGFR1,fibroblast growth factor receptor 1
2658,PTDSS1,phosphatidylserine synthase 1
2662,GPC4,glypican 4
2665,NTRK3,neurotrophic receptor tyrosine kinase 3
2665,ETV6,ETS variant transcription factor 6
2670,LAMB2,laminin subunit beta 2
2680,CNTNAP1,contactin associated protein 1
2680,LGI4,leucine rich repeat LGI family member 4
2680,ADCY6,adenylate cyclase 6
2686,ELANE,"elastase, neutrophil expressed"
2697,VIPAS39,"VPS33B interacting protein, apical-basolateral polarity regulator, spe-39 homolog"
2697,VPS33B,VPS33B late endosome and lysosome associated
2698,GJB2,gap junction protein beta 2
2701,PPP1CB,protein phosphatase 1 catalytic subunit beta
2701,SHOC2,SHOC2 leucine rich repeat scaffold protein
2704,LRIG2,leucine rich repeats and immunoglobulin like domains 2
2704,HPSE2,heparanase 2 (inactive)
2707,UBE3B,ubiquitin protein ligase E3B
2710,GJA1,gap junction protein alpha 1
2712,BCOR,BCL6 corepressor
2717,FREM1,FRAS1 related extracellular matrix 1
2721,WNT10A,Wnt family member 10A
2728,MED12,mediator complex subunit 12
2744,ROBO3,roundabout guidance receptor 3
2744,DCC,DCC netrin 1 receptor
2745,MID1,midline 1
2746,INPPL1,inositol polyphosphate phosphatase like 1
2750,OFD1,OFD1 centriole and centriolar satellite protein
2751,NEK1,NIMA related kinase 1
2753,TCTN3,tectonic family member 3
2754,OFD1,OFD1 centriole and centriolar satellite protein
2754,TMEM216,transmembrane protein 216
2754,CPLANE1,ciliogenesis and planar polarity effector complex subunit 1
2754,TOPORS,"TOP1 binding arginine/serine rich protein, E3 ubiquitin ligase"
2754,TMEM231,transmembrane protein 231
2754,KIF7,kinesin family member 7
2754,FAM149B1,family with sequence similarity 149 member B1
2754,TCTN3,tectonic family member 3
2754,KIAA0753,KIAA0753
2754,PDE6D,phosphodiesterase 6D
2762,GNAS,GNAS complex locus
2763,FAM111A,FAM111 trypsin like peptidase A
2770,TYROBP,transmembrane immune signaling adaptor TYROBP
2770,TREM2,triggering receptor expressed on myeloid cells 2
2771,FKBP10,FKBP prolyl isomerase 10
2771,PLOD2,"procollagen-lysine,2-oxoglutarate 5-dioxygenase 2"
2774,MAFB,MAF bZIP transcription factor B
2780,AMER1,APC membrane recruitment protein 1
2783,LRP5,LDL receptor related protein 5
2785,CA2,carbonic anhydrase 2
2788,LRP5,LDL receptor related protein 5
2789,NOTCH3,notch receptor 3
2790,LRP5,LDL receptor related protein 5
2791,FGF3,fibroblast growth factor 3
2792,PAX1,paired box 1
2792,EYA1,EYA transcriptional coactivator and phosphatase 1
2796,SLCO2A1,solute carrier organic anion transporter family member 2A1
2796,HPGD,15-hydroxyprostaglandin dehydrogenase
2801,TNFRSF11A,TNF receptor superfamily member 11a
2801,TNFRSF11B,TNF receptor superfamily member 11b
2802,ABCB7,ATP binding cassette subfamily B member 7
2805,PTF1A,pancreas associated transcription factor 1a
2805,PDX1,pancreatic and duodenal homeobox 1
2807,TP53,tumor protein p53
2822,SPG11,"SPG11 vesicle trafficking associated, spatacsin"
2828,SYNJ1,synaptojanin 1
2828,UCHL1,ubiquitin C-terminal hydrolase L1
2828,LRRK2,leucine rich repeat kinase 2
2828,PARK7,Parkinsonism associated deglycase
2828,PINK1,PTEN induced kinase 1
2828,PRKN,parkin RBR E3 ubiquitin protein ligase
2828,DNAJC6,DnaJ heat shock protein family (Hsp40) member C6
2828,PODXL,podocalyxin like
2828,SNCA,synuclein alpha
2828,VPS13C,vacuolar protein sorting 13 homolog C
2828,HTRA2,HtrA serine peptidase 2
2833,FBN1,fibrillin 1
2834,ATP6V0A2,ATPase H+ transporting V0 subunit a2
2836,ZNHIT3,zinc finger HIT-type containing 3
2841,ATP2C1,ATPase secretory pathway Ca2+ transporting 1
2843,DCXR,dicarbonyl and L-xylulose reductase
2848,PRG4,proteoglycan 4
2849,DIS3L2,DIS3 like 3'-5' exoribonuclease 2
2850,AHSG,alpha 2-HS glycoprotein
2850,ITGB6,integrin subunit beta 6
2850,LSS,lanosterol synthase
2854,WNT7A,Wnt family member 7A
2856,AMH,anti-Mullerian hormone
2856,AMHR2,anti-Mullerian hormone receptor type 2
2869,STK11,serine/threonine kinase 11
2874,HRAS,"HRas proto-oncogene, GTPase"
2879,WNT7A,Wnt family member 7A
2880,PCK1,phosphoenolpyruvate carboxykinase 1
2880,PCK2,"phosphoenolpyruvate carboxykinase 2, mitochondrial"
2882,ABCG8,ATP binding cassette subfamily G member 8
2882,ABCG5,ATP binding cassette subfamily G member 5
2884,SNAI2,snail family transcriptional repressor 2
2884,KIT,"KIT proto-oncogene, receptor tyrosine kinase"
2886,RBM10,RNA binding motif protein 10
2896,TCF4,transcription factor 4
2896,TCF4,transcription factor 4
2897,CARD14,caspase recruitment domain family member 14
2899,LTBP3,latent transforming growth factor beta binding protein 3
2901,SEPTIN9,septin 9
2903,FLCN,folliculin
2908,FERMT1,FERM domain containing kindlin 1
2919,DDX59,DEAD-box helicase 59
2924,SEC63,"SEC63 homolog, protein translocation regulator"
2924,PRKCSH,PRKCSH beta subunit of glucosidase II
2924,LRP5,LDL receptor related protein 5
2953,CHST14,carbohydrate sulfotransferase 14
2953,DSE,dermatan sulfate epimerase
2957,HOXA13,homeobox A13
2963,SLC25A24,solute carrier family 25 member 24
2965,MEN1,menin 1
2965,AIP,aryl hydrocarbon receptor interacting protein
2965,CDH23,cadherin related 23
2966,CFP,complement factor properdin
2969,PTEN,phosphatase and tensin homolog
2970,CHRM3,cholinergic receptor muscarinic 3
2971,ACOX1,acyl-CoA oxidase 1
2990,CHRNG,cholinergic receptor nicotinic gamma subunit
2990,MYH3,myosin heavy chain 3
2995,ACTB,actin beta
2995,ACTG1,actin gamma 1
3000,LHCGR,luteinizing hormone/choriogonadotropin receptor
3002,FCGR2C,Fc gamma receptor IIc (gene/pseudogene)
3005,SFRP4,secreted frizzled related protein 4
3006,PLPBP,pyridoxal phosphate binding protein
3006,ALDH7A1,aldehyde dehydrogenase 7 family member A1
3019,ELMO2,engulfment and cell motility 2
3021,RECQL4,RecQ like helicase 4
3027,VANGL1,VANGL planar cell polarity protein 1
3027,FUZ,fuzzy planar cell polarity protein
3032,NPHP3,nephrocystin 3
3042,ZBTB20,zinc finger and BTB domain containing 20
3047,KAT6B,lysine acetyltransferase 6B
3051,SMARCA2,"SWI/SNF related, matrix associated, actin dependent regulator of chromatin, subfamily a, member 2"
3057,MAOA,monoamine oxidase A
3063,SMS,spermine synthase
3071,HRAS,"HRas proto-oncogene, GTPase"
3077,MECP2,methyl-CpG binding protein 2
3086,BEST1,bestrophin 1
3088,TINF2,TERF1 interacting nuclear factor 2
3095,GABBR2,gamma-aminobutyric acid type B receptor subunit 2
3095,MECP2,methyl-CpG binding protein 2
3095,CDKL5,cyclin dependent kinase like 5
3095,NTNG1,netrin G1
3095,SMC1A,structural maintenance of chromosomes 1A
3097,WT1,WT1 transcription factor
3102,EIF4A3,eukaryotic translation initiation factor 4A3
3103,ESCO2,establishment of sister chromatid cohesion N-acetyltransferase 2
3107,WNT5A,Wnt family member 5A
3107,FZD2,frizzled class receptor 2
3107,DVL1,dishevelled segment polarity protein 1
3107,DVL3,dishevelled segment polarity protein 3
3111,SLCO1B3,solute carrier organic anion transporter family member 1B3
3111,SLCO1B1,solute carrier organic anion transporter family member 1B1
3115,MPZ,myelin protein zero
3115,PMP22,peripheral myelin protein 22
3124,AASS,aminoadipate-semialdehyde synthase
3129,SARDH,sarcosine dehydrogenase
3138,TBX3,T-box transcription factor 3
3144,SLC35D1,solute carrier family 35 member D1
3144,INPPL1,inositol polyphosphate phosphatase like 1
3152,LRP4,LDL receptor related protein 4
3152,SOST,sclerostin
3156,CEP164,centrosomal protein 164
3156,CEP290,centrosomal protein 290
3156,NPHP1,nephrocystin 1
3156,NPHP4,nephrocystin 4
3156,WDR19,WD repeat domain 19
3156,TRAF3IP1,TRAF3 interacting protein 1
3156,SDCCAG8,SHH signaling and ciliogenesis regulator SDCCAG8
3156,NPHP3,nephrocystin 3
3156,INVS,inversin
3156,IQCB1,IQ motif containing B1
3157,ARNT2,aryl hydrocarbon receptor nuclear translocator 2
3157,PROKR2,prokineticin receptor 2
3157,HESX1,HESX homeobox 1
3157,SOX2,SRY-box transcription factor 2
3157,SOX3,SRY-box transcription factor 3
3157,OTX2,orthodenticle homeobox 2
3157,FGFR1,fibroblast growth factor receptor 1
3162,CTLA4,cytotoxic T-lymphocyte associated protein 4
3162,TNFRSF1B,TNF receptor superfamily member 1B
3162,CD28,CD28 molecule
3163,PIK3R1,phosphoinositide-3-kinase regulatory subunit 1
3166,GNE,glucosamine (UDP-N-acetyl)-2-epimerase/N-acetylmannosamine kinase
3175,ARX,aristaless related homeobox
3193,ELN,elastin
3197,GLRB,glycine receptor beta
3197,SLC6A5,solute carrier family 6 member 5
3197,GLRA1,glycine receptor alpha 1
3197,ATAD1,ATPase family AAA domain containing 1
3197,GPHN,gephyrin
3202,PIEZO1,piezo type mechanosensitive ion channel component 1 (Er blood group)
3202,KCNN4,potassium calcium-activated channel subfamily N member 4
3202,SLC4A1,solute carrier family 4 member 1 (Diego blood group)
3203,RHAG,Rh associated glycoprotein
3204,STIM1,stromal interaction molecule 1
3204,ORAI1,ORAI calcium release-activated calcium modulator 1
3205,GNAQ,G protein subunit alpha q
3206,LIFR,LIF receptor subunit alpha
3208,SDHD,succinate dehydrogenase complex subunit D
3208,SDHB,succinate dehydrogenase complex iron sulfur subunit B
3208,SDHA,succinate dehydrogenase complex flavoprotein subunit A
3208,SDHAF1,succinate dehydrogenase complex assembly factor 1
3220,PEX6,peroxisomal biogenesis factor 6
3220,PEX1,peroxisomal biogenesis factor 1
3237,FGF9,fibroblast growth factor 9
3237,NOG,noggin
3237,GDF5,growth differentiation factor 5
3238,MAP3K7,mitogen-activated protein kinase kinase kinase 7
3240,KARS1,lysyl-tRNA synthetase 1
3243,MEFV,"MEFV innate immunity regulator, pyrin"
3243,PTPN6,protein tyrosine phosphatase non-receptor type 6
3250,GDF5,growth differentiation factor 5
3250,NOG,noggin
3253,NECTIN1,nectin cell adhesion molecule 1
3255,CKAP2L,cytoskeleton associated protein 2 like
3258,LRP4,LDL receptor related protein 4
3258,APC,APC regulator of WNT signaling pathway
3261,FAS,Fas cell surface death receptor
3261,FAS,Fas cell surface death receptor
3261,FASLG,Fas ligand
3261,CASP10,caspase 10
3273,SSX2,SSX family member 2
3273,SSX1,SSX family member 1
3273,SS18,SS18 subunit of BAF chromatin remodeling complex
3275,MYH3,myosin heavy chain 3
3275,FLNB,filamin B
3286,CASQ2,calsequestrin 2
3286,TECRL,"trans-2,3-enoyl-CoA reductase like"
3286,CALM3,calmodulin 3
3286,CALM2,calmodulin 2
3286,CALM1,calmodulin 1
3286,RYR2,ryanodine receptor 2
3286,TRDN,triadin
3287,HLA-B,"major histocompatibility complex, class I, B"
3287,MLX,MAX dimerization protein MLX
3287,IL12B,interleukin 12B
3301,TBX4,T-box transcription factor 4
3301,WNT3,Wnt family member 3
3301,RSPO2,R-spondin 2
3303,GATA5,GATA binding protein 5
3303,GDF1,growth differentiation factor 1
3303,TBX1,T-box transcription factor 1
3303,JAG1,jagged canonical Notch ligand 1
3303,GATA4,GATA binding protein 4
3303,GJA5,gap junction protein alpha 5
3303,ZFPM2,"zinc finger protein, FOG family member 2"
3303,CITED2,Cbp/p300 interacting transactivator with Glu/Asp rich carboxy-terminal domain 2
3303,KDR,kinase insert domain receptor
3303,GATA6,GATA binding protein 6
3303,NKX2-6,NK2 homeobox 6
3303,NKX2-5,NK2 homeobox 5
3303,FLT4,fms related receptor tyrosine kinase 4
3318,MPL,"MPL proto-oncogene, thrombopoietin receptor"
3318,JAK2,Janus kinase 2
3318,CALR,calreticulin
3318,SH2B3,SH2B adaptor protein 3
3318,TET2,tet methylcytosine dioxygenase 2
3318,TP53,tumor protein p53
3319,THPO,thrombopoietin
3319,MPL,"MPL proto-oncogene, thrombopoietin receptor"
3320,RBM8A,RNA binding motif protein 8A
3322,TERT,telomerase reverse transcriptase
3322,TINF2,TERF1 interacting nuclear factor 2
3322,DKC1,dyskerin pseudouridine synthase 1
3322,RTEL1,regulator of telomere elongation helicase 1
3322,ACD,ACD shelterin complex subunit and telomerase recruitment factor
3322,PARN,poly(A)-specific ribonuclease
3329,BHLHA9,basic helix-loop-helix family member a9
3337,EHHADH,enoyl-CoA hydratase and 3-hydroxyacyl CoA dehydrogenase
3337,NDUFAF6,NADH:ubiquinone oxidoreductase complex assembly factor 6
3337,SLC34A1,solute carrier family 34 member 1
3337,GATM,glycine amidinotransferase
3338,DDX3X,DEAD-box helicase 3 X-linked
3339,KRAS,"KRAS proto-oncogene, GTPase"
3342,SLC2A10,solute carrier family 2 member 10
3352,DLX3,distal-less homeobox 3
3363,PNPLA6,patatin like phospholipase domain containing 6
3366,FGFR1,fibroblast growth factor receptor 1
3366,FREM1,FRAS1 related extracellular matrix 1
3377,MYH8,myosin heavy chain 8
3384,TBX1,T-box transcription factor 1
3384,NKX2-6,NK2 homeobox 6
3384,PLXND1,plexin D1
3389,SLC11A1,solute carrier family 11 member 1
3412,FANCB,FA complementation group B
3416,SOST,sclerostin
3416,LRP5,LDL receptor related protein 5
3437,FAS,Fas cell surface death receptor
3437,PTPN22,protein tyrosine phosphatase non-receptor type 22
3447,NSD1,nuclear receptor binding SET domain protein 1
3447,SUZ12,SUZ12 polycomb repressive complex 2 subunit
3447,EZH2,enhancer of zeste 2 polycomb repressive complex 2 subunit
3449,ADAMTS10,ADAM metallopeptidase with thrombospondin type 1 motif 10
3449,ADAMTS17,ADAM metallopeptidase with thrombospondin type 1 motif 17
3449,FBN1,fibrillin 1
3449,LTBP2,latent transforming growth factor beta binding protein 2
3451,NTRK2,neurotrophic receptor tyrosine kinase 2
3451,ST3GAL3,"ST3 beta-galactoside alpha-2,3-sialyltransferase 3"
3451,GUF1,GTP binding elongation factor GUF1
3451,SIK1,salt inducible kinase 1
3451,CNPY3,canopy FGF signaling regulator 3
3451,CDKL5,cyclin dependent kinase like 5
3451,SPTAN1,"spectrin alpha, non-erythrocytic 1"
3451,GRIN2B,glutamate ionotropic receptor NMDA type subunit 2B
3451,PLCB1,phospholipase C beta 1
3451,PIGA,phosphatidylinositol glycan anchor biosynthesis class A
3451,WDR45,WD repeat domain 45
3451,SCN2A,sodium voltage-gated channel alpha subunit 2
3451,PHACTR1,phosphatase and actin regulator 1
3451,ARX,aristaless related homeobox
3452,IRF4,interferon regulatory factor 4
3453,AIRE,autoimmune regulator
3454,ZC4H2,zinc finger C4H2-type containing
3455,POLR3A,RNA polymerase III subunit A
3459,HDAC8,histone deacetylase 8
3459,LAS1L,LAS1 like ribosome biogenesis factor
3463,CISD2,CDGSH iron sulfur domain 2
3463,WFS1,wolframin ER transmembrane glycoprotein
3472,FIG4,FIG4 phosphoinositide 5-phosphatase
3472,VAC14,VAC14 component of PIKFYVE complex
3473,ATP6V1B2,ATPase H+ transporting V1 subunit B2
3473,KCNN3,potassium calcium-activated channel subfamily N member 3
3473,KCNH1,potassium voltage-gated channel subfamily H member 1
3474,PIGL,phosphatidylinositol glycan anchor biosynthesis class L
25980,VMA21,vacuolar ATPase assembly factor VMA21
26106,CDH1,cadherin 1
26106,CTNNA1,catenin alpha 1
26106,MAP3K6,mitogen-activated protein kinase kinase kinase 6
26792,ACADS,acyl-CoA dehydrogenase short chain
26793,ACADVL,acyl-CoA dehydrogenase very long chain
28378,TAT,tyrosine aminotransferase
29072,SDHAF2,succinate dehydrogenase complex assembly factor 2
29072,SDHB,succinate dehydrogenase complex iron sulfur subunit B
29072,VHL,von Hippel-Lindau tumor suppressor
29072,NF1,neurofibromin 1
29072,MDH2,malate dehydrogenase 2
29072,RET,ret proto-oncogene
29072,SDHC,succinate dehydrogenase complex subunit C
29072,SDHD,succinate dehydrogenase complex subunit D
29072,SDHA,succinate dehydrogenase complex flavoprotein subunit A
29072,KIF1B,kinesin family member 1B
29072,TMEM127,transmembrane protein 127
29072,FH,fumarate hydratase
29072,DLST,dihydrolipoamide S-succinyltransferase
29072,MAX,MYC associated factor X
29072,SLC25A11,solute carrier family 25 member 11
29073,CCND1,cyclin D1
29207,HLA-B,"major histocompatibility complex, class I, B"
29207,HLA-B,"major histocompatibility complex, class I, B"
30924,TRPM6,transient receptor potential cation channel subfamily M member 6
30925,AVP,arginine vasopressin
31043,CLDN16,claudin 16
31112,COL1A1,collagen type I alpha 1 chain
31112,PDGFB,platelet derived growth factor subunit B
31150,ABCA1,ATP binding cassette subfamily A member 1
31709,PRRT2,proline rich transmembrane protein 2
31709,PDE2A,phosphodiesterase 2A
31709,SCN8A,sodium voltage-gated channel alpha subunit 8
31740,MUC5B,"mucin 5B, oligomeric mucus/gel-forming"
31837,BMPR2,bone morphogenetic protein receptor type 2
31837,EIF2AK4,eukaryotic translation initiation factor 2 alpha kinase 4
32960,TNFRSF1A,TNF receptor superfamily member 1A
33001,FOXC2,forkhead box C2
33067,PTH1R,parathyroid hormone 1 receptor
33069,GABRA1,gamma-aminobutyric acid type A receptor subunit alpha1
33069,SCN9A,sodium voltage-gated channel alpha subunit 9
33069,SCN2A,sodium voltage-gated channel alpha subunit 2
33069,GABRG2,gamma-aminobutyric acid type A receptor subunit gamma2
33069,PCDH19,protocadherin 19
33069,SCN1B,sodium voltage-gated channel beta subunit 1
33069,SCN1A,sodium voltage-gated channel alpha subunit 1
33108,CHRNG,cholinergic receptor nicotinic gamma subunit
33108,RAPSN,receptor associated protein of the synapse
33108,CHRNA1,cholinergic receptor nicotinic alpha 1 subunit
33108,RYR1,ryanodine receptor 1
33108,CHRND,cholinergic receptor nicotinic delta subunit
33108,NEB,nebulin
33110,PIK3R1,phosphoinositide-3-kinase regulatory subunit 1
33110,CD79B,CD79b molecule
33110,TCF3,transcription factor 3
33110,SPI1,Spi-1 proto-oncogene
33110,SLC39A7,solute carrier family 39 member 7
33110,LRRC8A,leucine rich repeat containing 8 VRAC subunit A
33110,CD79A,CD79a molecule
33110,IGHM,immunoglobulin heavy constant mu
33110,IGLL1,immunoglobulin lambda like polypeptide 1
33110,BLNK,B cell linker
33226,MYD88,MYD88 innate immune signal transduction adaptor
33355,AK2,adenylate kinase 2
33364,TARS1,threonyl-tRNA synthetase 1
33364,GTF2H5,general transcription factor IIH subunit 5
33364,ERCC3,"ERCC excision repair 3, TFIIH core complex helicase subunit"
33364,CARS1,cysteinyl-tRNA synthetase 1
33364,MPLKIP,M-phase specific PLK1 interacting protein
33364,AARS1,alanyl-tRNA synthetase 1
33364,GTF2E2,general transcription factor IIE subunit 2
33364,ERCC2,"ERCC excision repair 2, TFIIH core complex helicase subunit"
33364,RNF113A,ring finger protein 113A
33402,MET,"MET proto-oncogene, receptor tyrosine kinase"
33402,CTNNB1,catenin beta 1
33445,MYO5A,myosin VA
33543,TRANK1,tetratricopeptide repeat and ankyrin repeat containing 1
33572,OPLAH,"5-oxoprolinase, ATP-hydrolysing"
33573,GGT1,gamma-glutamyltransferase 1
33574,GCLC,glutamate-cysteine ligase catalytic subunit
34217,JUP,junction plakoglobin
34514,TCAP,titin-cap
34515,FKRP,fukutin related protein
34516,DNAJB6,DnaJ heat shock protein family (Hsp40) member B6
34520,ITGA7,integrin subunit alpha 7
34528,FXYD2,FXYD domain containing ion transport regulator 2
34587,LAMP2,lysosomal associated membrane protein 2
34592,B2M,beta-2-microglobulin
34592,TAP2,"transporter 2, ATP binding cassette subfamily B member"
34592,TAPBP,TAP binding protein
34592,TAP1,"transporter 1, ATP binding cassette subfamily B member"
35069,PLA2G6,phospholipase A2 group VI
35078,JAK3,Janus kinase 3
35093,ALX4,ALX homeobox 4
35093,ERF,ETS2 repressor factor
35093,TWIST1,twist family bHLH transcription factor 1
35099,TCF12,transcription factor 12
35099,FGFR3,fibroblast growth factor receptor 3
35099,TWIST1,twist family bHLH transcription factor 1
35099,ZIC1,Zic family member 1
35107,DHCR24,24-dehydrocholesterol reductase
35120,NT5C3A,"5'-nucleotidase, cytosolic IIIA"
35122,SI,sucrase-isomaltase
35173,EBP,EBP cholestenol delta-isomerase
35612,PRSS56,serine protease 56
35612,BEST1,bestrophin 1
35612,SOX2,SRY-box transcription factor 2
35612,RAX,retina and anterior neural fold homeobox
35612,ALDH1A3,aldehyde dehydrogenase 1 family member A3
35612,MFRP,membrane frizzled-related protein
35612,OTX2,orthodenticle homeobox 2
35612,TMEM98,transmembrane protein 98
35612,SIX6,SIX homeobox 6
35612,CRB1,crumbs cell polarity complex component 1
35664,ALDH18A1,aldehyde dehydrogenase 18 family member A1
35689,SPG7,"SPG7 matrix AAA peptidase subunit, paraplegin"
35701,HMGCS2,3-hydroxy-3-methylglutaryl-CoA synthase 2
35704,GATM,glycine amidinotransferase
35706,SUGCT,succinyl-CoA:glutarate-CoA transferase
35708,DDC,dopa decarboxylase
35710,SLC5A1,solute carrier family 5 member 1
35737,PAX6,paired box 6
35858,AMN,amnion associated transmembrane protein
35858,CUBN,cubilin
35878,GLUD1,glutamate dehydrogenase 1
35909,LMAN1,"lectin, mannose binding 1"
35909,MCFD2,"multiple coagulation factor deficiency 2, ER cargo receptor complex subunit"
36355,P2RY12,purinergic receptor P2Y12
36367,ZBTB18,zinc finger and BTB domain containing 18
36383,COL4A1,collagen type IV alpha 1 chain
36383,COL4A2,collagen type IV alpha 2 chain
36386,SPTLC2,serine palmitoyltransferase long chain base subunit 2
36386,ATL3,atlastin GTPase 3
36386,ATL1,atlastin GTPase 1
36386,SPTLC1,serine palmitoyltransferase long chain base subunit 1
36387,FGF13,fibroblast growth factor 13
36387,ADGRV1,adhesion G protein-coupled receptor V1
36387,GABRD,gamma-aminobutyric acid type A receptor subunit delta
36387,GABRG2,gamma-aminobutyric acid type A receptor subunit gamma2
36387,SCN9A,sodium voltage-gated channel alpha subunit 9
36387,PRRT2,proline rich transmembrane protein 2
36387,SCN1B,sodium voltage-gated channel beta subunit 1
36387,SCN1A,sodium voltage-gated channel alpha subunit 1
36387,STX1B,syntaxin 1B
36387,HCN1,hyperpolarization activated cyclic nucleotide gated potassium channel 1
36387,SCN2A,sodium voltage-gated channel alpha subunit 2
36412,DNASE1L3,deoxyribonuclease 1L3
36426,IKZF1,IKAROS family zinc finger 1
36426,HLA-B,"major histocompatibility complex, class I, B"
36899,KCTD17,potassium channel tetramerization domain containing 17
36899,SGCE,sarcoglycan epsilon
36899,TOR1A,torsin family 1 member A
36899,DRD2,dopamine receptor D2
36899,DYT15,"dystonia 15, myoclonic"
37042,FOXP3,forkhead box P3
37553,KCNJ5,potassium inwardly rectifying channel subfamily J member 5
37553,KCNJ2,potassium inwardly rectifying channel subfamily J member 2
37612,KCNA1,potassium voltage-gated channel subfamily A member 1
38874,DPYS,dihydropyrimidinase
39041,RAG2,recombination activating 2
39041,RMRP,RNA component of mitochondrial RNA processing endoribonuclease
39041,LIG4,DNA ligase 4
39041,IL7R,interleukin 7 receptor
39041,RAG1,recombination activating 1
39041,IL2RG,interleukin 2 receptor subunit gamma
39041,ADA,adenosine deaminase
39041,DCLRE1C,DNA cross-link repair 1C
39041,CHD7,chromodomain helicase DNA binding protein 7
39044,CYSLTR2,cysteinyl leukotriene receptor 2
39044,SF3B1,splicing factor 3b subunit 1
39044,GNA11,G protein subunit alpha 11
39044,BAP1,BRCA1 associated deubiquitinase 1
39044,BAP1,BRCA1 associated deubiquitinase 1
39044,GNAQ,G protein subunit alpha q
41751,CYP4V2,cytochrome P450 family 4 subfamily V member 2
42062,SLC36A2,solute carrier family 36 member 2
42062,SLC6A20,solute carrier family 6 member 20
42062,SLC6A19,solute carrier family 6 member 19
42062,SLC6A18,solute carrier family 6 member 18
42665,MITF,melanocyte inducing transcription factor
43115,ISCU,iron-sulfur cluster assembly enzyme
44890,SDHC,succinate dehydrogenase complex subunit C
44890,SDHB,succinate dehydrogenase complex iron sulfur subunit B
44890,SDHA,succinate dehydrogenase complex flavoprotein subunit A
44890,KIT,"KIT proto-oncogene, receptor tyrosine kinase"
44890,KIT,"KIT proto-oncogene, receptor tyrosine kinase"
44890,PDGFRA,platelet derived growth factor receptor alpha
45358,COL25A1,collagen type XXV alpha 1 chain
45358,PHOX2A,paired like homeobox 2A
45358,TUBA1A,tubulin alpha 1a
45358,TUBB3,tubulin beta 3 class III
45358,KIF21A,kinesin family member 21A
45358,TUBB2B,tubulin beta 2B class IIb
45448,DYSF,dysferlin
46059,SC5D,sterol-C5-desaturase
46348,SCN10A,sodium voltage-gated channel alpha subunit 10
46348,SCN11A,sodium voltage-gated channel alpha subunit 11
46348,SCN9A,sodium voltage-gated channel alpha subunit 9
46532,HBG1,hemoglobin subunit gamma 1
46532,HBG2,hemoglobin subunit gamma 2
46532,KLF1,KLF transcription factor 1
46532,HBB,hemoglobin subunit beta
46627,TFAP2B,transcription factor AP-2 beta
47044,MET,"MET proto-oncogene, receptor tyrosine kinase"
47045,NLRP3,NLR family pyrin domain containing 3
48431,CTDP1,CTD phosphatase subunit 1
48818,CP,ceruloplasmin
49382,PDE6H,phosphodiesterase 6H
49382,GNAT2,G protein subunit alpha transducin 2
49382,RPGR,retinitis pigmentosa GTPase regulator
49382,CNGA3,cyclic nucleotide gated channel subunit alpha 3
49382,PDE6C,phosphodiesterase 6C
49382,CNGB3,cyclic nucleotide gated channel subunit beta 3
49382,ATF6,activating transcription factor 6
49827,SLC19A2,solute carrier family 19 member 2
50251,BAP1,BRCA1 associated deubiquitinase 1
50814,SEC23A,"SEC23 homolog A, COPII coat complex component"
50942,DSP,desmoplakin
50942,KRT1,keratin 1
50942,DSG1,desmoglein 1
50943,CTSB,cathepsin B
50944,WNT10A,Wnt family member 10A
50945,PTH1R,parathyroid hormone 1 receptor
51083,KCNH2,potassium voltage-gated channel subfamily H member 2
51083,CACNA2D1,calcium voltage-gated channel auxiliary subunit alpha2delta 1
51083,KCNJ2,potassium inwardly rectifying channel subfamily J member 2
51083,KCNQ1,potassium voltage-gated channel subfamily Q member 1
51083,SLC4A3,solute carrier family 4 member 3
51188,ETHE1,ETHE1 persulfide dioxygenase
51208,FTCD,formimidoyltransferase cyclodeaminase
51608,ABCC6,ATP binding cassette subfamily C member 6
51608,ENPP1,ectonucleotide pyrophosphatase/phosphodiesterase 1
51636,CXCR4,C-X-C motif chemokine receptor 4
52022,EXT2,exostosin glycosyltransferase 2
52022,ALX4,ALX homeobox 4
52022,PHF21A,PHD finger protein 21A
52055,IGBP1,immunoglobulin binding protein 1
52368,TIMM8A,translocase of inner mitochondrial membrane 8A
52416,ATM,ATM serine/threonine kinase
52416,IGH,immunoglobulin heavy locus
52416,CCND1,cyclin D1
52417,MALT1,MALT1 paracaspase
52417,FOXP1,forkhead box P1
52417,IGH,immunoglobulin heavy locus
52417,BCL10,BCL10 immune signaling adaptor
52417,BIRC3,baculoviral IAP repeat containing 3
52427,RHO,rhodopsin
52427,RLBP1,retinaldehyde binding protein 1
52427,RDH5,retinol dehydrogenase 5
52427,PRPH2,peripherin 2
52429,SIX1,SIX homeobox 1
52429,EYA1,EYA transcriptional coactivator and phosphatase 1
52430,HNRNPA1,heterogeneous nuclear ribonucleoprotein A1
52430,HNRNPA2B1,heterogeneous nuclear ribonucleoprotein A2/B1
52430,VCP,valosin containing protein
52503,SLC6A8,solute carrier family 6 member 8
52530,GP1BA,glycoprotein Ib platelet subunit alpha
52688,TP53,tumor protein p53
52901,FSHB,follicle stimulating hormone subunit beta
53035,PKHD1,PKHD1 ciliary IPT domain containing fibrocystin/polyductin
53271,FGFR3,fibroblast growth factor receptor 3
53347,ATP2A1,ATPase sarcoplasmic/endoplasmic reticulum Ca2+ transporting 1
53351,TAF1,TATA-box binding protein associated factor 1
53540,NR2E3,nuclear receptor subfamily 2 group E member 3
53583,SLC2A1,solute carrier family 2 member 1
53689,SLC26A3,solute carrier family 26 member 3
53690,LCT,lactase
53691,KERA,keratocan
53693,BCS1L,"BCS1 homolog, ubiquinol-cytochrome c reductase complex chaperone"
53696,GLE1,GLE1 RNA export mediator
53697,ANO5,anoctamin 5
54260,MYH7B,myosin heavy chain 7B
54260,MYH7,myosin heavy chain 7
54260,PKP2,plakophilin 2
54260,DTNA,dystrobrevin alpha
54260,ACTC1,actin alpha cardiac muscle 1
54260,LMNA,lamin A/C
54260,MIB2,MIB E3 ubiquitin protein ligase 2
54260,LDB3,LIM domain binding 3
54260,TPM1,tropomyosin 1
54260,PLEKHM2,pleckstrin homology and RUN domain containing M2
54260,PRDM16,PR/SET domain 16
54260,MYBPC3,myosin binding protein C3
54260,TNNT2,"troponin T2, cardiac type"
54260,MIB1,MIB E3 ubiquitin protein ligase 1
54595,CTNNB1,catenin beta 1
54595,BRAF,"B-Raf proto-oncogene, serine/threonine kinase"
55595,TNPO3,transportin 3
55596,HNRNPDL,heterogeneous nuclear ribonucleoprotein D like
55654,SNRPE,small nuclear ribonucleoprotein polypeptide E
55654,RPL21,ribosomal protein L21
55654,LIPH,lipase H
55654,LSS,lanosterol synthase
55654,LPAR6,lysophosphatidic acid receptor 6
55654,APCDD1,APC down-regulated 1
55654,DSG4,desmoglein 4
55880,EXT1,exostosin glycosyltransferase 1
56304,SLC26A2,solute carrier family 26 member 2
56305,FLNB,filamin B
57782,GNAS,GNAS complex locus
58017,BRAF,"B-Raf proto-oncogene, serine/threonine kinase"
59135,MYH7,myosin heavy chain 7
59181,TIMP3,TIMP metallopeptidase inhibitor 3
59303,CLDN1,claudin 1
59306,XK,"X-linked Kx blood group antigen, Kell and VPS13A binding protein"
60015,ALX4,ALX homeobox 4
60015,MSX2,msh homeobox 2
60025,SLC34A2,solute carrier family 34 member 2
60030,TGFB3,transforming growth factor beta 3
60030,IPO8,importin 8
60030,TGFBR2,transforming growth factor beta receptor 2
60030,TGFB2,transforming growth factor beta 2
60030,SMAD3,SMAD family member 3
60030,TGFBR1,transforming growth factor beta receptor 1
60030,SMAD2,SMAD family member 2
60033,SCNN1A,sodium channel epithelial 1 subunit alpha
60033,SCNN1G,sodium channel epithelial 1 subunit gamma
60033,SCNN1B,sodium channel epithelial 1 subunit beta
60033,CFTR,CF transmembrane conductance regulator
60040,PIK3CA,"phosphatidylinositol-4,5-bisphosphate 3-kinase catalytic subunit alpha"
63260,DACT1,dishevelled binding antagonist of beta catenin 1
63269,POR,cytochrome p450 oxidoreductase
63273,FLNC,filamin C
63442,GDF5,growth differentiation factor 5
63446,IHH,Indian hedgehog signaling molecule
64280,CACNA1H,calcium voltage-gated channel subunit alpha1 H
64280,GABRA1,gamma-aminobutyric acid type A receptor subunit alpha1
64280,JRK,Jrk helix-turn-helix protein
64280,SLC2A1,solute carrier family 2 member 1
64280,GABRG2,gamma-aminobutyric acid type A receptor subunit gamma2
64280,GABRB3,gamma-aminobutyric acid type A receptor subunit beta3
64739,FSHR,follicle stimulating hormone receptor
64748,MPZ,myelin protein zero
64748,EGR2,early growth response 2
64748,PRX,periaxin
64748,PMP22,peripheral myelin protein 22
64751,MFN2,mitofusin 2
64752,NGF,nerve growth factor
64752,NTRK1,neurotrophic receptor tyrosine kinase 1
64753,SETX,senataxin
64753,PIK3R5,phosphoinositide-3-kinase regulatory subunit 5
64754,NEK9,NIMA related kinase 9
64755,ACTB,actin beta
65282,DSP,desmoplakin
65284,SLC19A3,solute carrier family 19 member 3
65285,PTEN,phosphatase and tensin homolog
65287,UPB1,beta-ureidopropionase 1
65288,PTF1A,pancreas associated transcription factor 1a
65684,CPLANE1,ciliogenesis and planar polarity effector complex subunit 1
65684,CEP126,centrosomal protein 126
65743,MYH3,myosin heavy chain 3
65748,TGFBR1,transforming growth factor beta receptor 1
65759,MEGF8,multiple EGF like domains 8
65759,RAB23,"RAB23, member RAS oncogene family"
66628,LEP,leptin
66629,KIFBP,kinesin family binding protein
66631,SNAP29,synaptosome associated protein 29
66634,DNAJC19,DnaJ heat shock protein family (Hsp40) member C19
66637,BMPER,BMP binding endothelial regulator
67036,OPA3,outer mitochondrial membrane lipid metabolism regulator OPA3
67038,CCND1,cyclin D1
67038,ATM,ATM serine/threonine kinase
67038,IGHV3-21,immunoglobulin heavy variable 3-21
67038,IKZF3,IKAROS family zinc finger 3
67038,RPS15,ribosomal protein S15
67038,TP53,tumor protein p53
67038,IGHG1,immunoglobulin heavy constant gamma 1 (G1m marker)
67038,P2RX7,purinergic receptor P2X 7
67038,POT1,protection of telomeres 1
67038,ARL11,ADP ribosylation factor like GTPase 11
67041,HYAL1,hyaluronidase 1
67042,C1QTNF5,C1q and TNF related 5
67044,GATA1,GATA binding protein 1
67045,SOX3,SRY-box transcription factor 3
67046,AUH,AU RNA binding methylglutaconyl-CoA hydratase
67047,OPA3,outer mitochondrial membrane lipid metabolism regulator OPA3
67047,MICOS13,mitochondrial contact site and cristae organizing system subunit 13
69063,MME,membrane metalloendopeptidase
69076,SLC5A2,solute carrier family 5 member 2
69084,KRT85,keratin 85
69084,KRT74,keratin 74
69084,HOXC13,homeobox C13
69085,TP63,tumor protein p63
69087,KRT14,keratin 14
69088,IKBKG,inhibitor of nuclear factor kappa B kinase regulatory subunit gamma
69126,PSTPIP1,proline-serine-threonine phosphatase interacting protein 1
69663,ABCB4,ATP binding cassette subfamily B member 4
69665,ABCB4,ATP binding cassette subfamily B member 4
69665,ATP8B1,ATPase phospholipid transporting 8B1
69665,ABCB11,ATP binding cassette subfamily B member 11
69665,NR1H4,nuclear receptor subfamily 1 group H member 4
69723,HPD,4-hydroxyphenylpyruvate dioxygenase
69735,SOX18,SRY-box transcription factor 18
69737,HOXA1,homeobox A1
69739,HOXA1,homeobox A1
70472,LRPPRC,leucine rich pentatricopeptide repeat containing
70567,BRCA2,BRCA2 DNA repair associated
70567,PTPN3,protein tyrosine phosphatase non-receptor type 3
70567,BRCA1,BRCA1 DNA repair associated
70567,ROS1,"ROS proto-oncogene 1, receptor tyrosine kinase"
70573,TP53,tumor protein p53
70573,RB1,RB transcriptional corepressor 1
70573,TP73,tumor protein p73
70592,IRAK4,interleukin 1 receptor associated kinase 4
70594,SPR,sepiapterin reductase
70595,TWNK,twinkle mtDNA helicase
70595,POLG,"DNA polymerase gamma, catalytic subunit"
71212,HADH,hydroxyacyl-CoA dehydrogenase
71271,DLX5,distal-less homeobox 5
71275,RHAG,Rh associated glycoprotein
71275,RHD,Rh blood group D antigen
71275,RHCE,Rh blood group CcEe antigens
71277,SLC2A1,solute carrier family 2 member 1
71278,GLUL,glutamate-ammonia ligase
71289,MECOM,MDS1 and EVI1 complex locus
71289,HOXA11,homeobox A11
71290,RUNX1,RUNX family transcription factor 1
71493,MPL,"MPL proto-oncogene, thrombopoietin receptor"
71493,THPO,thrombopoietin
71493,JAK2,Janus kinase 2
71517,ATP1A3,ATPase Na+/K+ transporting subunit alpha 3
71518,CACNA1A,calcium voltage-gated channel subunit alpha1 A
71526,POMC,proopiomelanocortin
71528,PCSK1,proprotein convertase subtilisin/kexin type 1
71529,MC4R,melanocortin 4 receptor
73229,COL4A1,collagen type IV alpha 1 chain
73272,IGF1,insulin like growth factor 1
73273,IGF1R,insulin like growth factor 1 receptor
75233,LIPA,"lipase A, lysosomal acid type"
75234,LIPA,"lipase A, lysosomal acid type"
75249,FLNC,filamin C
75249,KIF20A,kinesin family member 20A
75249,TNNT2,"troponin T2, cardiac type"
75249,MYPN,myopalladin
75249,TNNI3,"troponin I3, cardiac type"
75326,COL4A1,collagen type IV alpha 1 chain
75327,DHS6S1,
75373,DHS6S1,
75374,RGS9,regulator of G protein signaling 9
75374,RGS9BP,regulator of G protein signaling 9 binding protein
75376,CFI,complement factor I
75376,CFH,complement factor H
75376,EFEMP1,EGF containing fibulin extracellular matrix protein 1
75377,GUCY2D,"guanylate cyclase 2D, retinal"
75377,PRPH2,peripherin 2
75377,GUCA1A,guanylate cyclase activator 1A
75382,SAG,S-antigen visual arrestin
75382,GRK1,G protein-coupled receptor kinase 1
75391,MCM4,minichromosome maintenance complex component 4
75392,C1S,complement C1s
75392,C1R,complement C1r
75496,B4GALT7,"beta-1,4-galactosyltransferase 7"
75497,FLNA,filamin A
75563,ALAS2,5'-aminolevulinate synthase 2
75564,TET2,tet methylcytosine dioxygenase 2
75564,SF3B1,splicing factor 3b subunit 1
75840,COL12A1,collagen type XII alpha 1 chain
75840,COL6A3,collagen type VI alpha 3 chain
75840,COL6A1,collagen type VI alpha 1 chain
75840,COL6A2,collagen type VI alpha 2 chain
75857,ERMARD,ER membrane associated RNA degradation
75858,INPP5E,inositol polyphosphate-5-phosphatase E
77258,TRPS1,transcriptional repressor GATA binding 1
77259,GBA1,glucosylceramidase beta 1
77259,SCARB2,scavenger receptor class B member 2
77260,GBA1,glucosylceramidase beta 1
77261,GBA1,glucosylceramidase beta 1
77292,SMPD1,sphingomyelin phosphodiesterase 1
77293,SMPD1,sphingomyelin phosphodiesterase 1
77295,POLR3A,RNA polymerase III subunit A
77297,LPIN2,lipin 2
77298,SOX2,SRY-box transcription factor 2
77301,PTCH1,patched 1
79076,PTEN,phosphatase and tensin homolog
79076,BMPR1A,bone morphogenetic protein receptor type 1A
79083,PPARG,peroxisome proliferator activated receptor gamma
79084,LMNA,lamin A/C
79085,AKT2,AKT serine/threonine kinase 2
79087,LMNB2,lamin B2
79091,MYH2,myosin heavy chain 2
79094,YY1AP1,YY1 associated protein 1
79095,AMACR,alpha-methylacyl-CoA racemase
79096,PNPO,pyridoxamine 5'-phosphate oxidase
79100,LRP1,LDL receptor related protein 1
79101,ALDH4A1,aldehyde dehydrogenase 4 family member A1
79102,KCNJ18,potassium inwardly rectifying channel subfamily J member 18
79102,GABRA3,gamma-aminobutyric acid type A receptor subunit alpha3
79102,CACNA1S,calcium voltage-gated channel subunit alpha1 S
79105,CREB3L1,cAMP responsive element binding protein 3 like 1
79105,CREB3L2,cAMP responsive element binding protein 3 like 2
79105,FUS,FUS RNA binding protein
79106,PTH1R,parathyroid hormone 1 receptor
79107,ACTB,actin beta
79113,EFTUD2,elongation factor Tu GTP binding domain containing 2
79118,GLIS3,GLIS family zinc finger 3
79124,SP110,SP110 nuclear body protein
79134,NARS2,"asparaginyl-tRNA synthetase 2, mitochondrial"
79134,ABCC8,ATP binding cassette subfamily C member 8
79134,KCNJ11,potassium inwardly rectifying channel subfamily J member 11
79137,KCNMA1,potassium calcium-activated channel subfamily M alpha 1
79145,KRT5,keratin 5
79145,PSENEN,"presenilin enhancer, gamma-secretase subunit"
79145,POFUT1,protein O-fucosyltransferase 1
79145,POGLUT1,protein O-glucosyltransferase 1
79146,KITLG,KIT ligand
79151,ATP2A2,ATPase sarcoplasmic/endoplasmic reticulum Ca2+ transporting 2
79152,FDPS,farnesyl diphosphate synthase
79152,MVK,mevalonate kinase
79152,MVD,mevalonate diphosphate decarboxylase
79152,SLC17A9,solute carrier family 17 member 9
79154,DHTKD1,dehydrogenase E1 and transketolase domain containing 1
79155,KYNU,kynureninase
79157,ACADSB,acyl-CoA dehydrogenase short/branched chain
79159,ACAD8,acyl-CoA dehydrogenase family member 8
79230,HJV,hemojuvelin BMP co-receptor
79230,HAMP,hepcidin antimicrobial peptide
79233,HPRT1,hypoxanthine phosphoribosyltransferase 1
79234,UGT1A1,UDP glucuronosyltransferase family 1 member A1
79235,UGT1A1,UDP glucuronosyltransferase family 1 member A1
79237,GALK1,galactokinase 1
79239,GALT,galactose-1-phosphate uridylyltransferase
79240,PHKB,phosphorylase kinase regulatory subunit beta
79241,BTD,biotinidase
79242,HLCS,holocarboxylase synthetase
79243,PDHA1,pyruvate dehydrogenase E1 subunit alpha 1
79243,LONP1,"lon peptidase 1, mitochondrial"
79244,DLAT,dihydrolipoamide S-acetyltransferase
79246,PDP1,pyruvate dehydrogenase phosphatase catalytic subunit 1
79253,PAH,phenylalanine hydroxylase
79254,PAH,phenylalanine hydroxylase
79255,GLB1,galactosidase beta 1
79256,GLB1,galactosidase beta 1
79257,GLB1,galactosidase beta 1
79258,G6PC1,glucose-6-phosphatase catalytic subunit 1
79259,SLC37A4,solute carrier family 37 member 4
79269,SGSH,N-sulfoglucosamine sulfohydrolase
79270,NAGLU,N-acetyl-alpha-glucosaminidase
79271,HGSNAT,heparan-alpha-glucosaminide N-acetyltransferase
79272,GNS,glucosamine (N-acetyl)-6-sulfatase
79273,CPOX,coproporphyrinogen oxidase
79276,HMBS,hydroxymethylbilane synthase
79277,GATA1,GATA binding protein 1
79277,UROS,uroporphyrinogen III synthase
79278,FECH,ferrochelatase
79279,NAGA,alpha-N-acetylgalactosaminidase
79280,NAGA,alpha-N-acetylgalactosaminidase
79281,NAGA,alpha-N-acetylgalactosaminidase
79282,MMACHC,metabolism of cobalamin associated C
79283,MMADHC,metabolism of cobalamin associated D
79284,LMBRD1,LMBR1 domain containing 1
79292,LCAT,lecithin-cholesterol acyltransferase
79293,LCAT,lecithin-cholesterol acyltransferase
79299,GCK,glucokinase
79301,HSD3B7,"hydroxy-delta-5-steroid dehydrogenase, 3 beta- and steroid delta-isomerase 7"
79302,CYP7B1,cytochrome P450 family 7 subfamily B member 1
79303,AKR1D1,aldo-keto reductase family 1 member D1
79304,ABCB11,ATP binding cassette subfamily B member 11
79305,ABCB4,ATP binding cassette subfamily B member 4
79306,ATP8B1,ATPase phospholipid transporting 8B1
79306,MYO5B,myosin VB
79310,MMAA,metabolism of cobalamin associated A
79311,MMAB,metabolism of cobalamin associated B
79312,MMUT,methylmalonyl-CoA mutase
79314,L2HGDH,L-2-hydroxyglutarate dehydrogenase
79315,D2HGDH,D-2-hydroxyglutarate dehydrogenase
79315,IDH2,isocitrate dehydrogenase (NADP(+)) 2
79318,PMM2,phosphomannomutase 2
79319,MPI,mannose phosphate isomerase
79320,ALG6,"ALG6 alpha-1,3-glucosyltransferase"
79321,ALG3,"ALG3 alpha-1,3- mannosyltransferase"
79322,DPM1,"dolichyl-phosphate mannosyltransferase subunit 1, catalytic"
79323,MPDU1,mannose-P-dolichol utilization defect 1
79324,ALG12,"ALG12 alpha-1,6-mannosyltransferase"
79325,ALG8,"ALG8 alpha-1,3-glucosyltransferase"
79326,ALG2,"ALG2 alpha-1,3/1,6-mannosyltransferase"
79327,ALG1,ALG1 chitobiosyldiphosphodolichol beta-mannosyltransferase
79328,ALG9,"ALG9 alpha-1,2-mannosyltransferase"
79329,MGAT2,"alpha-1,6-mannosyl-glycoprotein 2-beta-N-acetylglucosaminyltransferase"
79330,MOGS,mannosyl-oligosaccharide glucosidase
79332,B4GALT1,"beta-1,4-galactosyltransferase 1"
79333,COG7,component of oligomeric golgi complex 7
79345,ARSL,arylsulfatase L
79350,PSPH,phosphoserine phosphatase
79351,PHGDH,phosphoglycerate dehydrogenase
79394,NIPAL4,NIPA like domain containing 4
79394,SDR9C7,short chain dehydrogenase/reductase family 9C member 7
79394,ALOX12B,"arachidonate 12-lipoxygenase, 12R type"
79394,CERS3,ceramide synthase 3
79394,PNPLA1,patatin like phospholipase domain containing 1
79394,SULT2B1,sulfotransferase family 2B member 1
79394,ABCA12,ATP binding cassette subfamily A member 12
79394,ALOXE3,arachidonate lipoxygenase 3
79394,TGM1,transglutaminase 1
79395,LORICRIN,loricrin cornified envelope precursor protein
79396,KRT14,keratin 14
79396,KRT5,keratin 5
79397,KRT14,keratin 14
79397,KRT5,keratin 5
79399,KRT14,keratin 14
79399,KRT5,keratin 5
79400,KRT5,keratin 5
79400,KRT14,keratin 14
79401,PLEC,plectin
79402,LAMA3,laminin subunit alpha 3
79402,ITGB4,integrin subunit beta 4
79402,LAMC2,laminin subunit gamma 2
79402,LAMB3,laminin subunit beta 3
79402,COL17A1,collagen type XVII alpha 1 chain
79403,ITGA6,integrin subunit alpha 6
79403,ITGB4,integrin subunit beta 4
79404,LAMB3,laminin subunit beta 3
79404,LAMC2,laminin subunit gamma 2
79404,LAMA3,laminin subunit alpha 3
79406,COL17A1,collagen type XVII alpha 1 chain
79408,COL7A1,collagen type VII alpha 1 chain
79408,MMP1,matrix metallopeptidase 1
79409,COL7A1,collagen type VII alpha 1 chain
79410,COL7A1,collagen type VII alpha 1 chain
79411,COL7A1,collagen type VII alpha 1 chain
79414,HRAS,"HRas proto-oncogene, GTPase"
79431,TYR,tyrosinase
79432,MC1R,melanocortin 1 receptor
79432,OCA2,OCA2 melanosomal transmembrane protein
79433,TYRP1,tyrosinase related protein 1
79434,TYR,tyrosinase
79435,SLC45A2,solute carrier family 45 member 2
79443,GNAS,GNAS complex locus
79444,GNAS,GNAS complex locus
79445,GNAS,GNAS complex locus
79452,ANGPT2,angiopoietin 2
79452,PIEZO1,piezo type mechanosensitive ion channel component 1 (Er blood group)
79452,GJC2,gap junction protein gamma 2
79452,FLT4,fms related receptor tyrosine kinase 4
79455,KIT,"KIT proto-oncogene, receptor tyrosine kinase"
79473,PPOX,protoporphyrinogen oxidase
79474,LMNA,lamin A/C
79476,MYO5A,myosin VA
79477,RAB27A,"RAB27A, member RAS oncogene family"
79478,MLPH,melanophilin
79478,MYO5A,myosin VA
79483,GNA11,G protein subunit alpha 11
79483,GNAQ,G protein subunit alpha q
79484,GNA11,G protein subunit alpha 11
79495,SOX3,SRY-box transcription factor 3
79499,ATP6V1B2,ATPase H+ transporting V1 subunit B2
79500,ATP6V1B2,ATPase H+ transporting V1 subunit B2
79500,TBC1D24,TBC1 domain family member 24
79501,COL14A1,collagen type XIV alpha 1 chain
79501,AAGAB,alpha and gamma adaptin binding protein
79503,KRT1,keratin 1
79643,ABCC8,ATP binding cassette subfamily C member 8
79644,KCNJ11,potassium inwardly rectifying channel subfamily J member 11
79651,PAH,phenylalanine hydroxylase
79665,APC,APC regulator of WNT signaling pathway
83330,NAIP,NLR family apoptosis inhibitory protein
83330,SMN1,"survival of motor neuron 1, telomeric"
83330,SMN2,"survival of motor neuron 2, centromeric"
83418,NAIP,NLR family apoptosis inhibitory protein
83418,SMN1,"survival of motor neuron 1, telomeric"
83418,SMN2,"survival of motor neuron 2, centromeric"
83419,SMN2,"survival of motor neuron 2, centromeric"
83419,SMN1,"survival of motor neuron 1, telomeric"
83419,NAIP,NLR family apoptosis inhibitory protein
83420,SMN1,"survival of motor neuron 1, telomeric"
83420,SMN2,"survival of motor neuron 2, centromeric"
83454,GLMN,"glomulin, FKBP associated protein"
83461,FOXE3,forkhead box E3
83463,HOXA2,homeobox A2
83465,HLA-DRB1,"major histocompatibility complex, class II, DR beta 1"
83465,HCRT,hypocretin neuropeptide precursor
83465,HLA-DQB1,"major histocompatibility complex, class II, DQ beta 1"
83465,ZNF365,zinc finger protein 365
83469,WT1,WT1 transcription factor
83469,EWSR1,EWS RNA binding protein 1
83471,FOXN1,forkhead box N1
83472,ZNF592,zinc finger protein 592
83472,WDR73,WD repeat domain 73
83473,CCND2,cyclin D2
83473,PIK3R2,phosphoinositide-3-kinase regulatory subunit 2
83473,PIK3R2,phosphoinositide-3-kinase regulatory subunit 2
83473,AKT3,AKT serine/threonine kinase 3
83620,NEUROG3,neurogenin 3
83629,AIFM1,apoptosis inducing factor mitochondria associated 1
83639,PIGM,phosphatidylinositol glycan anchor biosynthesis class M
83639,PIGW,phosphatidylinositol glycan anchor biosynthesis class W
83642,SLC11A2,solute carrier family 11 member 2
84064,SKIC3,SKI3 subunit of superkiller complex
84064,SKIC2,SKI2 subunit of superkiller complex
84081,TMEM67,transmembrane protein 67
84081,DCDC2,doublecortin domain containing 2
84090,FN1,fibronectin 1
84132,SELENON,selenoprotein N
85112,RSPO1,R-spondin 1
85128,RLBP1,retinaldehyde binding protein 1
85136,NDUFA2,NADH:ubiquinone oxidoreductase subunit A2
85136,RNASET2,ribonuclease T2
85146,DES,desmin
85163,HYCC1,hyccin PI4KA lipid kinase complex subunit 1
85164,FGFR3,fibroblast growth factor receptor 3
85165,FGFR3,fibroblast growth factor receptor 3
85166,COL2A1,collagen type II alpha 1 chain
85167,PCYT1A,"phosphate cytidylyltransferase 1A, choline"
85169,TRPV4,transient receptor potential cation channel subfamily V member 4
85172,COG4,component of oligomeric golgi complex 4
85173,POLE,"DNA polymerase epsilon, catalytic subunit"
85173,CDKN1C,cyclin dependent kinase inhibitor 1C
85179,OSTM1,osteoclastogenesis associated transmembrane protein 1
85182,MTAP,methylthioadenosine phosphorylase
85186,POLR3B,RNA polymerase III subunit B
85191,RIGI,RNA sensor RIG-I
85191,IFIH1,interferon induced with helicase C domain 1
85193,WNT1,Wnt family member 1
85193,DKK1,dickkopf WNT signaling pathway inhibitor 1
85193,WNT3A,Wnt family member 3A
85194,XYLT2,xylosyltransferase 2
85195,TNFRSF11A,TNF receptor superfamily member 11a
85198,COL2A1,collagen type II alpha 1 chain
85199,RNU12,"RNA, U12 small nuclear"
85201,KAT6B,lysine acetyltransferase 6B
85202,MGP,matrix Gla protein
85212,GBA1,glucosylceramidase beta 1
85277,NEXMIF,neurite extension and migration factor
85278,SLC9A6,solute carrier family 9 member A6
85279,KDM5C,lysine demethylase 5C
85282,EIF2S3,eukaryotic translation initiation factor 2 subunit gamma
85284,MBTPS2,"membrane bound transcription factor peptidase, site 2"
85286,RBMX,RNA binding motif protein X-linked
85287,PHF8,PHD finger protein 8
85288,SHROOM4,shroom family member 4
85293,CUL4B,cullin 4B
85294,SYN1,synapsin I
85295,HSD17B10,hydroxysteroid 17-beta dehydrogenase 10
85329,AP1S2,adaptor related protein complex 1 subunit sigma 2
85335,AP1S2,adaptor related protein complex 1 subunit sigma 2
85408,IL2RA,interleukin 2 receptor subunit alpha
85408,PTPN2,protein tyrosine phosphatase non-receptor type 2
85408,IL2RB,interleukin 2 receptor subunit beta
85408,CD247,CD247 molecule
85408,PTPN22,protein tyrosine phosphatase non-receptor type 22
85408,STAT4,signal transducer and activator of transcription 4
85408,ANKRD55,ankyrin repeat domain 55
85410,IL2RA,interleukin 2 receptor subunit alpha
85410,STAT4,signal transducer and activator of transcription 4
85410,IL2RB,interleukin 2 receptor subunit beta
85410,PTPN2,protein tyrosine phosphatase non-receptor type 2
85410,ANKRD55,ankyrin repeat domain 55
85410,PTPN22,protein tyrosine phosphatase non-receptor type 22
85410,CD247,CD247 molecule
85414,HLA-DRB1,"major histocompatibility complex, class II, DR beta 1"
85414,MIF,macrophage migration inhibitory factor
85414,LACC1,laccase domain containing 1
85414,IL6,interleukin 6
85442,LHX4,LIM homeobox 4
85445,SAA1,serum amyloid A1
85447,TTR,transthyretin
85448,GSN,gelsolin
85451,TTR,transthyretin
85453,POLA1,"DNA polymerase alpha 1, catalytic subunit"
86309,DPAGT1,dolichyl-phosphate N-acetylglucosaminephosphotransferase 1
86788,WAS,WASP actin nucleation promoting factor
86812,POMT1,protein O-mannosyltransferase 1
86813,TEAD1,TEA domain transcription factor 1
86814,CTNND2,catenin delta 2
86814,CNTN2,contactin 2
86814,ADRA2B,adrenoceptor alpha 2B
86814,YEATS2,YEATS domain containing 2
86814,SAMD12,sterile alpha motif domain containing 12
86814,MARCHF6,membrane associated ring-CH-type finger 6
86815,FGF10,fibroblast growth factor 10
86816,ALB,albumin
86817,AK1,adenylate kinase 1
86818,KCNE5,potassium voltage-gated channel subfamily E regulatory subunit 5
86818,AMMECR1,AMMECR nuclear protein 1
86818,ACSL4,acyl-CoA synthetase long chain family member 4
86819,HR,HR lysine demethylase and nuclear receptor corepressor
86820,COL2A1,collagen type II alpha 1 chain
86820,TRPV4,transient receptor potential cation channel subfamily V member 4
86829,CSF3R,colony stimulating factor 3 receptor
86830,PDGFRB,platelet derived growth factor receptor beta
86834,KRAS,"KRAS proto-oncogene, GTPase"
86834,NRAS,"NRAS proto-oncogene, GTPase"
86834,PTPN11,protein tyrosine phosphatase non-receptor type 11
86834,CBL,Cbl proto-oncogene
86834,NF1,neurofibromin 1
86834,RRAS,RAS related
86841,RPS14,ribosomal protein S14
86845,IDH1,isocitrate dehydrogenase (NADP(+)) 1
86845,ASXL1,ASXL transcriptional regulator 1
86845,IDH2,isocitrate dehydrogenase (NADP(+)) 2
86845,TET2,tet methylcytosine dioxygenase 2
86845,DNMT3A,DNA methyltransferase 3 alpha
86849,GATA1,GATA binding protein 1
86849,MYB,"MYB proto-oncogene, transcription factor"
86872,STAT3,signal transducer and activator of transcription 3
86884,HAVCR2,hepatitis A virus cellular receptor 2
86911,SLC2A1,solute carrier family 2 member 1
86920,KRT14,keratin 14
86923,SERPINA12,serpin family A member 12
86923,SLURP1,secreted LY6/PLAUR domain containing 1
87503,SLURP1,secreted LY6/PLAUR domain containing 1
88616,ZC3H14,zinc finger CCCH-type containing 14
88616,FBXO31,F-box protein 31
88616,TECR,"trans-2,3-enoyl-CoA reductase"
88616,FRRS1L,ferric chelate reductase 1 like
88616,CRBN,cereblon
88616,EDC3,enhancer of mRNA decapping 3
88616,B3GALNT2,"beta-1,3-N-acetylgalactosaminyltransferase 2"
88616,NEMF,nuclear export mediator factor
88616,UFSP2,UFM1 specific peptidase 2
88616,LINS1,lines homolog 1
88616,CLIP1,CAP-Gly domain containing linker protein 1
88616,HNMT,histamine N-methyltransferase
88616,DCPS,"decapping enzyme, scavenger"
88616,TUSC3,tumor suppressor candidate 3
88616,FMN2,formin 2
88616,TRAPPC9,trafficking protein particle complex subunit 9
88616,EZR,ezrin
88616,IQSEC1,IQ motif and Sec7 domain ArfGEF 1
88616,ALKBH8,"alkB homolog 8, tRNA methyltransferase"
88616,ABCA2,ATP binding cassette subfamily A member 2
88616,PGAP1,post-GPI attachment to proteins inositol deacylase 1
88616,FERRY3,FERRY endosomal RAB5 effector complex subunit 3
88616,NDST1,N-deacetylase and N-sulfotransferase 1
88616,CC2D1A,coiled-coil and C2 domain containing 1A
88616,IMPA1,inositol monophosphatase 1
88616,PIGC,phosphatidylinositol glycan anchor biosynthesis class C
88616,MBOAT7,membrane bound O-acyltransferase domain containing 7
88616,METTL23,"methyltransferase 23, arginine"
88616,EEF1B2,eukaryotic translation elongation factor 1 beta 2
88616,LMAN2L,"lectin, mannose binding 2 like"
88616,CEP104,centrosomal protein 104
88616,ST3GAL3,"ST3 beta-galactoside alpha-2,3-sialyltransferase 3"
88616,TPR,"translocated promoter region, nuclear basket protein"
88616,UBE4A,ubiquitination factor E4A
88616,GRIA1,glutamate ionotropic receptor AMPA type subunit 1
88616,WASHC4,WASH complex subunit 4
88616,NCDN,neurochondrin
88616,MAN1B1,mannosidase alpha class 1B member 1
88616,NAA20,"N-alpha-acetyltransferase 20, NatB catalytic subunit"
88616,SARS1,seryl-tRNA synthetase 1
88616,TTC5,tetratricopeptide repeat domain 5
88616,GEMIN5,gem nuclear organelle associated protein 5
88616,CRADD,CASP2 and RIPK1 domain containing adaptor with death domain
88616,CHKA,choline kinase alpha
88616,MED23,mediator complex subunit 23
88616,NSUN2,NOP2/Sun RNA methyltransferase 2
88616,KDM5B,lysine demethylase 5B
88616,GRIK2,glutamate ionotropic receptor kainate type subunit 2
88616,AIMP1,aminoacyl tRNA synthetase complex interacting multifunctional protein 1
88616,MED25,mediator complex subunit 25
88616,RSRC1,arginine and serine rich coiled-coil 1
88616,GRM7,glutamate metabotropic receptor 7
88616,PRSS12,serine protease 12
88616,SLC45A1,solute carrier family 45 member 1
88616,TNIK,TRAF2 and NCK interacting kinase
88618,AHCY,adenosylhomocysteinase
88619,RANBP2,RAN binding protein 2
88620,TENM1,teneurin transmembrane protein 1
88620,CNGA2,cyclic nucleotide gated channel subunit alpha 2
88621,SLC27A4,solute carrier family 27 member 4
88628,FLVCR1,FLVCR choline and heme transporter 1
88629,OPN1SW,"opsin 1, short wave sensitive"
88630,FLNA,filamin A
88635,CASQ1,calsequestrin 1
88637,POLR3B,RNA polymerase III subunit B
88637,POLR3A,RNA polymerase III subunit A
88637,POLR1C,RNA polymerase I and III subunit C
88639,HIBCH,3-hydroxyisobutyryl-CoA hydrolase
88642,SCN9A,sodium voltage-gated channel alpha subunit 9
88642,SCN11A,sodium voltage-gated channel alpha subunit 11
88642,SCN10A,sodium voltage-gated channel alpha subunit 10
88644,SYNE1,spectrin repeat containing nuclear envelope protein 1
88917,COL4A5,collagen type IV alpha 5 chain
88918,COL4A3,collagen type IV alpha 3 chain
88918,COL4A4,collagen type IV alpha 4 chain
88919,COL4A3,collagen type IV alpha 3 chain
88919,COL4A4,collagen type IV alpha 4 chain
88924,TSC2,TSC complex subunit 2
88924,PKD1,"polycystin 1, transient receptor potential channel interacting"
88939,WNK4,WNK lysine deficient protein kinase 4
88940,WNK1,WNK lysine deficient protein kinase 1
88949,MUC1,"mucin 1, cell surface associated"
88950,UMOD,uromodulin
89838,KRT14,keratin 14
89842,COL7A1,collagen type VII alpha 1 chain
89843,COL7A1,collagen type VII alpha 1 chain
89844,RELN,reelin
89844,NDE1,nudE neurodevelopment protein 1
89844,KATNB1,katanin regulatory subunit B1
89936,PHEX,phosphate regulating endopeptidase X-linked
89937,FGF23,fibroblast growth factor 23
89938,CLCNKB,chloride voltage-gated channel Kb
89938,BSND,barttin CLCNK type accessory subunit beta
89938,CLCNKA,chloride voltage-gated channel Ka
90001,OPN1LW,"opsin 1, long wave sensitive"
90001,OPN1MW,"opsin 1, medium wave sensitive"
90020,PARK7,Parkinsonism associated deglycase
90020,TRPM7,transient receptor potential cation channel subfamily M member 7
90023,LAMTOR2,"late endosomal/lysosomal adaptor, MAPK and MTOR activator 2"
90024,FGF3,fibroblast growth factor 3
90026,SCN9A,sodium voltage-gated channel alpha subunit 9
90026,SCN11A,sodium voltage-gated channel alpha subunit 11
90026,SCN10A,sodium voltage-gated channel alpha subunit 10
90030,GSR,glutathione-disulfide reductase
90031,HK1,hexokinase 1
90039,HBB,hemoglobin subunit beta
90042,EPOR,erythropoietin receptor
90044,ABCB6,ATP binding cassette subfamily B member 6 (LAN blood group)
90045,SLC46A1,solute carrier family 46 member 1
90050,LRP5,LDL receptor related protein 5
90050,FZD4,frizzled class receptor 4
90050,NDP,norrin cystine knot growth factor NDP
90117,TFG,trafficking from ER to golgi regulator
90118,MFN2,mitofusin 2
90120,SLC25A46,solute carrier family 25 member 46
90120,MFN2,mitofusin 2
90153,LMNA,lamin A/C
90154,ZMPSTE24,zinc metallopeptidase STE24
90186,EPHB4,EPH receptor B4
90307,RASA1,RAS p21 protein activator 1
90308,AGGF1,angiogenic factor with G-patch and FHA domains 1
90308,PIK3CA,"phosphatidylinositol-4,5-bisphosphate 3-kinase catalytic subunit alpha"
90321,ERCC6,"ERCC excision repair 6, chromatin remodeling factor"
90321,ERCC8,"ERCC excision repair 8, CSA ubiquitin ligase complex subunit"
90321,ERCC4,"ERCC excision repair 4, endonuclease catalytic subunit"
90322,ERCC8,"ERCC excision repair 8, CSA ubiquitin ligase complex subunit"
90322,ERCC6,"ERCC excision repair 6, chromatin remodeling factor"
90322,ERCC1,"ERCC excision repair 1, endonuclease non-catalytic subunit"
90324,ERCC8,"ERCC excision repair 8, CSA ubiquitin ligase complex subunit"
90324,ERCC6,"ERCC excision repair 6, chromatin remodeling factor"
90340,NOD2,nucleotide binding oligomerization domain containing 2
90342,POLH,DNA polymerase eta
90348,FBLN5,fibulin 5
90348,ELN,elastin
90348,ALDH18A1,aldehyde dehydrogenase 18 family member A1
90349,FBLN5,fibulin 5
90349,EFEMP2,EGF containing fibulin extracellular matrix protein 2
90349,LTBP1,latent transforming growth factor beta binding protein 1
90354,ZNF469,zinc finger protein 469
90354,PRDM5,PR/SET domain 5
90368,CDSN,corneodesmosin
90368,KRT74,keratin 74
90389,KIT,"KIT proto-oncogene, receptor tyrosine kinase"
90625,PRPS1,phosphoribosyl pyrophosphate synthetase 1
90625,COL4A6,collagen type IV alpha 6 chain
90625,SMPX,small muscle protein X-linked
90635,GRHL2,grainyhead like transcription factor 2
90635,DMXL2,Dmx like 2
90635,SLC44A4,solute carrier family 44 member 4
90635,OSBPL2,oxysterol binding protein like 2
90635,TJP2,tight junction protein 2
90635,COL11A1,collagen type XI alpha 1 chain
90635,COL11A2,collagen type XI alpha 2 chain
90635,CRYM,crystallin mu
90635,SIX1,SIX homeobox 1
90635,KITLG,KIT ligand
90635,MYO1C,myosin IC
90635,MYO1A,myosin IA
90635,WFS1,wolframin ER transmembrane glycoprotein
90635,TNC,tenascin C
90635,TBC1D24,TBC1 domain family member 24
90635,USP48,ubiquitin specific peptidase 48
90635,TRRAP,transformation/transcription domain associated protein
90635,TMC1,transmembrane channel like 1
90635,SLC17A8,solute carrier family 17 member 8
90635,KCNQ4,potassium voltage-gated channel subfamily Q member 4
90635,GJB2,gap junction protein beta 2
90635,TECTA,tectorin alpha
90635,CEACAM16,"CEA cell adhesion molecule 16, tectorial membrane component"
90635,CD164,CD164 molecule
90635,GSDME,gasdermin E
90635,PTPRQ,protein tyrosine phosphatase receptor type Q
90635,MIR96,microRNA 96
90635,ABCC1,ATP binding cassette subfamily C member 1 (ABCC1 blood group)
90635,PLS1,plastin 1
90635,CCDC50,coiled-coil domain containing 50
90635,P2RX2,purinergic receptor P2X 2
90635,MAP1B,microtubule associated protein 1B
90635,PDE1C,phosphodiesterase 1C
90635,GJB6,gap junction protein beta 6
90635,ACTG1,actin gamma 1
90635,CENPP,centromere protein P
90635,MYO7A,myosin VIIA
90635,MCM2,minichromosome maintenance complex component 2
90635,DIAPH3,diaphanous related formin 3
90635,SSBP1,single stranded DNA binding protein 1
90635,MYH14,myosin heavy chain 14
90635,MYH9,myosin heavy chain 9
90635,GJB3,gap junction protein beta 3
90635,EYA4,EYA transcriptional coactivator and phosphatase 4
90635,POU4F3,POU class 4 homeobox 3
90635,ATP11A,ATPase phospholipid transporting 11A
90635,DIABLO,diablo IAP-binding mitochondrial protein
90635,HOMER2,homer scaffold protein 2
90635,MYO6,myosin VI
90635,COCH,cochlin
90636,SLITRK6,SLIT and NTRK like family member 6
90636,TRIOBP,TRIO and F-actin binding protein
90636,CLIC5,chloride intracellular channel 5
90636,S1PR2,sphingosine-1-phosphate receptor 2
90636,TMC1,transmembrane channel like 1
90636,BSND,barttin CLCNK type accessory subunit beta
90636,EPS8,"EGFR pathway substrate 8, signaling adaptor"
90636,MARVELD2,MARVEL domain containing 2
90636,OTOG,otogelin
90636,USH1C,USH1 protein network component harmonin
90636,OTOGL,otogelin like
90636,GJB6,gap junction protein beta 6
90636,OTOF,otoferlin
90636,OTOA,otoancorin
90636,GJA1,gap junction protein alpha 1
90636,EPS8L2,EPS8 signaling adaptor L2
90636,GJB3,gap junction protein beta 3
90636,SYNE4,spectrin repeat containing nuclear envelope family member 4
90636,LHFPL5,LHFPL tetraspan subfamily member 5
90636,NARS2,"asparaginyl-tRNA synthetase 2, mitochondrial"
90636,GJB2,gap junction protein beta 2
90636,ROR1,receptor tyrosine kinase like orphan receptor 1
90636,MET,"MET proto-oncogene, receptor tyrosine kinase"
90636,SLC26A4,solute carrier family 26 member 4
90636,CLDN14,claudin 14
90636,CEACAM16,"CEA cell adhesion molecule 16, tectorial membrane component"
90636,GRXCR1,glutaredoxin and cysteine rich domain containing 1
90636,GRXCR2,glutaredoxin and cysteine rich domain containing 2
90636,LOXHD1,lipoxygenase homology PLAT domains 1
90636,MYO3A,myosin IIIA
90636,RDX,radixin
90636,COL11A2,collagen type XI alpha 2 chain
90636,MYO6,myosin VI
90636,MYO7A,myosin VIIA
90636,CABP2,calcium binding protein 2
90636,LRTOMT,leucine rich transmembrane and O-methyltransferase domain containing
90636,MYO15A,myosin XVA
90636,CIB2,calcium and integrin binding family member 2
90636,MPZL2,myelin protein zero like 2
90636,AFG2B,AFG2 AAA ATPase homolog B
90636,KARS1,lysyl-tRNA synthetase 1
90636,CDH23,cadherin related 23
90636,TMEM132E,transmembrane protein 132E
90636,PTPRQ,protein tyrosine phosphatase receptor type Q
90636,CDC14A,cell division cycle 14A
90636,TPRN,taperin
90636,SLC26A5,solute carrier family 26 member 5
90636,TBC1D24,TBC1 domain family member 24
90636,TECTA,tectorin alpha
90636,TMIE,transmembrane inner ear
90636,STRC,stereocilin
90636,RIPOR2,RHO family interacting cell polarization regulator 2
90636,PJVK,pejvakin
90636,PCDH15,protocadherin related 15
90636,ELMOD3,ELMO domain containing 3
90636,TMPRSS3,transmembrane serine protease 3
90636,BDP1,"B double prime 1, subunit of RNA polymerase III transcription initiation factor IIIB"
90636,MINAR2,membrane integral NOTCH2 associated receptor 2
90636,MSRB3,methionine sulfoxide reductase B3
90636,WBP2,WW domain binding protein 2
90636,ADCY1,adenylate cyclase 1
90636,ESRRB,estrogen related receptor beta
90636,GRAP,GRB2 related adaptor protein
90636,ESPN,espin
90636,ATP2B2,ATPase plasma membrane Ca2+ transporting 2
90636,ILDR1,immunoglobulin like domain containing receptor 1
90636,SERPINB6,serpin family B member 6
90636,PNPT1,polyribonucleotide nucleotidyltransferase 1
90636,PPIP5K2,diphosphoinositol pentakisphosphate kinase 2
90636,HGF,hepatocyte growth factor
90636,GPSM2,G protein signaling modulator 2
90636,GIPC3,GIPC PDZ domain containing family member 3
90636,DCDC2,doublecortin domain containing 2
90636,WHRN,whirlin
90641,MT-TH,mitochondrially encoded tRNA-His (CAU/C)
90641,POU3F4,POU class 3 homeobox 4
90641,MT-CO1,mitochondrially encoded cytochrome c oxidase I
90641,TRMU,tRNA mitochondrial 2-thiouridylase
90641,MT-ND4,mitochondrially encoded NADH:ubiquinone oxidoreductase core subunit 4
90641,MT-TS1,mitochondrially encoded tRNA-Ser (UCN) 1
90641,MT-RNR1,mitochondrially encoded 12S rRNA
90641,TFB1M,"transcription factor B1, mitochondrial"
90647,KCNQ1,potassium voltage-gated channel subfamily Q member 1
90647,KCNE1,potassium voltage-gated channel subfamily E regulatory subunit 1
90650,FLNA,filamin A
90652,FLNA,filamin A
90653,COL2A1,collagen type II alpha 1 chain
90654,COL11A1,collagen type XI alpha 1 chain
90658,PMP22,peripheral myelin protein 22
90673,TSHR,thyroid stimulating hormone receptor
90674,TSHB,thyroid stimulating hormone subunit beta
90695,PROP1,PROP paired-like homeobox 1
90695,SOX3,SRY-box transcription factor 3
90791,HSD3B2,"hydroxy-delta-5-steroid dehydrogenase, 3 beta- and steroid delta-isomerase 2"
90793,CYP17A1,cytochrome P450 family 17 subfamily A member 1
90795,CYP11B1,cytochrome P450 family 11 subfamily B member 1
90796,CYB5A,cytochrome b5 type A
90796,CYP17A1,cytochrome P450 family 17 subfamily A member 1
90797,AR,androgen receptor
91130,SLC25A3,solute carrier family 25 member 3
91131,DOLK,dolichol kinase
91132,ST14,ST14 transmembrane serine protease matriptase
91135,GGCX,gamma-glutamyl carboxylase
91347,CDH23,cadherin related 23
91352,JMJD1C,jumonji domain containing 1C
91387,TGFBR1,transforming growth factor beta receptor 1
91387,HEY2,hes related family bHLH transcription factor with YRPW motif 2
91387,MYLK,myosin light chain kinase
91387,LOX,lysyl oxidase
91387,TGFBR2,transforming growth factor beta receptor 2
91387,PRKG1,protein kinase cGMP-dependent 1
91387,SMAD3,SMAD family member 3
91387,MAT2A,methionine adenosyltransferase 2A
91387,TGFB3,transforming growth factor beta 3
91387,MYH11,myosin heavy chain 11
91387,MFAP5,microfibril associated protein 5
91387,TGFB2,transforming growth factor beta 2
91387,ACTA2,"actin alpha 2, smooth muscle"
91387,FOXE3,forkhead box E3
91387,ELN,elastin
91387,FBN1,fibrillin 1
91387,SMAD2,SMAD family member 2
91387,SMAD4,SMAD family member 4
91387,THSD4,thrombospondin type 1 domain containing 4
91411,ZFHX4,zinc finger homeobox 4
91411,COL25A1,collagen type XXV alpha 1 chain
91414,CTNNB1,catenin beta 1
91481,PITX2,paired like homeodomain 2
91483,PITX2,paired like homeodomain 2
91483,FOXC1,forkhead box C1
91489,CHRDL1,chordin like 1
91490,GJA8,gap junction protein alpha 8
91495,NDP,norrin cystine knot growth factor NDP
91495,FZD4,frizzled class receptor 4
91495,ATOH7,atonal bHLH transcription factor 7
91496,KCNJ13,potassium inwardly rectifying channel subfamily J member 13
92050,PERCC1,proline and glutamate rich with coiled coil 1
92050,EPCAM,epithelial cell adhesion molecule
93100,BMP4,bone morphogenetic protein 4
93100,DSTYK,dual serine/threonine and tyrosine protein kinase
93100,GREB1L,GREB1 like retinoic acid receptor coactivator
93100,FREM2,FRAS1 related extracellular matrix 2
93100,UPK3A,uroplakin 3A
93100,RET,ret proto-oncogene
93100,FREM1,FRAS1 related extracellular matrix 1
93100,FRAS1,Fraser extracellular matrix complex subunit 1
93110,BNC2,basonuclin zinc finger protein 2
93111,HNF1B,HNF1 homeobox B
93114,INF2,"inverted formin, FH2 and WH2 domain containing"
93160,VDR,vitamin D receptor
93172,HNF1B,HNF1 homeobox B
93173,HNF1B,HNF1 homeobox B
93256,FMR1,fragile X messenger ribonucleoprotein 1
93258,FGFR1,fibroblast growth factor receptor 1
93258,FGFR2,fibroblast growth factor receptor 2
93259,FGFR2,fibroblast growth factor receptor 2
93260,FGFR2,fibroblast growth factor receptor 2
93262,FGFR3,fibroblast growth factor receptor 3
93268,IFT80,intraflagellar transport 80
93268,IFT122,intraflagellar transport 122
93269,TRAF3IP1,TRAF3 interacting protein 1
93269,NEK1,NIMA related kinase 1
93269,DYNC2H1,dynein cytoplasmic 2 heavy chain 1
93270,DYNC2H1,dynein cytoplasmic 2 heavy chain 1
93271,IFT80,intraflagellar transport 80
93271,DYNC2I2,dynein 2 intermediate chain 2
93271,DYNC2H1,dynein cytoplasmic 2 heavy chain 1
93271,DYNC2I1,dynein 2 intermediate chain 1
93271,WDR35,WD repeat domain 35
93274,FGFR3,fibroblast growth factor receptor 3
93276,GNAS,GNAS complex locus
93277,GNAS,GNAS complex locus
93279,COL2A1,collagen type II alpha 1 chain
93282,PAPSS2,3'-phosphoadenosine 5'-phosphosulfate synthase 2
93283,ACAN,aggrecan
93284,TRAPPC2,trafficking protein particle complex subunit 2
93296,COL2A1,collagen type II alpha 1 chain
93297,COL2A1,collagen type II alpha 1 chain
93298,SLC26A2,solute carrier family 26 member 2
93299,TRIP11,thyroid hormone receptor interactor 11
93304,TRPV4,transient receptor potential cation channel subfamily V member 4
93307,SLC26A2,solute carrier family 26 member 2
93308,COMP,cartilage oligomeric matrix protein
93311,MATN3,matrilin 3
93314,TRPV4,transient receptor potential cation channel subfamily V member 4
93315,FN1,fibronectin 1
93315,COL2A1,collagen type II alpha 1 chain
93316,COL2A1,collagen type II alpha 1 chain
93317,GPX4,glutathione peroxidase 4
93321,SHH,sonic hedgehog signaling molecule
93321,LMBR1,limb development membrane protein 1
93322,GLI3,GLI family zinc finger 3
93324,TBCE,tubulin folding cofactor E
93325,FAM111A,FAM111 trypsin like peptidase A
93328,FZD2,frizzled class receptor 2
93329,GPC6,glypican 6
93333,TBX15,T-box transcription factor 15
93334,ZNF141,zinc finger protein 141
93334,GLI3,GLI family zinc finger 3
93334,KIAA0825,KIAA0825
93334,GLI1,GLI family zinc finger 1
93334,IQCE,IQ motif containing E
93334,CIBAR1,CBY1 interacting BAR domain containing 1
93335,GLI3,GLI family zinc finger 3
93335,GLI1,GLI family zinc finger 1
93336,LMBR1,limb development membrane protein 1
93336,SHH,sonic hedgehog signaling molecule
93338,GLI3,GLI family zinc finger 3
93339,GLI1,GLI family zinc finger 1
93346,COL2A1,collagen type II alpha 1 chain
93347,POP1,"POP1 homolog, ribonuclease P/MRP subunit"
93347,RMRP,RNA component of mitochondrial RNA processing endoribonuclease
93347,NEPRO,nucleolus and neural progenitor protein
93349,BGN,biglycan
93352,DDRGK1,DDRGK domain containing 1
93356,MMP13,matrix metallopeptidase 13
93357,TONSL,"tonsoku like, DNA repair protein"
93358,DDR2,discoidin domain receptor tyrosine kinase 2
93360,KIF22,kinesin family member 22
93372,CASR,calcium sensing receptor
93384,BMPR1B,bone morphogenetic protein receptor type 1B
93384,GDF5,growth differentiation factor 5
93387,PTHLH,parathyroid hormone like hormone
93387,HOXD13,homeobox D13
93388,GDF5,growth differentiation factor 5
93388,IHH,Indian hedgehog signaling molecule
93388,BMPR1B,bone morphogenetic protein receptor type 1B
93396,BMP2,bone morphogenetic protein 2
93396,GDF5,growth differentiation factor 5
93396,BMPR1B,bone morphogenetic protein receptor type 1B
93399,NEU1,neuraminidase 1
93400,NEU1,neuraminidase 1
93404,GJA1,gap junction protein alpha 1
93405,SHH,sonic hedgehog signaling molecule
93405,LMBR1,limb development membrane protein 1
93406,HOXD13,homeobox D13
93409,HOXD13,homeobox D13
93473,IDUA,alpha-L-iduronidase
93474,IDUA,alpha-L-iduronidase
93476,IDUA,alpha-L-iduronidase
93552,STAT4,signal transducer and activator of transcription 4
93552,IRAK1,interleukin 1 receptor associated kinase 1
93552,SPP1,secreted phosphoprotein 1
93552,SAT1,spermidine/spermine N1-acetyltransferase 1
93560,APOA1,apolipoprotein A1
93561,LYZ,lysozyme
93562,FGA,fibrinogen alpha chain
93571,CFHR1,complement factor H related 1
93571,CFH,complement factor H
93583,ADAMTS13,ADAM metallopeptidase with thrombospondin type 1 motif 13
93589,MAPKBP1,mitogen-activated protein kinase binding protein 1
93589,XPNPEP3,X-prolyl aminopeptidase 3
93589,NPHP3,nephrocystin 3
93591,ZNF423,zinc finger protein 423
93591,NEK8,NIMA related kinase 8
93591,INVS,inversin
93591,CEP83,centrosomal protein 83
93591,ANKS6,ankyrin repeat and sterile alpha motif domain containing 6
93591,NPHP3,nephrocystin 3
93591,TTC21B,tetratricopeptide repeat domain 21B
93592,ADAMTS9,ADAM metallopeptidase with thrombospondin type 1 motif 9
93592,WDR19,WD repeat domain 19
93592,MAPKBP1,mitogen-activated protein kinase binding protein 1
93592,NPHP4,nephrocystin 4
93592,ANKS6,ankyrin repeat and sterile alpha motif domain containing 6
93592,GLIS2,GLIS family zinc finger 2
93592,NPHP1,nephrocystin 1
93598,AGXT,alanine--glyoxylate aminotransferase
93599,GRHPR,glyoxylate and hydroxypyruvate reductase
93600,HOGA1,4-hydroxy-2-oxoglutarate aldolase 1
93601,XDH,xanthine dehydrogenase
93602,MOCOS,molybdenum cofactor sulfurase
93605,CLCNKB,chloride voltage-gated channel Kb
93606,AVPR2,arginine vasopressin receptor 2
93607,SLC4A4,solute carrier family 4 member 4
93608,SLC4A1,solute carrier family 4 member 1 (Diego blood group)
93610,SLC4A1,solute carrier family 4 member 1 (Diego blood group)
93612,SLC3A1,solute carrier family 3 member 1
93613,SLC7A9,solute carrier family 7 member 9
93616,HBA1,hemoglobin subunit alpha 1
93616,HBA2,hemoglobin subunit alpha 2
93622,CLCN5,chloride voltage-gated channel 5
93623,OCRL,OCRL inositol polyphosphate-5-phosphatase
93921,LZTR1,leucine zipper like post translational regulator 1
93921,NF2,"NF2, moesin-ezrin-radixin like (MERLIN) tumor suppressor"
93921,SMARCB1,"SWI/SNF related, matrix associated, actin dependent regulator of chromatin, subfamily b, member 1"
93921,COQ6,"coenzyme Q6, monooxygenase"
93924,DLL1,delta like canonical Notch ligand 1
93924,DISP1,dispatched RND transporter family member 1
93924,GLI2,GLI family zinc finger 2
93924,SHH,sonic hedgehog signaling molecule
93924,CDON,"cell adhesion associated, oncogene regulated"
93924,NODAL,nodal growth differentiation factor
93924,FOXH1,forkhead box H1
93924,GAS1,growth arrest specific 1
93924,TGIF1,TGFB induced factor homeobox 1
93924,CRIPTO,"cripto, EGF-CFC family member"
93924,STIL,STIL centriolar assembly protein
93924,FGFR1,fibroblast growth factor receptor 1
93924,PTCH1,patched 1
93924,FGF8,fibroblast growth factor 8
93924,SIX3,SIX homeobox 3
93924,ZIC2,Zic family member 2
93925,ZIC2,Zic family member 2
93925,SHH,sonic hedgehog signaling molecule
93925,PLCH1,phospholipase C eta 1
93925,GAS1,growth arrest specific 1
93925,TGIF1,TGFB induced factor homeobox 1
93925,GLI2,GLI family zinc finger 2
93925,SIX3,SIX homeobox 3
93925,CDON,"cell adhesion associated, oncogene regulated"
93925,FOXH1,forkhead box H1
93925,DISP1,dispatched RND transporter family member 1
93925,STIL,STIL centriolar assembly protein
93925,DLL1,delta like canonical Notch ligand 1
93925,FGF8,fibroblast growth factor 8
93925,STAG2,STAG2 cohesin complex component
93925,NODAL,nodal growth differentiation factor
93925,PTCH1,patched 1
93925,CRIPTO,"cripto, EGF-CFC family member"
93926,CRIPTO,"cripto, EGF-CFC family member"
93926,SHH,sonic hedgehog signaling molecule
93926,DISP1,dispatched RND transporter family member 1
93926,FGF8,fibroblast growth factor 8
93926,TGIF1,TGFB induced factor homeobox 1
93926,PTCH1,patched 1
93926,SIX3,SIX homeobox 3
93926,ZIC2,Zic family member 2
93926,NODAL,nodal growth differentiation factor
93926,FOXH1,forkhead box H1
93926,DLL1,delta like canonical Notch ligand 1
93926,CDON,"cell adhesion associated, oncogene regulated"
93926,GLI2,GLI family zinc finger 2
93926,GAS1,growth arrest specific 1
93926,STIL,STIL centriolar assembly protein
93930,TP63,tumor protein p63
93930,ISL1,ISL LIM homeobox 1
93932,MED12,mediator complex subunit 12
93945,PQBP1,polyglutamine binding protein 1
93946,PQBP1,polyglutamine binding protein 1
93947,PQBP1,polyglutamine binding protein 1
93950,PQBP1,polyglutamine binding protein 1
93952,ATP6AP2,ATPase H+ transporting accessory protein 2
94063,LEMD3,LEM domain containing 3
94063,HMGA2,high mobility group AT-hook 2
94064,STRC,stereocilin
94064,CATSPER2,cation channel sperm associated 2
94065,SIN3A,SIN3 transcription regulator family member A
94068,COL2A1,collagen type II alpha 1 chain
94083,ARX,aristaless related homeobox
94088,SLC2A9,solute carrier family 2 member 9
94088,SLC22A12,solute carrier family 22 member 12
94089,GNAS,GNAS complex locus
94089,STX16,syntaxin 16
94122,ATCAY,ATCAY kinesin light chain interacting caytaxin
94124,TDP1,tyrosyl-DNA phosphodiesterase 1
94125,POLG,"DNA polymerase gamma, catalytic subunit"
94147,ATXN7,ataxin 7
94150,RSPO4,R-spondin 4
95159,UROD,uroporphyrinogen decarboxylase
95232,PAFAH1B1,platelet activating factor acetylhydrolase 1b regulatory subunit 1
95428,COG8,component of oligomeric golgi complex 8
95433,PEX6,peroxisomal biogenesis factor 6
95434,VPS13D,vacuolar protein sorting 13 homolog D
95434,VPS41,VPS41 subunit of HOPS complex
95494,HESX1,HESX homeobox 1
95494,OTX2,orthodenticle homeobox 2
95494,FOXA2,forkhead box A2
95494,POU1F1,POU class 1 homeobox 1
95494,GLI2,GLI family zinc finger 2
95494,PROP1,PROP paired-like homeobox 1
95494,LHX4,LIM homeobox 4
95496,CDON,"cell adhesion associated, oncogene regulated"
95496,PROKR2,prokineticin receptor 2
95496,GPR161,G protein-coupled receptor 161
95496,WDR11,WD repeat domain 11
95496,ROBO1,roundabout guidance receptor 1
95496,LHX4,LIM homeobox 4
95496,HESX1,HESX homeobox 1
95699,POR,cytochrome p450 oxidoreductase
95702,NR0B1,nuclear receptor subfamily 0 group B member 1
95706,MAMLD1,mastermind like domain containing 1
95706,AR,androgen receptor
95712,PAX8,paired box 8
95712,NKX2-5,NK2 homeobox 5
95713,FOXE1,forkhead box E1
95713,NKX2-1,NK2 homeobox 1
95713,PAX8,paired box 8
95713,TSHR,thyroid stimulating hormone receptor
95713,SLC26A4,solute carrier family 26 member 4
95713,NKX2-5,NK2 homeobox 5
95716,TPO,thyroid peroxidase
95716,DUOXA2,dual oxidase maturation factor 2
95716,TG,thyroglobulin
95716,DUOX2,dual oxidase 2
95716,IYD,iodotyrosine deiodinase
95716,SLC5A5,solute carrier family 5 member 5
95720,TSHR,thyroid stimulating hormone receptor
95720,SLC26A4,solute carrier family 26 member 4
95720,PAX8,paired box 8
96147,EHMT1,euchromatic histone lysine methyltransferase 1
96148,EBF3,EBF transcription factor 3
96182,GRB10,growth factor receptor bound protein 10
96184,RTL1,retrotransposon Gag like 1
96184,MEG3,maternally expressed 3
96184,DLK1,delta like non-canonical Notch ligand 1
96191,HYMAI,hydatidiform mole associated and imprinted
96191,PLAGL1,PLAG1 like zinc finger 1
96253,TP53,tumor protein p53
96253,USP48,ubiquitin specific peptidase 48
96253,USP8,ubiquitin specific peptidase 8
96253,NR3C1,nuclear receptor subfamily 3 group C member 1
96253,BRAF,"B-Raf proto-oncogene, serine/threonine kinase"
96253,ATRX,ATRX chromatin remodeler
96253,CDH23,cadherin related 23
96265,LHCGR,luteinizing hormone/choriogonadotropin receptor
96266,LHCGR,luteinizing hormone/choriogonadotropin receptor
96334,DLK1,delta like non-canonical Notch ligand 1
96334,RTL1,retrotransposon Gag like 1
96334,MEG3,maternally expressed 3
97234,PGAM2,phosphoglycerate mutase 2
97238,CAV3,caveolin 3
97239,FHL1,four and a half LIM domains 1
97240,ACTA1,"actin alpha 1, skeletal muscle"
97244,SELENON,selenoprotein N
97244,ACTA1,"actin alpha 1, skeletal muscle"
97249,PCLO,piccolo presynaptic cytomatrix protein
97279,MEN1,menin 1
97279,YY1,YY1 transcription factor
97286,SDHB,succinate dehydrogenase complex iron sulfur subunit B
97286,SDHC,succinate dehydrogenase complex subunit C
97286,SDHD,succinate dehydrogenase complex subunit D
97297,ASXL1,ASXL transcriptional regulator 1
97338,EWSR1,EWS RNA binding protein 1
97338,CREB1,cAMP responsive element binding protein 1
97338,ATF1,activating transcription factor 1
97345,ITM2B,integral membrane protein 2B
97346,ITM2B,integral membrane protein 2B
97362,PBX1,PBX homeobox 1
97362,PAX2,paired box 2
97363,HNF1B,HNF1 homeobox B
97364,HNF1B,HNF1 homeobox B
97369,ACE,angiotensin I converting enzyme
97369,AGTR1,angiotensin II receptor type 1
97369,REN,renin
97369,AGT,angiotensinogen
97548,GDF1,growth differentiation factor 1
97685,NF1,neurofibromin 1
98434,VKORC1,vitamin K epoxide reductase complex subunit 1
98434,GGCX,gamma-glutamyl carboxylase
98619,P3H2,prolyl 3-hydroxylase 2
98619,SCO2,synthesis of cytochrome C oxidase 2
98619,LRPAP1,LDL receptor related protein associated protein 1
98673,DNM1L,dynamin 1 like
98673,OPA1,OPA1 mitochondrial dynamin like GTPase
98676,RTN4IP1,reticulon 4 interacting protein 1
98676,MCAT,malonyl-CoA-acyl carrier protein transacylase
98676,YME1L1,YME1 like 1 ATPase
98676,ACO2,aconitase 2
98754,MAGEL2,MAGE family member L2
98754,SNRPN,small nuclear ribonucleoprotein polypeptide N
98754,OCA2,OCA2 melanosomal transmembrane protein
98754,NDN,"necdin, MAGE family member"
98755,ATXN1,ataxin 1
98756,ATXN2,ataxin 2
98758,CACNA1A,calcium voltage-gated channel subunit alpha1 A
98759,TBP,TATA-box binding protein
98760,ATXN8OS,ATXN8 opposite strand lncRNA
98760,ATXN8,ataxin 8
98761,ATXN10,ataxin 10
98762,PPP2R2B,protein phosphatase 2 regulatory subunit Bbeta
98763,PRKCG,protein kinase C gamma
98764,FGF14,fibroblast growth factor 14
98765,PLEKHG4,pleckstrin homology and RhoGEF domain containing G4
98766,SPTBN2,"spectrin beta, non-erythrocytic 2"
98767,TTBK2,tau tubulin kinase 2
98768,KCNC3,potassium voltage-gated channel subfamily C member 3
98769,ITPR1,"inositol 1,4,5-trisphosphate receptor type 1"
98771,IFRD1,interferon related developmental regulator 1
98772,KCND3,potassium voltage-gated channel subfamily D member 3
98773,TMEM240,transmembrane protein 240
98784,CHRNA2,cholinergic receptor nicotinic alpha 2 subunit
98784,CRH,corticotropin releasing hormone
98784,CABP4,calcium binding protein 4
98784,CHRNA4,cholinergic receptor nicotinic alpha 4 subunit
98784,KCNT1,potassium sodium-activated channel subfamily T member 1
98784,CHRNB2,cholinergic receptor nicotinic beta 2 subunit
98784,DEPDC5,"DEP domain containing 5, GATOR1 subcomplex subunit"
98791,HBA1,hemoglobin subunit alpha 1
98791,HBA2,hemoglobin subunit alpha 2
98794,UBE3A,ubiquitin protein ligase E3A
98794,OCA2,OCA2 melanosomal transmembrane protein
98795,UBE3A,ubiquitin protein ligase E3A
98805,TUBB4A,tubulin beta 4A class IVa
98806,THAP1,THAP domain containing 1
98807,DYT13,"dystonia 13, torsion"
98808,GCH1,GTP cyclohydrolase 1
98808,IMPDH2,inosine monophosphate dehydrogenase 2
98808,NR4A2,nuclear receptor subfamily 4 group A member 2
98809,PRRT2,proline rich transmembrane protein 2
98809,KCNA1,potassium voltage-gated channel subfamily A member 1
98810,PRRT2,proline rich transmembrane protein 2
98810,PNKD,PNKD metallo-beta-lactamase domain containing
98811,PRRT2,proline rich transmembrane protein 2
98811,SLC2A1,solute carrier family 2 member 1
98813,IKBKG,inhibitor of nuclear factor kappa B kinase regulatory subunit gamma
98813,NFKBIA,NFKB inhibitor alpha
98818,GRIN2A,glutamate ionotropic receptor NMDA type subunit 2A
98820,NPRL2,"NPR2 like, GATOR1 complex subunit"
98820,NPRL3,"NPR3 like, GATOR1 complex subunit"
98820,DEPDC5,"DEP domain containing 5, GATOR1 subcomplex subunit"
98823,ASXL1,ASXL transcriptional regulator 1
98823,ETV6,ETS variant transcription factor 6
98823,SRSF2,serine and arginine rich splicing factor 2
98824,CSF3R,colony stimulating factor 3 receptor
98826,TET2,tet methylcytosine dioxygenase 2
98829,MYH11,myosin heavy chain 11
98829,KIT,"KIT proto-oncogene, receptor tyrosine kinase"
98829,CBFB,core-binding factor subunit beta
98829,FLT3,fms related receptor tyrosine kinase 3
98831,KMT2A,lysine methyltransferase 2A
98832,FLT3,fms related receptor tyrosine kinase 3
98833,FLT3,fms related receptor tyrosine kinase 3
98833,NPM1,nucleophosmin 1
98834,KIT,"KIT proto-oncogene, receptor tyrosine kinase"
98834,NPM1,nucleophosmin 1
98834,FLT3,fms related receptor tyrosine kinase 3
98835,KMT2A,lysine methyltransferase 2A
98838,BCL6,BCL6 transcription repressor
98838,XPO1,exportin 1
98839,BCL6,BCL6 transcription repressor
98839,BCL2,BCL2 apoptosis regulator
98842,TYK2,tyrosine kinase 2
98842,NPM1,nucleophosmin 1
98843,KLHDC8B,kelch domain containing 8B
98849,KIT,"KIT proto-oncogene, receptor tyrosine kinase"
98849,SRSF2,serine and arginine rich splicing factor 2
98849,ASXL1,ASXL transcriptional regulator 1
98849,TET2,tet methylcytosine dioxygenase 2
98850,TET2,tet methylcytosine dioxygenase 2
98850,ASXL1,ASXL transcriptional regulator 1
98850,SRSF2,serine and arginine rich splicing factor 2
98850,CBL,Cbl proto-oncogene
98850,RUNX1,RUNX family transcription factor 1
98853,TMEM43,transmembrane protein 43
98853,SYNE2,spectrin repeat containing nuclear envelope protein 2
98853,LMNA,lamin A/C
98853,SYNE1,spectrin repeat containing nuclear envelope protein 1
98855,LMNA,lamin A/C
98856,LMNA,lamin A/C
98863,FHL1,four and a half LIM domains 1
98863,EMD,emerin
98868,SLC4A1,solute carrier family 4 member 1 (Diego blood group)
98869,CDAN1,codanin 1
98869,CDIN1,CDAN1 interacting nuclease 1
98870,KIF23,kinesin family member 23
98870,RACGAP1,Rac GTPase activating protein 1
98873,SEC23B,"SEC23 homolog B, COPII coat complex component"
98880,FGA,fibrinogen alpha chain
98880,FGG,fibrinogen gamma chain
98880,FGB,fibrinogen beta chain
98881,FGA,fibrinogen alpha chain
98881,FGG,fibrinogen gamma chain
98881,FGB,fibrinogen beta chain
98885,GP6,glycoprotein VI platelet
98889,ADGRG1,adhesion G protein-coupled receptor G1
98889,PI4KA,phosphatidylinositol 4-kinase alpha
98889,SRPX2,sushi repeat containing protein X-linked 2
98890,OPA2,optic atrophy 2 (obscure)
98892,ARFGEF2,ADP ribosylation factor guanine nucleotide exchange factor 2
98892,MAP1B,microtubule associated protein 1B
98892,TMTC3,transmembrane O-mannosyltransferase targeting cadherins 3
98892,ERMARD,ER membrane associated RNA degradation
98892,FLNA,filamin A
98892,NEDD4L,NEDD4 like E3 ubiquitin protein ligase
98892,ARF1,ADP ribosylation factor 1
98895,DMD,dystrophin
98896,LTBP4,latent transforming growth factor beta binding protein 4
98896,DMD,dystrophin
98897,NOTCH2NLC,notch 2 N-terminal like C
98897,RILPL1,Rab interacting lysosomal protein like 1
98897,LRP12,LDL receptor related protein 12
98897,GIPC1,GIPC PDZ domain containing family member 1
98902,TNNT1,"troponin T1, slow skeletal type"
98904,ACTA1,"actin alpha 1, skeletal muscle"
98905,RYR1,ryanodine receptor 1
98907,ABHD5,"abhydrolase domain containing 5, lysophosphatidic acid acyltransferase"
98908,PNPLA2,patatin like phospholipase domain containing 2
98909,DES,desmin
98911,MYOT,myotilin
98912,LDB3,LIM domain binding 3
98913,COL13A1,collagen type XIII alpha 1 chain
98913,DOK7,docking protein 7
98913,SCN4A,sodium voltage-gated channel alpha subunit 4
98913,CHRND,cholinergic receptor nicotinic delta subunit
98913,CHRNA1,cholinergic receptor nicotinic alpha 1 subunit
98913,CHRNB1,cholinergic receptor nicotinic beta 1 subunit
98913,AGRN,agrin
98913,LRP4,LDL receptor related protein 4
98913,RAPSN,receptor associated protein of the synapse
98913,CHRNA1,cholinergic receptor nicotinic alpha 1 subunit
98913,AK9,adenylate kinase 9
98913,CHRND,cholinergic receptor nicotinic delta subunit
98913,CHRNB1,cholinergic receptor nicotinic beta 1 subunit
98913,CHRNE,cholinergic receptor nicotinic epsilon subunit
98913,MUSK,muscle associated receptor tyrosine kinase
98913,CHRNE,cholinergic receptor nicotinic epsilon subunit
98914,SYT2,synaptotagmin 2
98914,SLC5A7,solute carrier family 5 member 7
98914,MYO9A,myosin IXA
98914,SLC18A3,solute carrier family 18 member A3
98914,SLC25A1,solute carrier family 25 member 1
98914,SNAP25,synaptosome associated protein 25
98914,COL13A1,collagen type XIII alpha 1 chain
98914,AGRN,agrin
98914,CHAT,choline O-acetyltransferase
98914,VAMP1,vesicle associated membrane protein 1
98915,COLQ,collagen like tail subunit of asymmetric acetylcholinesterase
98915,LAMB2,laminin subunit beta 2
98916,PMP22,peripheral myelin protein 22
98920,IGHMBP2,immunoglobulin mu DNA binding protein 2
98933,COQ2,"coenzyme Q2, polyprenyltransferase"
98934,JPH3,junctophilin 3
98938,SHH,sonic hedgehog signaling molecule
98938,SOX2,SRY-box transcription factor 2
98938,RAX,retina and anterior neural fold homeobox
98938,STRA6,signaling receptor and transporter of retinol STRA6
98938,TENM3,teneurin transmembrane protein 3
98938,SIX6,SIX homeobox 6
98938,ABCB6,ATP binding cassette subfamily B member 6 (LAN blood group)
98938,OTX2,orthodenticle homeobox 2
98938,ALDH1A3,aldehyde dehydrogenase 1 family member A3
98938,RBP4,retinol binding protein 4
98938,GDF6,growth differentiation factor 6
98938,VSX2,visual system homeobox 2
98938,PORCN,porcupine O-acyltransferase
98938,GDF3,growth differentiation factor 3
98942,FZD5,frizzled class receptor 5
98942,ACTG1,actin gamma 1
98942,SALL2,spalt like transcription factor 2
98942,PAX6,paired box 6
98942,ABCB6,ATP binding cassette subfamily B member 6 (LAN blood group)
98943,SALL2,spalt like transcription factor 2
98943,ABCB6,ATP binding cassette subfamily B member 6 (LAN blood group)
98943,PAX6,paired box 6
98943,FZD5,frizzled class receptor 5
98944,SALL2,spalt like transcription factor 2
98944,PAX6,paired box 6
98944,FZD5,frizzled class receptor 5
98944,ABCB6,ATP binding cassette subfamily B member 6 (LAN blood group)
98944,ACTG1,actin gamma 1
98945,SALL2,spalt like transcription factor 2
98945,FZD5,frizzled class receptor 5
98945,ABCB6,ATP binding cassette subfamily B member 6 (LAN blood group)
98945,PAX6,paired box 6
98946,FZD5,frizzled class receptor 5
98946,PAX6,paired box 6
98946,ABCB6,ATP binding cassette subfamily B member 6 (LAN blood group)
98946,SALL2,spalt like transcription factor 2
98947,FZD5,frizzled class receptor 5
98947,PAX6,paired box 6
98947,ABCB6,ATP binding cassette subfamily B member 6 (LAN blood group)
98947,SALL2,spalt like transcription factor 2
98949,FREM2,FRAS1 related extracellular matrix 2
98954,KRT12,keratin 12
98954,KRT3,keratin 3
98956,TGFBI,transforming growth factor beta induced
98957,TACSTD2,tumor associated calcium signal transducer 2
98960,TGFBI,transforming growth factor beta induced
98961,TGFBI,transforming growth factor beta induced
98962,TGFBI,transforming growth factor beta induced
98963,TGFBI,transforming growth factor beta induced
98964,TGFBI,transforming growth factor beta induced
98967,UBIAD1,UbiA prenyltransferase domain containing 1
98969,CHST6,carbohydrate sulfotransferase 6
98970,PIKFYVE,"phosphoinositide kinase, FYVE-type zinc finger containing"
98973,ZEB1,zinc finger E-box binding homeobox 1
98973,COL8A2,collagen type VIII alpha 2 chain
98973,VSX1,visual system homeobox 1
98973,OVOL2,ovo like zinc finger 2
98973,GRHL2,grainyhead like transcription factor 2
98974,COL8A2,collagen type VIII alpha 2 chain
98974,AGBL1,AGBL carboxypeptidase 1
98974,TCF4,transcription factor 4
98974,SLC4A11,solute carrier family 4 member 11
98974,ZEB1,zinc finger E-box binding homeobox 1
98976,MYOC,myocilin
98976,TEK,TEK receptor tyrosine kinase
98976,CYP1B1,cytochrome P450 family 1 subfamily B member 1
98976,LTBP2,latent transforming growth factor beta binding protein 2
98977,EFEMP1,EGF containing fibulin extracellular matrix protein 1
98977,CYP1B1,cytochrome P450 family 1 subfamily B member 1
98977,MYOC,myocilin
98978,FOXC1,forkhead box C1
98978,PITX2,paired like homeodomain 2
98984,CRYGC,crystallin gamma C
98984,BFSP2,beaded filament structural protein 2
98984,GJA8,gap junction protein alpha 8
98984,CRYGD,crystallin gamma D
98984,MAF,MAF bZIP transcription factor
98984,GJA3,gap junction protein alpha 3
98984,CRYBB1,crystallin beta B1
98984,VIM,vimentin
98984,CRYBB2,crystallin beta B2
98985,CRYGS,crystallin gamma S
98985,BFSP2,beaded filament structural protein 2
98985,MIP,major intrinsic protein of lens fiber
98985,GJA8,gap junction protein alpha 8
98985,CRYBA1,crystallin beta A1
98985,CRYBB2,crystallin beta B2
98988,CRYBA2,crystallin beta A2
98988,CRYAA,crystallin alpha A
98988,CRYBB3,crystallin beta B3
98988,CRYGB,crystallin gamma B
98989,MIP,major intrinsic protein of lens fiber
98989,MAF,MAF bZIP transcription factor
98989,CRYGD,crystallin gamma D
98989,CRYBB2,crystallin beta B2
98990,CRYGD,crystallin gamma D
98991,CRYAA,crystallin alpha A
98991,EPHA2,EPH receptor A2
98991,CRYAB,crystallin alpha B
98991,GJA3,gap junction protein alpha 3
98991,CRYBA1,crystallin beta A1
98991,CRYBA2,crystallin beta A2
98991,GJA8,gap junction protein alpha 8
98991,CRYGD,crystallin gamma D
98991,UNC45B,unc-45 myosin chaperone B
98991,FYCO1,FYVE and coiled-coil domain autophagy adaptor 1
98991,CRYBB2,crystallin beta B2
98991,CRYBB3,crystallin beta B3
98991,WFS1,wolframin ER transmembrane glycoprotein
98991,BFSP1,beaded filament structural protein 1
98991,CRYGC,crystallin gamma C
98991,MIP,major intrinsic protein of lens fiber
98991,CRYBB1,crystallin beta B1
98991,NHS,NHS actin remodeling regulator
98993,GJA3,gap junction protein alpha 3
98993,CHMP4B,charged multivesicular body protein 4B
98993,PANK4,pantothenate kinase 4 (inactive)
98993,PITX3,paired like homeodomain 3
98993,MIP,major intrinsic protein of lens fiber
98993,CRYAB,crystallin alpha B
98993,CRYBA1,crystallin beta A1
98993,EPHA2,EPH receptor A2
98994,PGRMC1,progesterone receptor membrane component 1
98994,SIPA1L3,signal induced proliferation associated 1 like 3
98994,AGK,acylglycerol kinase
98994,NHS,NHS actin remodeling regulator
98994,LSS,lanosterol synthase
98994,EPHA2,EPH receptor A2
98994,CRYAA,crystallin alpha A
98994,GCNT2,glucosaminyl (N-acetyl) transferase 2 (I blood group)
98994,CRYGB,crystallin gamma B
98994,HSF4,heat shock transcription factor 4
98994,MIP,major intrinsic protein of lens fiber
98994,GJA8,gap junction protein alpha 8
98994,LIM2,lens intrinsic membrane protein 2
98994,LEMD2,LEM domain nuclear envelope protein 2
98994,DNMBP,dynamin binding protein
98994,FYCO1,FYVE and coiled-coil domain autophagy adaptor 1
98994,CRYBB2,crystallin beta B2
99000,IMPG2,interphotoreceptor matrix proteoglycan 2
99000,PRPH2,peripherin 2
99000,BEST1,bestrophin 1
99000,IMPG1,interphotoreceptor matrix proteoglycan 1
99001,PRPH2,peripherin 2
99001,CTNNA1,catenin alpha 1
99001,OTX2,orthodenticle homeobox 2
99002,RCBTB1,RCC1 and BTB domain containing protein 1
99003,PRPH2,peripherin 2
99013,SPG7,"SPG7 matrix AAA peptidase subunit, paraplegin"
99014,PRPS1,phosphoribosyl pyrophosphate synthetase 1
99015,PLP1,proteolipid protein 1
99027,LMNB1,lamin B1
99042,CFC1,"cryptic, EGF-CFC family member 1"
99067,CRELD1,cysteine rich with EGF like domains 1
99067,GATA6,GATA binding protein 6
99067,GATA4,GATA binding protein 4
99067,NR2F2,nuclear receptor subfamily 2 group F member 2
99068,NR2F2,nuclear receptor subfamily 2 group F member 2
99068,GATA4,GATA binding protein 4
99068,CRELD1,cysteine rich with EGF like domains 1
99103,GATA4,GATA binding protein 4
99103,MYH6,myosin heavy chain 6
99103,TLL1,tolloid like 1
99103,GATA6,GATA binding protein 6
99103,CITED2,Cbp/p300 interacting transactivator with Glu/Asp rich carboxy-terminal domain 2
99103,NKX2-5,NK2 homeobox 5
99103,TBX20,T-box transcription factor 20
99103,TBX20,T-box transcription factor 20
99103,ACTC1,actin alpha cardiac muscle 1
99105,CITED2,Cbp/p300 interacting transactivator with Glu/Asp rich carboxy-terminal domain 2
99106,TLL1,tolloid like 1
99141,PTPN14,protein tyrosine phosphatase non-receptor type 14
99361,NTRK1,neurotrophic receptor tyrosine kinase 1
99361,ESR2,estrogen receptor 2
99361,RET,ret proto-oncogene
99429,AR,androgen receptor
99646,IDH1,isocitrate dehydrogenase (NADP(+)) 1
99657,HPCA,hippocalcin
99704,NTRK2,neurotrophic receptor tyrosine kinase 2
99718,MT-ND3,mitochondrially encoded NADH:ubiquinone oxidoreductase core subunit 3
99718,MT-ND4,mitochondrially encoded NADH:ubiquinone oxidoreductase core subunit 4
99718,MT-ND6,mitochondrially encoded NADH:ubiquinone oxidoreductase core subunit 6
99725,AIP,aryl hydrocarbon receptor interacting protein
99725,MEN1,menin 1
99731,SUOX,sulfite oxidase
99734,SCN4A,sodium voltage-gated channel alpha subunit 4
99735,SCN4A,sodium voltage-gated channel alpha subunit 4
99736,SCN4A,sodium voltage-gated channel alpha subunit 4
99741,RYR1,ryanodine receptor 1
99742,SLC25A19,solute carrier family 25 member 19
99749,HAX1,HCLS1 associated protein X-1
99756,PAX7,paired box 7
99756,FOXO1,forkhead box O1
99756,NF1,neurofibromin 1
99756,PAX3,paired box 3
99756,TP53,tumor protein p53
99757,NF1,neurofibromin 1
99757,TP53,tumor protein p53
99757,SLC22A18,solute carrier family 22 member 18
99757,DICER1,"dicer 1, ribonuclease III"
99771,GRHL3,grainyhead like transcription factor 3
99771,UBB,ubiquitin B
99772,UBB,ubiquitin B
99772,GRHL3,grainyhead like transcription factor 3
99789,DSPP,dentin sialophosphoprotein
99789,SSUH2,ssu-2 homolog
99789,VPS4B,vacuolar protein sorting 4 homolog B
99791,DSPP,dentin sialophosphoprotein
99796,EML1,EMAP like 1
99796,DCX,doublecortin
99796,PAFAH1B1,platelet activating factor acetylhydrolase 1b regulatory subunit 1
99798,PAX9,paired box 9
99798,TGFA,transforming growth factor alpha
99798,AXIN2,axin 2
99798,WNT10B,Wnt family member 10B
99798,MSX1,msh homeobox 1
99798,FGFR1,fibroblast growth factor receptor 1
99798,EDARADD,EDAR associated via death domain
99798,IRF6,interferon regulatory factor 6
99798,SUMO1,small ubiquitin like modifier 1
99798,LRP6,LDL receptor related protein 6
99798,WNT10A,Wnt family member 10A
99798,EDA,ectodysplasin A
99802,MTOR,mechanistic target of rapamycin kinase
99802,AKT3,AKT serine/threonine kinase 3
99802,PIK3CA,"phosphatidylinositol-4,5-bisphosphate 3-kinase catalytic subunit alpha"
99803,ASCL1,achaete-scute family bHLH transcription factor 1
99803,RET,ret proto-oncogene
99803,PHOX2B,paired like homeobox 2B
99806,FGF3,fibroblast growth factor 3
99806,FADD,Fas associated via death domain
99807,CCDC88A,coiled-coil domain containing 88A
99810,COLGALT1,collagen beta(1-O)galactosyltransferase 1
99810,COL4A2,collagen type IV alpha 2 chain
99810,COL4A1,collagen type IV alpha 1 chain
99811,FLNA,filamin A
99812,LIG4,DNA ligase 4
99812,XRCC4,X-ray repair cross complementing 4
99818,APC,APC regulator of WNT signaling pathway
99819,TSHR,thyroid stimulating hormone receptor
99832,TRHR,thyrotropin releasing hormone receptor
99842,ITGB2,integrin subunit beta 2
99843,SLC35C1,solute carrier family 35 member C1
99844,FERMT3,FERM domain containing kindlin 3
99845,LPIN1,lipin 1
99845,OBSCN,"obscurin, cytoskeletal calmodulin and titin-interacting RhoGEF"
99845,MT-CO1,mitochondrially encoded cytochrome c oxidase I
99845,MT-CO3,mitochondrially encoded cytochrome c oxidase III
99849,ENO3,enolase 3
99852,SLC7A2-IT1,SLC7A2 intronic transcript 1
99853,AARS2,"alanyl-tRNA synthetase 2, mitochondrial"
99853,EIF2B3,eukaryotic translation initiation factor 2B subunit gamma
99853,EIF2B4,eukaryotic translation initiation factor 2B subunit delta
99853,EIF2B2,eukaryotic translation initiation factor 2B subunit beta
99853,EIF2B1,eukaryotic translation initiation factor 2B subunit alpha
99853,EIF2B5,eukaryotic translation initiation factor 2B subunit epsilon
99854,EIF2B5,eukaryotic translation initiation factor 2B subunit epsilon
99854,EIF2B3,eukaryotic translation initiation factor 2B subunit gamma
99854,EIF2B2,eukaryotic translation initiation factor 2B subunit beta
99854,EIF2B1,eukaryotic translation initiation factor 2B subunit alpha
99854,EIF2B4,eukaryotic translation initiation factor 2B subunit delta
99861,TLX1,T cell leukemia homeobox 1
99861,TLX3,T cell leukemia homeobox 3
99861,TRB,T-cell receptor beta locus
99861,PICALM,phosphatidylinositol binding clathrin assembly protein
99861,BCR,BCR activator of RhoGEF and GTPase
99861,DDX3X,DEAD-box helicase 3 X-linked
99861,STIL,STIL centriolar assembly protein
99861,TRD,T-cell receptor delta locus
99861,TRA,T-cell receptor alpha locus
99861,SET,SET nuclear proto-oncogene
99861,TRG,T-cell receptor gamma locus
99861,ABL1,"ABL proto-oncogene 1, non-receptor tyrosine kinase"
99861,ZBTB16,zinc finger and BTB domain containing 16
99861,CDKN2A,cyclin dependent kinase inhibitor 2A
99861,FLT3,fms related receptor tyrosine kinase 3
99861,NUP214,nucleoporin 214
99861,TAL1,"TAL bHLH transcription factor 1, erythroid differentiation factor"
99861,SALL2,spalt like transcription factor 2
99861,MLLT10,MLLT10 histone lysine methyltransferase DOT1L cofactor
99861,MYB,"MYB proto-oncogene, transcription factor"
99861,MYC,"MYC proto-oncogene, bHLH transcription factor"
99861,TCL1A,TCL1 family AKT coactivator A
99861,CNOT3,CCR4-NOT transcription complex subunit 3
99879,MEN1,menin 1
99879,CDC73,cell division cycle 73
99879,GCM2,glial cells missing transcription factor 2
99880,CDC73,cell division cycle 73
99885,GCK,glucokinase
99885,STAT3,signal transducer and activator of transcription 3
99885,PDX1,pancreatic and duodenal homeobox 1
99885,INS,insulin
99885,ABCC8,ATP binding cassette subfamily C member 8
99885,KCNJ11,potassium inwardly rectifying channel subfamily J member 11
99886,ABCC8,ATP binding cassette subfamily C member 8
99886,PLAGL1,PLAG1 like zinc finger 1
99886,HYMAI,hydatidiform mole associated and imprinted
99886,KCNJ11,potassium inwardly rectifying channel subfamily J member 11
99886,ZFP57,ZFP57 zinc finger protein
99887,GATA1,GATA binding protein 1
99898,IFNGR1,interferon gamma receptor 1
99901,ACAD9,acyl-CoA dehydrogenase family member 9
99914,DICER1,"dicer 1, ribonuclease III"
99915,FOXL2,forkhead box L2
99915,DICER1,"dicer 1, ribonuclease III"
99916,DICER1,"dicer 1, ribonuclease III"
99936,RAB7A,"RAB7A, member RAS oncogene family"
99937,TRPV4,transient receptor potential cation channel subfamily V member 4
99938,GARS1,glycyl-tRNA synthetase 1
99939,NEFL,neurofilament light chain
99940,HSPB1,heat shock protein family B (small) member 1
99942,MPZ,myelin protein zero
99943,MPZ,myelin protein zero
99944,GDAP1,ganglioside induced differentiation associated protein 1
99945,HSPB8,heat shock protein family B (small) member 8
99946,KIF1B,kinesin family member 1B
99947,MFN2,mitofusin 2
99948,GDAP1,ganglioside induced differentiation associated protein 1
99949,SH3TC2,SH3 domain and tetratricopeptide repeats 2
99950,NDRG1,N-myc downstream regulated 1
99951,EGR2,early growth response 2
99952,PRX,periaxin
99953,HK1,hexokinase 1
99954,FGD4,"FYVE, RhoGEF and PH domain containing 4"
99955,MTMR2,myotubularin related protein 2
99956,SBF2,SET binding factor 2
99960,ATP8B1,ATPase phospholipid transporting 8B1
99961,ABCB11,ATP binding cassette subfamily B member 11
99966,SMARCB1,"SWI/SNF related, matrix associated, actin dependent regulator of chromatin, subfamily b, member 1"
99967,FUS,FUS RNA binding protein
99967,DDIT3,DNA damage inducible transcript 3
99970,CDK4,cyclin dependent kinase 4
99970,MDM2,MDM2 proto-oncogene
99970,HMGA2,high mobility group AT-hook 2
99971,MDM2,MDM2 proto-oncogene
99971,HMGA2,high mobility group AT-hook 2
99971,CDK4,cyclin dependent kinase 4
99977,DLEC1,DLEC1 cilia and flagella associated protein
99977,WWOX,WW domain containing oxidoreductase
99977,RNF6,ring finger protein 6
99977,TGFBR2,transforming growth factor beta receptor 2
99989,KCNJ11,potassium inwardly rectifying channel subfamily J member 11
100006,APP,amyloid beta precursor protein
100008,CST3,cystatin C
100019,TET2,tet methylcytosine dioxygenase 2
100020,TET2,tet methylcytosine dioxygenase 2
100031,RELT,RELT TNF receptor
100031,SP6,Sp6 transcription factor
100031,AMBN,ameloblastin
100031,LAMB3,laminin subunit beta 3
100031,ITGB6,integrin subunit beta 6
100031,ENAM,enamelin
100031,ACP4,acid phosphatase 4
100032,SLC24A4,solute carrier family 24 member 4
100032,FAM83H,family with sequence similarity 83 member H
100032,AMTN,amelotin
100032,ITGB6,integrin subunit beta 6
100033,ODAPH,odontogenesis associated phosphoprotein
100033,SLC24A4,solute carrier family 24 member 4
100033,MMP20,matrix metallopeptidase 20
100033,KLK4,kallikrein related peptidase 4
100033,AMELX,amelogenin X-linked
100033,GPR68,G protein-coupled receptor 68
100033,WDR72,WD repeat domain 72
100034,DLX3,distal-less homeobox 3
100044,DNM2,dynamin 2
100045,YARS1,tyrosyl-tRNA synthetase 1
100046,MPZ,myelin protein zero
100050,SERPING1,serpin family G member 1
100051,SERPING1,serpin family G member 1
100054,F12,coagulation factor XII
100057,XPNPEP2,X-prolyl aminopeptidase 2
100069,C9ORF72,C9orf72-SMCR8 complex subunit
100069,GRN,granulin precursor
100069,CHMP2B,charged multivesicular body protein 2B
100069,MAPT,microtubule associated protein tau
100069,TMEM106B,transmembrane protein 106B
100069,PSEN1,presenilin 1
100069,TREM2,triggering receptor expressed on myeloid cells 2
100070,GRN,granulin precursor
100070,VCP,valosin containing protein
100070,TMEM106B,transmembrane protein 106B
100070,MAPT,microtubule associated protein tau
100070,C9ORF72,C9orf72-SMCR8 complex subunit
100070,CHMP2B,charged multivesicular body protein 2B
100070,TREM2,triggering receptor expressed on myeloid cells 2
100070,PSEN1,presenilin 1
100075,ATRX,ATRX chromatin remodeler
100093,SDHD,succinate dehydrogenase complex subunit D
100924,ALAD,aminolevulinate dehydratase
100973,AFF2,ALF transcription elongation factor 2
100973,FMR3,fragile X mental retardation associated 3
100974,TMEM185A,transmembrane protein 185A
100976,TGM1,transglutaminase 1
100984,ATL1,atlastin GTPase 1
100985,SPAST,spastin
100986,CYP7B1,cytochrome P450 family 7 subfamily B member 1
100988,NIPA1,NIPA magnesium transporter 1
100989,WASHC5,WASH complex subunit 5
100991,KIF5A,kinesin family member 5A
100993,UBAP1,ubiquitin associated protein 1
100993,RTN2,reticulon 2
100994,HSPD1,heat shock protein family D (Hsp60) member 1
100995,SPG14,spastic paraplegia 14 (autosomal recessive)
100996,ZFYVE26,zinc finger FYVE-type containing 26
100997,SPG16,"spastic paraplegia 16 (complicated, X-linked recessive)"
100998,BSCL2,"BSCL2 lipid droplet biogenesis associated, seipin"
100999,SPG19,spastic paraplegia 19 (autosomal dominant)
101000,SPART,spartin
101001,SPG21,"SPG21 abhydrolase domain containing, maspardin"
101003,SPG23,spastic paraplegia 23 (autosomal recessive)
101003,DSTYK,dual serine/threonine and tyrosine protein kinase
101004,SPG24,spastic paraplegia 24 (autosomal recessive)
101005,SPG25,"spastic paraplegia 25 (autosomal recessive, with disc herniation)"
101006,B4GALNT1,"beta-1,4-N-acetyl-galactosaminyltransferase 1"
101007,SPG27,spastic paraplegia 27 (autosomal recessive)
101008,DDHD1,DDHD domain containing 1
101009,SPG29,spastic paraplegia 29 (autosomal dominant)
101010,KIF1A,kinesin family member 1A
101011,REEP1,receptor accessory protein 1
101016,CACNA1C,calcium voltage-gated channel subunit alpha1 C
101016,SNTA1,syntrophin alpha 1
101016,KCNJ5,potassium inwardly rectifying channel subfamily J member 5
101016,AKAP9,A-kinase anchoring protein 9
101016,SCN5A,sodium voltage-gated channel alpha subunit 5
101016,CAV3,caveolin 3
101016,NOS1AP,nitric oxide synthase 1 adaptor protein
101016,ANK2,ankyrin 2
101016,TBX5,T-box transcription factor 5
101016,SCN4B,sodium voltage-gated channel beta subunit 4
101016,SCN10A,sodium voltage-gated channel alpha subunit 10
101016,TRDN,triadin
101016,KCNE1,potassium voltage-gated channel subfamily E regulatory subunit 1
101016,KCNE2,potassium voltage-gated channel subfamily E regulatory subunit 2
101016,KCNQ1,potassium voltage-gated channel subfamily Q member 1
101016,CALM1,calmodulin 1
101016,CALM2,calmodulin 2
101016,CALM3,calmodulin 3
101016,KCNH2,potassium voltage-gated channel subfamily H member 2
101023,GRHL3,grainyhead like transcription factor 3
101023,UBB,ubiquitin B
101028,TALDO1,transaldolase 1
101039,PCDH19,protocadherin 19
101041,FGA,fibrinogen alpha chain
101041,FGB,fibrinogen beta chain
101041,FGG,fibrinogen gamma chain
101046,DEPDC5,"DEP domain containing 5, GATOR1 subcomplex subunit"
101046,LGI1,leucine rich glioma inactivated 1
101046,RELN,reelin
101049,GNA11,G protein subunit alpha 11
101050,AP2S1,adaptor related protein complex 2 subunit sigma 1
101063,CFAP52,cilia and flagella associated protein 52
101063,CFAP53,cilia and flagella associated protein 53
101063,CIROP,ciliated left-right organizer metallopeptidase
101063,NME7,NME/NM23 family member 7
101063,DNAH9,dynein axonemal heavy chain 9
101063,PKD1L1,"polycystin 1 like 1, transient receptor potential channel interacting"
101063,CITED2,Cbp/p300 interacting transactivator with Glu/Asp rich carboxy-terminal domain 2
101063,NODAL,nodal growth differentiation factor
101063,ANKS3,ankyrin repeat and sterile alpha motif domain containing 3
101063,MMP21,matrix metallopeptidase 21
101068,DCN,decorin
101070,ADGRG1,adhesion G protein-coupled receptor G1
101070,PTEN,phosphatase and tensin homolog
101075,GJB1,gap junction protein beta 1
101078,AIFM1,apoptosis inducing factor mitochondria associated 1
101081,PMP22,peripheral myelin protein 22
101082,MPZ,myelin protein zero
101083,LITAF,lipopolysaccharide induced TNF factor
101084,EGR2,early growth response 2
101085,NEFL,neurofilament light chain
101088,CD40LG,CD40 ligand
101089,AICDA,activation induced cytidine deaminase
101090,CD40,CD40 molecule
101092,UNG,uracil DNA glycosylase
101097,GDAP1,ganglioside induced differentiation associated protein 1
101101,PNKP,polynucleotide kinase 3'-phosphatase
101102,GDAP1,ganglioside induced differentiation associated protein 1
101108,PDYN,prodynorphin
101109,AFG3L2,AFG3 like matrix AAA peptidase subunit 2
101110,SCA20,spinocerebellar ataxia 20
101111,PNPT1,polyribonucleotide nucleotidyltransferase 1
101111,SCA25,spinocerebellar ataxia 25
101112,EEF2,eukaryotic translation elongation factor 2
101150,TSPOAP1,TSPO associated protein 1
101150,TH,tyrosine hydroxylase
101351,RPSA,ribosomal protein SA
101351,NKX2-5,NK2 homeobox 5
102009,APC2,APC regulator of WNT signaling pathway 2
102724,RUNX1,RUNX family transcription factor 1
102724,KIT,"KIT proto-oncogene, receptor tyrosine kinase"
102724,RUNX1T1,RUNX1 partner transcriptional co-repressor 1
102724,FLT3,fms related receptor tyrosine kinase 3
102724,CEBPA,CCAAT enhancer binding protein alpha
103908,SLC9A3,solute carrier family 9 member A3
103908,GUCY2C,guanylate cyclase 2C
103909,TREH,trehalase
103918,SPINK1,serine peptidase inhibitor Kazal type 1
103918,CTRC,chymotrypsin C
104077,ACTG2,"actin gamma 2, smooth muscle"
137605,SPRED1,sprouty related EVH1 domain containing 1
137608,PTEN,phosphatase and tensin homolog
137625,GYS1,glycogen synthase 1
137634,RNF135,ring finger protein 135
137639,POLR3A,RNA polymerase III subunit A
137667,RASA1,RAS p21 protein activator 1
137667,EPHB4,EPH receptor B4
137675,MT-CYB,mitochondrially encoded cytochrome b
137678,COL2A1,collagen type II alpha 1 chain
137681,GFM1,G elongation factor mitochondrial 1
137754,ACY1,aminoacylase 1
137776,ERBB3,erb-b2 receptor tyrosine kinase 3
137783,PIP5K1C,phosphatidylinositol-4-phosphate 5-kinase type 1 gamma
137783,MYBPC1,myosin binding protein C1
137831,OPHN1,oligophrenin 1
137834,SH3PXD2B,SH3 and PX domains 2B
137888,EDN1,endothelin 1
137888,PLCB4,phospholipase C beta 4
137888,GNAI3,G protein subunit alpha i3
137893,AKAP3,A-kinase anchoring protein 3
137893,DNAH10,dynein axonemal heavy chain 10
137893,DNHD1,dynein heavy chain domain 1
137893,CFAP61,cilia and flagella associated protein 61
137893,CFAP47,cilia and flagella associated protein 47
137893,ARMC12,armadillo repeat containing 12
137893,AURKC,aurora kinase C
137893,IFT74,intraflagellar transport 74
137898,DARS2,"aspartyl-tRNA synthetase 2, mitochondrial"
137908,MRPS22,mitochondrial ribosomal protein S22
139396,ABCD1,ATP binding cassette subfamily D member 1
139399,ABCD1,ATP binding cassette subfamily D member 1
139406,PSAP,prosaposin
139441,UFM1,ubiquitin fold modifier 1
139441,TUBB4A,tubulin beta 4A class IVa
139447,NDUFV2,NADH:ubiquinone oxidoreductase core subunit V2
139455,BEST1,bestrophin 1
139466,WNT4,Wnt family member 4
139471,BMP4,bone morphogenetic protein 4
139474,NF1,neurofibromin 1
139480,PNPLA6,patatin like phospholipase domain containing 6
139485,COQ8A,coenzyme Q8A
139512,GJB3,gap junction protein beta 3
139515,FIG4,FIG4 phosphoinositide 5-phosphatase
139525,HSPB3,heat shock protein family B (small) member 3
139525,HSPB1,heat shock protein family B (small) member 1
139525,FBXO38,F-box protein 38
139525,HSPB8,heat shock protein family B (small) member 8
139536,REEP1,receptor accessory protein 1
139536,BSCL2,"BSCL2 lipid droplet biogenesis associated, seipin"
139536,GARS1,glycyl-tRNA synthetase 1
139552,SIGMAR1,sigma non-opioid intracellular receptor 1
139557,ATP7A,ATPase copper transporting alpha
139578,CCT5,chaperonin containing TCP1 subunit 5
139583,AIFM1,apoptosis inducing factor mitochondria associated 1
139589,DCTN1,dynactin subunit 1
139589,SLC5A7,solute carrier family 5 member 7
140436,ELMO2,engulfment and cell motility 2
140481,ARHGEF10,Rho guanine nucleotide exchange factor 10
140905,LIPC,"lipase C, hepatic type"
140908,NOG,noggin
140917,NOG,noggin
140922,TTN,titin
140927,SCN2A,sodium voltage-gated channel alpha subunit 2
140927,KCNQ2,potassium voltage-gated channel subfamily Q member 2
140941,IGFALS,insulin like growth factor binding protein acid labile subunit
140944,PIK3CA,"phosphatidylinositol-4,5-bisphosphate 3-kinase catalytic subunit alpha"
140952,CCNQ,cyclin Q
140957,ACTN1,actinin alpha 1
140957,ITGB3,integrin subunit beta 3
140957,TPM4,tropomyosin 4
140957,GP1BA,glycoprotein Ib platelet subunit alpha
140957,GP1BB,glycoprotein Ib platelet subunit beta
140957,TUBA8,tubulin alpha 8
140957,TUBB1,tubulin beta 1 class VI
140957,TRPM7,transient receptor potential cation channel subfamily M member 7
140957,ITGA2B,integrin subunit alpha 2b
140957,GFI1B,growth factor independent 1B transcriptional repressor
140963,HOXA2,homeobox A2
140966,SERPINB7,serpin family B member 7
140969,IFT172,intraflagellar transport 172
140969,IFT140,intraflagellar transport 140
140976,TMEM67,transmembrane protein 67
141074,TSHZ1,teashirt zinc finger homeobox 1
141258,SPECC1L,sperm antigen with calponin homology and coiled-coil domains 1 like
141276,SPECC1L,sperm antigen with calponin homology and coiled-coil domains 1 like
141276,PTCH2,patched 2
141291,NECTIN1,nectin cell adhesion molecule 1
141291,MSX1,msh homeobox 1
141291,IRF6,interferon regulatory factor 6
141291,TP63,tumor protein p63
155878,GRHL3,grainyhead like transcription factor 3
155878,UBB,ubiquitin B
156728,MATN3,matrilin 3
157215,SLC34A1,solute carrier family 34 member 1
157215,SLC34A3,solute carrier family 34 member 3
157713,EIF2B4,eukaryotic translation initiation factor 2B subunit delta
157713,EIF2B2,eukaryotic translation initiation factor 2B subunit beta
157713,EIF2B5,eukaryotic translation initiation factor 2B subunit epsilon
157713,EIF2B1,eukaryotic translation initiation factor 2B subunit alpha
157713,EIF2B3,eukaryotic translation initiation factor 2B subunit gamma
157716,EIF2B2,eukaryotic translation initiation factor 2B subunit beta
157716,EIF2B5,eukaryotic translation initiation factor 2B subunit epsilon
157716,EIF2B4,eukaryotic translation initiation factor 2B subunit delta
157716,EIF2B1,eukaryotic translation initiation factor 2B subunit alpha
157716,EIF2B3,eukaryotic translation initiation factor 2B subunit gamma
157719,EIF2B1,eukaryotic translation initiation factor 2B subunit alpha
157719,EIF2B3,eukaryotic translation initiation factor 2B subunit gamma
157719,EIF2B2,eukaryotic translation initiation factor 2B subunit beta
157719,EIF2B5,eukaryotic translation initiation factor 2B subunit epsilon
157719,EIF2B4,eukaryotic translation initiation factor 2B subunit delta
157769,NODAL,nodal growth differentiation factor
157769,LEFTY2,left-right determination factor 2
157769,MMP21,matrix metallopeptidase 21
157769,CFC1,"cryptic, EGF-CFC family member 1"
157769,NODAL,nodal growth differentiation factor
157769,DNAH9,dynein axonemal heavy chain 9
157769,CFAP53,cilia and flagella associated protein 53
157769,ACVR2B,activin A receptor type 2B
157769,CIROP,ciliated left-right organizer metallopeptidase
157769,ZIC3,Zic family member 3
157769,PKD1L1,"polycystin 1 like 1, transient receptor potential channel interacting"
157791,CAMTA1,calmodulin binding transcription activator 1
157791,YAP1,Yes1 associated transcriptional regulator
157791,WWTR1,WW domain containing transcription regulator 1
157791,TFE3,transcription factor binding to IGHM enhancer 3
157794,BMPR1A,bone morphogenetic protein receptor type 1A
157794,GREM1,"gremlin 1, DAN family BMP antagonist"
157798,RNF43,ring finger protein 43
157801,BHLHA9,basic helix-loop-helix family member a9
157820,CLCF1,cardiotrophin like cytokine factor 1
157820,KLHL7,kelch like family member 7
157820,CRLF1,cytokine receptor like factor 1
157846,FTL,ferritin light chain
157941,PRNP,prion protein (Kanno blood group)
157949,INO80,INO80 complex ATPase subunit
157949,RAG1,recombination activating 1
157949,RAG2,recombination activating 2
157954,RBM28,RNA binding motif protein 28
157962,HMX1,H6 family homeobox 1
157965,SLC39A13,solute carrier family 39 member 13
157973,LMNA,lamin A/C
158029,APOE,apolipoprotein E
158668,PKP1,plakophilin 1
158673,COL7A1,collagen type VII alpha 1 chain
158676,COL7A1,collagen type VII alpha 1 chain
158681,KRT5,keratin 5
158684,PLEC,plectin
158684,ITGB4,integrin subunit beta 4
158687,JUP,junction plakoglobin
158687,DSP,desmoplakin
158766,KIT,"KIT proto-oncogene, receptor tyrosine kinase"
158769,KIT,"KIT proto-oncogene, receptor tyrosine kinase"
158772,KIT,"KIT proto-oncogene, receptor tyrosine kinase"
158775,KIT,"KIT proto-oncogene, receptor tyrosine kinase"
158778,KIT,"KIT proto-oncogene, receptor tyrosine kinase"
163596,HBA2,hemoglobin subunit alpha 2
163596,HBA1,hemoglobin subunit alpha 1
163634,IDH2,isocitrate dehydrogenase (NADP(+)) 2
163634,IDH1,isocitrate dehydrogenase (NADP(+)) 1
163681,CNTNAP2,contactin associated protein 2
163684,SCP2,sterol carrier protein 2
163690,PREPL,prolyl endopeptidase like
163690,SLC3A1,solute carrier family 3 member 1
163693,PPM1B,"protein phosphatase, Mg2+/Mn2+ dependent 1B"
163693,PREPL,prolyl endopeptidase like
163693,SLC3A1,solute carrier family 3 member 1
163693,CAMKMT,calmodulin-lysine N-methyltransferase
163696,SCARB2,scavenger receptor class B member 2
163699,ASPSCR1,"ASPSCR1 tether for SLC2A4, UBX domain containing"
163699,TFE3,transcription factor binding to IGHM enhancer 3
163717,CPA6,carboxypeptidase A6
163721,SRPX2,sushi repeat containing protein X-linked 2
163721,GRIN2A,glutamate ionotropic receptor NMDA type subunit 2A
163727,TBC1D24,TBC1 domain family member 24
163746,SOX10,SRY-box transcription factor 10
163927,IL36RN,interleukin 36 receptor antagonist
163927,AP1S3,adaptor related protein complex 1 subunit sigma 3
163931,AP1S3,adaptor related protein complex 1 subunit sigma 3
163931,IL36RN,interleukin 36 receptor antagonist
163937,CASK,calcium/calmodulin dependent serine protein kinase
163956,UBE2A,ubiquitin conjugating enzyme E2 A
163966,HDAC6,histone deacetylase 6
163976,POLA1,"DNA polymerase alpha 1, catalytic subunit"
163985,ARHGEF9,Cdc42 guanine nucleotide exchange factor 9
164736,PER3,period circadian regulator 3
164736,PER2,period circadian regulator 2
164736,CSNK1D,casein kinase 1 delta
165805,CPA6,carboxypeptidase A6
165991,SLC16A1,solute carrier family 16 member 1
166002,COL9A3,collagen type IX alpha 3 chain
166002,COL9A2,collagen type IX alpha 2 chain
166002,COL9A1,collagen type IX alpha 1 chain
166024,KIF7,kinesin family member 7
166035,CWC27,CWC27 spliceosome associated cyclophilin
166063,TSEN54,tRNA splicing endonuclease subunit 54
166073,RARS2,"arginyl-tRNA synthetase 2, mitochondrial"
166078,VWF,von Willebrand factor
166084,VWF,von Willebrand factor
166087,VWF,von Willebrand factor
166090,VWF,von Willebrand factor
166093,VWF,von Willebrand factor
166096,VWF,von Willebrand factor
166100,COL2A1,collagen type II alpha 1 chain
166100,COL11A2,collagen type XI alpha 2 chain
166105,FASTKD2,FAST kinase domains 2
166108,KCNK9,potassium two pore domain channel subfamily K member 9
166119,LEMD3,LEM domain containing 3
166260,DSPP,dentin sialophosphoprotein
166265,DSPP,dentin sialophosphoprotein
166272,TRIP11,thyroid hormone receptor interactor 11
166282,GNB2,G protein subunit beta 2
166282,MYH6,myosin heavy chain 6
166282,SCN5A,sodium voltage-gated channel alpha subunit 5
166282,HCN4,hyperpolarization activated cyclic nucleotide gated potassium channel 4
166286,GJB2,gap junction protein beta 2
166412,SLC1A1,solute carrier family 1 member 1
168454,NANS,N-acetylneuraminate synthase
168558,CYP11A1,cytochrome P450 family 11 subfamily A member 1
168563,DHH,desert hedgehog signaling molecule
168566,TSFM,"Ts translation elongation factor, mitochondrial"
168569,SLC29A3,solute carrier family 29 member 3
168572,STAC3,SH3 and cysteine rich domain 3
168577,SLC2A1,solute carrier family 2 member 1
168583,UTP4,UTP4 small subunit processome component
168588,HSD11B1,hydroxysteroid 11-beta dehydrogenase 1
168588,H6PD,hexose-6-phosphate dehydrogenase/glucose 1-dehydrogenase
168593,TSPYL1,TSPY like 1
168598,MAT1A,methionine adenosyltransferase 1A
168601,TMPRSS15,transmembrane serine protease 15
168606,ZNF750,zinc finger protein 750
168612,AFP,alpha fetoprotein
168615,AFP,alpha fetoprotein
168624,FGFR2,fibroblast growth factor receptor 2
168629,ETV6,ETS variant transcription factor 6
168629,MASTL,microtubule associated serine/threonine kinase like
168629,ANKRD26,ankyrin repeat domain containing 26
168629,CYCS,"cytochrome c, somatic"
168629,IKZF5,IKAROS family zinc finger 5
168796,LMNA,lamin A/C
168829,BRCA1,BRCA1 DNA repair associated
168940,FIP1L1,factor interacting with PAPOLA and CPSF1
168940,PDGFRA,platelet derived growth factor receptor alpha
168947,PDGFRA,platelet derived growth factor receptor alpha
168950,PDGFRB,platelet derived growth factor receptor beta
168953,FGFR1,fibroblast growth factor receptor 1
168984,PIK3CA,"phosphatidylinositol-4,5-bisphosphate 3-kinase catalytic subunit alpha"
169079,NHEJ1,non-homologous end joining factor 1
169082,CD3G,CD3 gamma subunit of T-cell receptor complex
169085,CD8A,CD8 subunit alpha
169095,FOXN1,forkhead box N1
169100,IL2RA,interleukin 2 receptor subunit alpha
169142,CEBPE,CCAAT enhancer binding protein epsilon
169142,SMARCD2,"SWI/SNF related, matrix associated, actin dependent regulator of chromatin, subfamily d, member 2"
169147,C1QB,complement C1q B chain
169147,C2,complement C2
169147,C4A,complement C4A (Chido/Rodgers blood group)
169147,C1QA,complement C1q A chain
169147,C1QC,complement C1q C chain
169147,C1R,complement C1r
169147,C4B,complement C4B (Chido/Rodgers blood group)
169147,C1S,complement C1s
169150,C8G,complement C8 gamma chain
169150,C6,complement C6
169150,C9,complement C9
169150,C5,complement C5
169150,C8A,complement C8 alpha chain
169150,C7,complement C7
169150,C8B,complement C8 beta chain
169154,IL7R,interleukin 7 receptor
169157,PTPRC,protein tyrosine phosphatase receptor type C
169160,CD3D,CD3 delta subunit of T-cell receptor complex
169160,CD3E,CD3 epsilon subunit of T-cell receptor complex
169160,CD247,CD247 molecule
169186,BIN1,bridging integrator 1
169186,SPEG,striated muscle enriched protein kinase
169186,RYR1,ryanodine receptor 1
169186,TTN,titin
169189,DNM2,dynamin 2
169189,BIN1,bridging integrator 1
169189,MTMR14,myotubularin related protein 14
169189,MYF6,myogenic factor 6
169189,RYR1,ryanodine receptor 1
169464,CD59,CD59 molecule (CD59 blood group)
169467,CFD,complement factor D
169793,F9,coagulation factor IX
169796,F9,coagulation factor IX
169799,F9,coagulation factor IX
169802,F8,coagulation factor VIII
169805,F8,coagulation factor VIII
169808,F8,coagulation factor VIII
171430,KLHL41,kelch like family member 41
171430,LMOD3,leiomodin 3
171430,KLHL40,kelch like family member 40
171430,NEB,nebulin
171430,ACTA1,"actin alpha 1, skeletal muscle"
171433,TPM3,tropomyosin 3
171433,KLHL41,kelch like family member 41
171433,ACTA1,"actin alpha 1, skeletal muscle"
171433,NEB,nebulin
171436,CFL2,cofilin 2
171436,NEB,nebulin
171436,KLHL41,kelch like family member 41
171436,TPM2,tropomyosin 2
171436,LMOD3,leiomodin 3
171436,ACTA1,"actin alpha 1, skeletal muscle"
171439,KBTBD13,kelch repeat and BTB domain containing 13
171439,TPM3,tropomyosin 3
171439,NEB,nebulin
171439,ACTA1,"actin alpha 1, skeletal muscle"
171439,MYPN,myopalladin
171439,TPM2,tropomyosin 2
171439,KLHL41,kelch like family member 41
171445,FLNC,filamin C
171607,SPG34,spastic paraplegia 34 (autosomal dominant)
171612,SPG37,spastic paraplegia 37 (autosomal dominant)
171612,KPNA3,karyopherin subunit alpha 3
171617,SPG38,"spastic paraplegia 38 (autosomal dominant, Silver syndrome)"
171622,SPG32,spastic paraplegia 32 (autosomal recessive)
171629,FA2H,fatty acid 2-hydroxylase
171680,TUBA1A,tubulin alpha 1a
171690,SLC16A1,solute carrier family 16 member 1
171695,FBXO7,F-box protein 7
171695,SNCA,synuclein alpha
171700,MUC5B,"mucin 5B, oligomeric mucus/gel-forming"
171700,MUCL3,mucin like 3
171703,EOMES,eomesodermin
171706,SECISBP2,SECIS binding protein 2
171709,ZPBP,zona pellucida binding protein
171709,SEPTIN4,septin 4
171709,C2CD6,C2 calcium dependent domain containing 6
171709,GOPC,golgi associated PDZ and coiled-coil motif containing
171709,PICK1,protein interacting with PRKCA 1
171709,DPY19L2,dpy-19 like 2
171709,SPATA16,spermatogenesis associated 16
171709,GGN,gametogenetin
171723,KRT13,keratin 13
171723,KRT4,keratin 4
171829,SIM1,SIM bHLH transcription factor 1
171848,ABHD12,"abhydrolase domain containing 12, lysophospholipase"
171851,AP1S1,adaptor related protein complex 1 subunit sigma 1
171851,AP1B1,adaptor related protein complex 1 subunit beta 1
171863,SLC33A1,solute carrier family 33 member 1
171866,ACAN,aggrecan
171871,NR3C2,nuclear receptor subfamily 3 group C member 2
171876,SCNN1B,sodium channel epithelial 1 subunit beta
171876,SCNN1A,sodium channel epithelial 1 subunit alpha
171876,SCNN1G,sodium channel epithelial 1 subunit gamma
171881,TPM3,tropomyosin 3
171881,MYPN,myopalladin
171881,TPM2,tropomyosin 2
177901,SNORD116@,"small nucleolar RNA, C/D box 116 cluster"
177901,SNRPN,small nuclear ribonucleoprotein polypeptide N
177901,SNORD115@,"small nucleolar RNA, C/D box 115 cluster"
177901,MAGEL2,MAGE family member L2
177901,OCA2,OCA2 melanosomal transmembrane protein
177901,NDN,"necdin, MAGE family member"
177904,SNORD115@,"small nucleolar RNA, C/D box 115 cluster"
177904,OCA2,OCA2 melanosomal transmembrane protein
177904,NDN,"necdin, MAGE family member"
177904,SNORD116@,"small nucleolar RNA, C/D box 116 cluster"
177904,SNRPN,small nuclear ribonucleoprotein polypeptide N
177904,MAGEL2,MAGE family member L2
177907,SNRPN,small nuclear ribonucleoprotein polypeptide N
177910,NDN,"necdin, MAGE family member"
177910,SNRPN,small nuclear ribonucleoprotein polypeptide N
177910,MAGEL2,MAGE family member L2
177910,SNORD115@,"small nucleolar RNA, C/D box 115 cluster"
177910,SNORD116@,"small nucleolar RNA, C/D box 116 cluster"
177926,F8,coagulation factor VIII
177929,F9,coagulation factor IX
178145,RYR1,ryanodine receptor 1
178307,ADAM10,ADAM metallopeptidase domain 10
178333,CACNA1F,calcium voltage-gated channel subunit alpha1 F
178338,UVSSA,UV stimulated scaffold protein A
178338,ERCC8,"ERCC excision repair 8, CSA ubiquitin ligase complex subunit"
178338,ERCC6,"ERCC excision repair 6, chromatin remodeling factor"
178342,ALK,ALK receptor tyrosine kinase
178342,CARS1,cysteinyl-tRNA synthetase 1
178342,CLTC,clathrin heavy chain
178342,TPM4,tropomyosin 4
178342,RANBP2,RAN binding protein 2
178342,TPM3,tropomyosin 3
178345,CYP19A1,cytochrome P450 family 19 subfamily A member 1
178355,RAB33B,"RAB33B, member RAS oncogene family"
178355,DYM,dymeclin
178364,OTX2,orthodenticle homeobox 2
178377,LRP5,LDL receptor related protein 5
178389,TNFRSF11A,TNF receptor superfamily member 11a
178396,SERPINA1,serpin family A member 1
178400,DYSF,dysferlin
178461,FHL1,four and a half LIM domains 1
178464,TTN,titin
178469,SET,SET nuclear proto-oncogene
178469,SETD1B,"SET domain containing 1B, histone lysine methyltransferase"
178469,GRIN2B,glutamate ionotropic receptor NMDA type subunit 2B
178469,DPYSL2,dihydropyrimidinase like 2
178469,CIC,capicua transcriptional repressor
178469,GRIN1,glutamate ionotropic receptor NMDA type subunit 1
178469,MBD5,methyl-CpG binding domain protein 5
178469,CHAMP1,chromosome alignment maintaining phosphoprotein 1
178469,TCF4,transcription factor 4
178469,GABBR1,gamma-aminobutyric acid type B receptor subunit 1
178469,SLC6A1,solute carrier family 6 member 1
178469,CTNND2,catenin delta 2
178469,CSNK2B,casein kinase 2 beta
178469,KIRREL3,kirre like nephrin family adhesion molecule 3
178469,DYNC1H1,dynein cytoplasmic 1 heavy chain 1
178469,EEF1A2,eukaryotic translation elongation factor 1 alpha 2
178469,DLL1,delta like canonical Notch ligand 1
178469,HIVEP2,HIVEP zinc finger 2
178469,NBEA,neurobeachin
178469,SEMA6B,semaphorin 6B
178469,RAB11A,"RAB11A, member RAS oncogene family"
178469,DEAF1,DEAF1 transcription factor
178469,PPP3CA,protein phosphatase 3 catalytic subunit alpha
178469,TAOK1,TAO kinase 1
178469,MED12L,mediator complex subunit 12L
178469,TRPM3,transient receptor potential cation channel subfamily M member 3
178469,BRSK2,BR serine/threonine kinase 2
178469,KDM5B,lysine demethylase 5B
178469,CUX1,cut like homeobox 1
178469,KCNQ2,potassium voltage-gated channel subfamily Q member 2
178469,KCNQ5,potassium voltage-gated channel subfamily Q member 5
178469,ITSN1,intersectin 1
178469,YWHAZ,tyrosine 3-monooxygenase/tryptophan 5-monooxygenase activation protein zeta
178469,ASH1L,ASH1 like histone lysine methyltransferase
178469,CACNG2,calcium voltage-gated channel auxiliary subunit gamma 2
178469,CDH15,cadherin 15
178469,SCN8A,sodium voltage-gated channel alpha subunit 8
178469,ARF3,ADP ribosylation factor 3
178469,GRIA1,glutamate ionotropic receptor AMPA type subunit 1
178469,PRICKLE2,prickle planar cell polarity protein 2
178469,CACNA1I,calcium voltage-gated channel subunit alpha1 I
178469,DOCK8,dedicator of cytokinesis 8
178469,EPB41L1,erythrocyte membrane protein band 4.1 like 1
178469,KIF1A,kinesin family member 1A
178469,CLTC,clathrin heavy chain
178469,ERBB4,erb-b2 receptor tyrosine kinase 4
178469,CAMK2A,calcium/calmodulin dependent protein kinase II alpha
178469,CAMK2B,calcium/calmodulin dependent protein kinase II beta
178506,FARSB,phenylalanyl-tRNA synthetase subunit beta
178509,DCTN1,dynactin subunit 1
179494,LEPR,leptin receptor
180188,PTPRF,protein tyrosine phosphatase receptor type F
181428,APOC3,apolipoprotein C3
181428,CETP,cholesteryl ester transfer protein
181428,SCARB1,scavenger receptor class B member 1
182050,MYH9,myosin heavy chain 9
183675,IGKC,immunoglobulin kappa constant
183675,IGHG2,immunoglobulin heavy constant gamma 2 (G2m marker)
183707,RAC2,Rac family small GTPase 2
189427,ARMC5,armadillo repeat containing 5
189427,KDM1A,lysine demethylase 1A
189427,GNAS,GNAS complex locus
189466,AIRE,autoimmune regulator
189466,PTH,parathyroid hormone
199241,EIF2AK4,eukaryotic translation initiation factor 2 alpha kinase 4
199247,SERPINA6,serpin family A member 6
199285,BCO1,beta-carotene oxygenase 1
199296,TBX19,T-box transcription factor 19
199302,NECTIN1,nectin cell adhesion molecule 1
199302,TP63,tumor protein p63
199302,MSX1,msh homeobox 1
199302,IRF6,interferon regulatory factor 6
199306,COBLL1,cordon-bleu WH2 repeat protein like 1
199306,DLX4,distal-less homeobox 4
199306,DLG1,discs large MAGUK scaffold protein 1
199306,CDH1,cadherin 1
199306,MSX1,msh homeobox 1
199306,PDGFRA,platelet derived growth factor receptor alpha
199306,RIC1,"RIC1 homolog, RAB6A GEF complex partner 1"
199306,TP63,tumor protein p63
199306,ARHGEF38,Rho guanine nucleotide exchange factor 38
199306,ARHGAP29,Rho GTPase activating protein 29
199306,BMP4,bone morphogenetic protein 4
199306,NECTIN1,nectin cell adhesion molecule 1
199306,IRF6,interferon regulatory factor 6
199318,CHRNA7,cholinergic receptor nicotinic alpha 7 subunit
199326,KCNA1,potassium voltage-gated channel subfamily A member 1
199329,DYSF,dysferlin
199332,CILK1,ciliogenesis associated kinase 1
199337,COX4I2,cytochrome c oxidase subunit 4I2
199340,BAG3,BAG cochaperone 3
199343,KCNJ10,potassium inwardly rectifying channel subfamily J member 10
199348,SLC19A3,solute carrier family 19 member 3
199351,PLA2G6,phospholipase A2 group VI
199354,HTRA1,HtrA serine peptidase 1
200418,CFI,complement factor I
200421,CFH,complement factor H
206436,PSAP,prosaposin
206436,GALC,galactosylceramidase
206443,GALC,galactosylceramidase
206448,GALC,galactosylceramidase
206546,DMD,dystrophin
206549,ANO5,anoctamin 5
206554,FKTN,fukutin
206559,POMT2,protein O-mannosyltransferase 2
206564,POMGNT1,"protein O-linked mannose N-acetylglucosaminyltransferase 1 (beta 1,2-)"
206580,PLEKHG5,pleckstrin homology and RhoGEF domain containing G5
206583,GBE1,"1,4-alpha-glucan branching enzyme 1"
206599,ANO5,anoctamin 5
206599,CAV3,caveolin 3
208441,FIG4,FIG4 phosphoinositide 5-phosphatase
208447,GRIN1,glutamate ionotropic receptor NMDA type subunit 1
208513,ITPR1,"inositol 1,4,5-trisphosphate receptor type 1"
209335,VAPB,VAMP associated protein B and C
209341,DYNC1H1,dynein cytoplasmic 1 heavy chain 1
209370,MECP2,methyl-CpG binding protein 2
209867,COL2A1,collagen type II alpha 1 chain
209902,CYP7A1,cytochrome P450 family 7 subfamily A member 1
209905,NKX2-1,NK2 homeobox 1
209908,FOXP2,forkhead box P2
209916,TFG,trafficking from ER to golgi regulator
209916,TCF12,transcription factor 12
209916,NR4A3,nuclear receptor subfamily 4 group A member 3
209916,EWSR1,EWS RNA binding protein 1
209916,TAF15,TATA-box binding protein associated factor 15
209932,KCNV2,potassium voltage-gated channel modifier subfamily V member 2
209951,ERLIN2,ER lipid raft associated 2
209967,SLC1A3,solute carrier family 1 member 3
209981,TMPRSS6,transmembrane serine protease 6
210110,PLEKHM1,pleckstrin homology and RUN domain containing M1
210110,CLCN7,chloride voltage-gated channel 7
210110,TCIRG1,"T cell immune regulator 1, ATPase H+ transporting V0 subunit a3"
210115,IL1RN,interleukin 1 receptor antagonist
210122,FOXF1,forkhead box F1
210128,UROC1,urocanate hydratase 1
210141,GAD1,glutamate decarboxylase 1
210141,ADD3,adducin 3
210141,KANK1,KN motif and ankyrin repeat domains 1
210144,FTO,FTO alpha-ketoglutarate dependent dioxygenase
210159,PIK3CA,"phosphatidylinositol-4,5-bisphosphate 3-kinase catalytic subunit alpha"
210159,EGF,epidermal growth factor
210159,CASP8,caspase 8
210159,CTNNB1,catenin beta 1
210159,AXIN1,axin 1
210159,TP53,tumor protein p53
210159,PDGFRL,platelet derived growth factor receptor like
210159,TSC2,TSC complex subunit 2
210159,TSC1,TSC complex subunit 1
210163,CNTN1,contactin 1
210548,HEPACAM,hepatic and glial cell adhesion molecule
210548,PTEN,phosphatase and tensin homolog
210571,PRKRA,protein activator of interferon induced protein kinase EIF2AK2
211017,SCA30,spinocerebellar ataxia 30
211067,CACNB4,calcium voltage-gated channel auxiliary subunit beta 4
213504,INHBA,inhibin subunit beta A
213711,NUTM2A,NUT family member 2A
213711,YWHAE,tyrosine 3-monooxygenase/tryptophan 5-monooxygenase activation protein epsilon
213711,JAZF1,JAZF zinc finger 1
213711,SUZ12,SUZ12 polycomb repressive complex 2 subunit
213711,NUTM2B,NUT family member 2B
216718,CFC1,"cryptic, EGF-CFC family member 1"
216718,GDF1,growth differentiation factor 1
216718,ZIC3,Zic family member 3
216718,MED13L,mediator complex subunit 13L
216729,CFC1,"cryptic, EGF-CFC family member 1"
216796,MBTPS2,"membrane bound transcription factor peptidase, site 2"
216796,P4HB,prolyl 4-hydroxylase subunit beta
216796,SEC24D,"SEC24 homolog D, COPII coat complex component"
216796,COL1A2,collagen type I alpha 2 chain
216796,COL1A1,collagen type I alpha 1 chain
216804,PPIB,peptidylprolyl isomerase B
216804,COL1A1,collagen type I alpha 1 chain
216804,MESD,mesoderm development LRP chaperone
216804,P3H1,prolyl 3-hydroxylase 1
216804,CRTAP,cartilage associated protein
216804,COL1A2,collagen type I alpha 2 chain
216812,SERPINH1,serpin family H member 1
216812,MBTPS2,"membrane bound transcription factor peptidase, site 2"
216812,SERPINF1,serpin family F member 1
216812,COL1A2,collagen type I alpha 2 chain
216812,BMP1,bone morphogenetic protein 1
216812,WNT1,Wnt family member 1
216812,PPIB,peptidylprolyl isomerase B
216812,CRTAP,cartilage associated protein
216812,FKBP10,FKBP prolyl isomerase 10
216812,P3H1,prolyl 3-hydroxylase 1
216812,CREB3L1,cAMP responsive element binding protein 3 like 1
216812,COL1A1,collagen type I alpha 1 chain
216812,TENT5A,terminal nucleotidyltransferase 5A
216820,COL1A1,collagen type I alpha 1 chain
216820,COL1A2,collagen type I alpha 2 chain
216820,WNT1,Wnt family member 1
216820,SP7,Sp7 transcription factor
216820,TMEM38B,transmembrane protein 38B
216820,SERPINF1,serpin family F member 1
216820,PPIB,peptidylprolyl isomerase B
216820,FKBP10,FKBP prolyl isomerase 10
216820,SPARC,secreted protein acidic and cysteine rich
216820,CRTAP,cartilage associated protein
216820,MBTPS2,"membrane bound transcription factor peptidase, site 2"
216828,IFITM5,interferon induced transmembrane protein 5
216866,PANK2,pantothenate kinase 2
216873,PANK2,pantothenate kinase 2
216972,NPC1,NPC intracellular cholesterol transporter 1
216972,NPC2,NPC intracellular cholesterol transporter 2
216975,NPC1,NPC intracellular cholesterol transporter 1
216975,NPC2,NPC intracellular cholesterol transporter 2
216978,NPC2,NPC intracellular cholesterol transporter 2
216978,NPC1,NPC intracellular cholesterol transporter 1
216981,NPC2,NPC intracellular cholesterol transporter 2
216981,NPC1,NPC intracellular cholesterol transporter 1
216986,NPC1,NPC intracellular cholesterol transporter 1
216986,NPC2,NPC intracellular cholesterol transporter 2
217012,BEAN1,brain expressed associated with NEDD4 1
217055,GDAP1,ganglioside induced differentiation associated protein 1
217059,HPGD,15-hydroxyprostaglandin dehydrogenase
217085,IDS,iduronate 2-sulfatase
217093,IDS,iduronate 2-sulfatase
217266,FREM1,FRAS1 related extracellular matrix 1
217330,REN,renin
217335,RIN2,Ras and Rab interactor 2
217371,TRMU,tRNA mitochondrial 2-thiouridylase
217377,IQSEC2,IQ motif and Sec7 domain ArfGEF 2
217382,FOLR1,folate receptor 1
217385,YWHAE,tyrosine 3-monooxygenase/tryptophan 5-monooxygenase activation protein epsilon
217385,PAFAH1B1,platelet activating factor acetylhydrolase 1b regulatory subunit 1
217390,DOCK8,dedicator of cytokinesis 8
217396,SLC25A19,solute carrier family 25 member 19
217407,DSC3,desmocollin 3
217467,HRG,histidine rich glycoprotein
217563,SFTPB,surfactant protein B
217563,ABCA3,ATP binding cassette subfamily A member 3
217566,SFTPC,surfactant protein C
217622,EYA4,EYA transcriptional coactivator and phosphatase 4
220295,ERCC4,"ERCC excision repair 4, endonuclease catalytic subunit"
220295,ERCC5,"ERCC excision repair 5, endonuclease"
220295,ERCC3,"ERCC excision repair 3, TFIIH core complex helicase subunit"
220295,ERCC2,"ERCC excision repair 2, TFIIH core complex helicase subunit"
220386,NODAL,nodal growth differentiation factor
220386,CRIPTO,"cripto, EGF-CFC family member"
220386,ZIC2,Zic family member 2
220386,SIX3,SIX homeobox 3
220386,GAS1,growth arrest specific 1
220386,CDON,"cell adhesion associated, oncogene regulated"
220386,FGFR1,fibroblast growth factor receptor 1
220386,FGF8,fibroblast growth factor 8
220386,GLI2,GLI family zinc finger 2
220386,SHH,sonic hedgehog signaling molecule
220386,STAG2,STAG2 cohesin complex component
220386,PTCH1,patched 1
220386,STIL,STIL centriolar assembly protein
220386,SMC1A,structural maintenance of chromosomes 1A
220386,DISP1,dispatched RND transporter family member 1
220386,DLL1,delta like canonical Notch ligand 1
220386,TGIF1,TGFB induced factor homeobox 1
220386,FOXH1,forkhead box H1
220393,CCR6,C-C motif chemokine receptor 6
220393,CAV1,caveolin 1
220393,CCN2,cellular communication network factor 2
220393,HLA-DRB1,"major histocompatibility complex, class II, DR beta 1"
220393,IRF5,interferon regulatory factor 5
220402,CCR6,C-C motif chemokine receptor 6
220402,KIAA0319L,KIAA0319 like
220402,IRF5,interferon regulatory factor 5
220402,CCN2,cellular communication network factor 2
220402,CAV1,caveolin 1
220402,HLA-DRB1,"major histocompatibility complex, class II, DR beta 1"
220407,HLA-DRB1,"major histocompatibility complex, class II, DR beta 1"
220436,PLAU,"plasminogen activator, urokinase"
220443,TBXA2R,thromboxane A2 receptor
220465,STAT5B,signal transducer and activator of transcription 5B
220493,AHI1,Abelson helper integration site 1
220493,CEP120,centrosomal protein 120
220493,CEP41,centrosomal protein 41
220493,MKS1,MKS transition zone complex subunit 1
220493,INPP5E,inositol polyphosphate-5-phosphatase E
220497,RPGRIP1L,RPGRIP1 like
220497,TMEM237,transmembrane protein 237
220497,NPHP1,nephrocystin 1
221008,ANAPC1,anaphase promoting complex subunit 1
221016,RECQL4,RecQ like helicase 4
221043,FAM111B,FAM111 trypsin like peptidase B
221046,USB1,U6 snRNA biogenesis phosphodiesterase 1
221061,PIK3CA,"phosphatidylinositol-4,5-bisphosphate 3-kinase catalytic subunit alpha"
221061,CCM2,CCM2 scaffold protein
221061,PDCD10,programmed cell death 10
221061,KRIT1,KRIT1 ankyrin repeat containing
221126,FLVCR2,FLVCR choline and putative heme transporter 2
221139,KNSTRN,kinetochore localized astrin (SPAG5) binding protein
221139,PIK3CD,"phosphatidylinositol-4,5-bisphosphate 3-kinase catalytic subunit delta"
221145,LTBP4,latent transforming growth factor beta binding protein 4
221145,LTBP4,latent transforming growth factor beta binding protein 4
225123,TFR2,transferrin receptor 2
225154,NUP62,nucleoporin 62
225154,NUP54,nucleoporin 54
225154,MT-ATP6,mitochondrially encoded ATP synthase membrane subunit 6
225154,ADAR,adenosine deaminase RNA specific
226307,LHX4,LIM homeobox 4
226307,LHX3,LIM homeobox 3
226307,PROP1,PROP paired-like homeobox 1
226307,POU1F1,POU class 1 homeobox 1
226307,HESX1,HESX homeobox 1
226316,DUOX2,dual oxidase 2
227510,COQ2,"coenzyme Q2, polyprenyltransferase"
227535,PALB2,partner and localizer of BRCA2
227535,BRCA1,BRCA1 DNA repair associated
227535,NQO2,N-ribosyldihydronicotinamide:quinone dehydrogenase 2
227535,KLLN,"killin, p53 regulated DNA replication inhibitor"
227535,BRCA2,BRCA2 DNA repair associated
227535,SLC22A18,solute carrier family 22 member 18
227535,CDH1,cadherin 1
227535,RAD54L,RAD54 like
227535,XRCC2,X-ray repair cross complementing 2
227535,ATM,ATM serine/threonine kinase
227796,RLBP1,retinaldehyde binding protein 1
227796,PRPH2,peripherin 2
227796,RDH5,retinol dehydrogenase 5
227976,TMEM126A,transmembrane protein 126A
228000,UNC119,unc-119 lipid binding chaperone
228003,CORO1A,coronin 1A
228012,MYO6,myosin VI
228140,SCN5A,sodium voltage-gated channel alpha subunit 5
228140,DPP6,dipeptidyl peptidase like 6
228169,PDE8B,phosphodiesterase 8B
228174,AARS1,alanyl-tRNA synthetase 1
228179,DNM2,dynamin 2
228302,CPT2,carnitine palmitoyltransferase 2
228305,CPT2,carnitine palmitoyltransferase 2
228308,CPT2,carnitine palmitoyltransferase 2
228329,PPT1,palmitoyl-protein thioesterase 1
228337,CTSD,cathepsin D
228343,DNAJC5,DnaJ heat shock protein family (Hsp40) member C5
228346,CLN3,"CLN3 lysosomal/endosomal transmembrane protein, battenin"
228349,TPP1,tripeptidyl peptidase 1
228354,CLN8,CLN8 transmembrane ER and ERGIC protein
228360,CLN5,CLN5 intracellular trafficking protein
228363,CLN6,CLN6 transmembrane ER protein
228366,MFSD8,major facilitator superfamily domain containing 8
228374,NEFL,neurofilament light chain
228384,MEF2C,myocyte enhancer factor 2C
228387,NKX3-2,NK3 homeobox 2
228390,ALX4,ALX homeobox 4
228402,MBD5,methyl-CpG binding domain protein 5
228415,NSD1,nuclear receptor binding SET domain protein 1
228423,GATA2,GATA binding protein 2
228426,ITCH,itchy E3 ubiquitin protein ligase
230839,TNXB,tenascin XB
230851,COL1A2,collagen type I alpha 2 chain
230857,COL1A1,collagen type I alpha 1 chain
230857,COL1A2,collagen type I alpha 2 chain
231040,SASH1,SAM and SH3 domain containing 1
231108,SMARCB1,"SWI/SNF related, matrix associated, actin dependent regulator of chromatin, subfamily b, member 1"
231108,SMARCA4,"SWI/SNF related, matrix associated, actin dependent regulator of chromatin, subfamily a, member 4"
231117,KCNQ1OT1,KCNQ1 opposite strand/antisense transcript 1
231117,IGF2,insulin like growth factor 2
231117,H19,H19 imprinted maternally expressed transcript
231120,CDKN1C,cyclin dependent kinase inhibitor 1C
231127,H19,H19 imprinted maternally expressed transcript
231140,H19,H19 imprinted maternally expressed transcript
231140,IGF2,insulin like growth factor 2
231144,IGF2,insulin like growth factor 2
231144,H19,H19 imprinted maternally expressed transcript
231154,RAG1,recombination activating 1
231160,ENG,endoglin
231160,ANGPTL6,angiopoietin like 6
231160,COL3A1,collagen type III alpha 1 chain
231160,TGFBR3,transforming growth factor beta receptor 3
231160,THSD1,thrombospondin type 1 domain containing 1
231169,PCDH15,protocadherin related 15
231169,USH1C,USH1 protein network component harmonin
231169,USH1E,"Usher syndrome 1E (autosomal recessive, severe)"
231169,USH1G,USH1 protein network component sans
231169,MYO7A,myosin VIIA
231169,CIB2,calcium and integrin binding family member 2
231169,CDH23,cadherin related 23
231169,USH1K,Usher syndrome 1K (autosomal recessive)
231169,USH1H,Usher syndrome 1H (autosomal recessive)
231169,ESPN,espin
231178,ADGRV1,adhesion G protein-coupled receptor V1
231178,WHRN,whirlin
231178,PDZD7,PDZ domain containing 7
231178,MYO7A,myosin VIIA
231178,USH2A,usherin
231183,HARS1,histidyl-tRNA synthetase 1
231183,MT-TS2,mitochondrially encoded tRNA-Ser (AGU/C) 2
231183,CLRN1,clarin 1
231183,CEP78,centrosomal protein 78
231183,ARSG,arylsulfatase G
231214,HBB,hemoglobin subunit beta
231222,HBB,hemoglobin subunit beta
231226,HBB,hemoglobin subunit beta
231237,HBB,hemoglobin subunit beta
231237,HBD,hemoglobin subunit delta
231237,HBG1,hemoglobin subunit gamma 1
231242,HBB,hemoglobin subunit beta
231249,HBB,hemoglobin subunit beta
231393,GATA1,GATA binding protein 1
231401,ATRX,ATRX chromatin remodeler
231500,HPS1,HPS1 biogenesis of lysosomal organelles complex 3 subunit 1
231500,HPS4,HPS4 biogenesis of lysosomal organelles complex 3 subunit 2
231512,HPS3,HPS3 biogenesis of lysosomal organelles complex 2 subunit 1
231512,HPS5,HPS5 biogenesis of lysosomal organelles complex 2 subunit 2
231512,HPS6,HPS6 biogenesis of lysosomal organelles complex 2 subunit 3
231531,BLOC1S6,biogenesis of lysosomal organelles complex 1 subunit 6
231531,BLOC1S3,biogenesis of lysosomal organelles complex 1 subunit 3
231531,BLOC1S5,biogenesis of lysosomal organelles complex 1 subunit 5
231531,DTNBP1,dystrobrevin binding protein 1
231568,COL7A1,collagen type VII alpha 1 chain
231662,RNPC3,"RNA binding region (RNP1, RRM) containing 3"
231662,GH1,growth hormone 1
231671,GH1,growth hormone 1
231679,POU1F1,POU class 1 homeobox 1
231679,GH1,growth hormone 1
231720,LHX3,LIM homeobox 3
238269,APOA2,apolipoprotein A2
238329,AIFM1,apoptosis inducing factor mitochondria associated 1
238446,UBE3A,ubiquitin protein ligase E3A
238455,SLC6A3,solute carrier family 6 member 3
238459,SLC35A1,solute carrier family 35 member A1
238475,EPHX1,epoxide hydrolase 1
238475,TJP2,tight junction protein 2
238475,SLC10A1,solute carrier family 10 member 1
238475,BAAT,bile acid-CoA:amino acid N-acyltransferase
238505,CD27,CD27 molecule
238523,CAMKMT,calmodulin-lysine N-methyltransferase
238523,PREPL,prolyl endopeptidase like
238523,SLC3A1,solute carrier family 3 member 1
238557,VHL,von Hippel-Lindau tumor suppressor
238569,IL10RB,interleukin 10 receptor subunit beta
238569,IL10RA,interleukin 10 receptor subunit alpha
238569,IL10,interleukin 10
238578,TBX4,T-box transcription factor 4
238613,NSD1,nuclear receptor binding SET domain protein 1
238670,TRH,thyrotropin releasing hormone
238722,DNAL4,dynein axonemal light chain 4
238722,RAD51,RAD51 recombinase
238722,NTN1,netrin 1
238722,DCC,DCC netrin 1 receptor
238763,LTBP2,latent transforming growth factor beta binding protein 2
238769,HNRNPU,heterogeneous nuclear ribonucleoprotein U
240071,MAPT,microtubule associated protein tau
240085,MAPT,microtubule associated protein tau
240094,MAPT,microtubule associated protein tau
240103,MAPT,microtubule associated protein tau
240112,MAPT,microtubule associated protein tau
240760,RAD50,RAD50 double strand break repair protein
240760,MRE11,"MRE11 homolog, double strand break repair nuclease"
243343,DMGDH,dimethylglycine dehydrogenase
243367,HADHA,hydroxyacyl-CoA dehydrogenase trifunctional multienzyme complex subunit alpha
244242,CFI,complement factor I
244242,CD46,CD46 molecule
244242,HELLPAR,HELLP associated long non-coding RNA
244242,CFH,complement factor H
244275,CFH,complement factor H
244275,CFI,complement factor I
244283,CFC1,"cryptic, EGF-CFC family member 1"
244305,NHERF1,NHERF family PDZ scaffold protein 1
244305,SLC34A1,solute carrier family 34 member 1
244310,RFT1,RFT1 homolog
247198,VPS53,VPS53 subunit of GARP complex
247198,SEPSECS,Sep (O-phosphoserine) tRNA:Sec (selenocysteine) tRNA synthase
247262,PIGW,phosphatidylinositol glycan anchor biosynthesis class W
247262,PIGL,phosphatidylinositol glycan anchor biosynthesis class L
247262,PIGO,phosphatidylinositol glycan anchor biosynthesis class O
247262,PIGY,phosphatidylinositol glycan anchor biosynthesis class Y
247262,PGAP2,post-GPI attachment to proteins 2
247262,PGAP3,post-GPI attachment to proteins phospholipase 3
247262,PIGV,phosphatidylinositol glycan anchor biosynthesis class V
247353,IL36RN,interleukin 36 receptor antagonist
247353,AP1S3,adaptor related protein complex 1 subunit sigma 3
247378,BPGM,bisphosphoglycerate mutase
247511,EPAS1,endothelial PAS domain protein 1
247511,HBB,hemoglobin subunit beta
247511,EPO,erythropoietin
247511,EGLN1,egl-9 family hypoxia inducible factor 1
247511,HBA1,hemoglobin subunit alpha 1
247511,HBA2,hemoglobin subunit alpha 2
247522,RPGR,retinitis pigmentosa GTPase regulator
247546,ASS1,argininosuccinate synthase 1
247573,ASS1,argininosuccinate synthase 1
247585,SLC25A13,solute carrier family 25 member 13
247598,SLC25A13,solute carrier family 25 member 13
247604,ALS2,alsin Rho guanine nucleotide exchange factor ALS2
247604,ERLIN2,ER lipid raft associated 2
247623,ALPL,"alkaline phosphatase, biomineralization associated"
247638,ALPL,"alkaline phosphatase, biomineralization associated"
247651,ALPL,"alkaline phosphatase, biomineralization associated"
247667,ALPL,"alkaline phosphatase, biomineralization associated"
247676,ALPL,"alkaline phosphatase, biomineralization associated"
247685,ALPL,"alkaline phosphatase, biomineralization associated"
247691,TREX1,three prime repair exonuclease 1
247698,RET,ret proto-oncogene
247709,RET,ret proto-oncogene
247768,WNT4,Wnt family member 4
247790,FTH1,ferritin heavy chain 1
247794,SLC16A12,solute carrier family 16 member 12
247798,MUTYH,mutY DNA glycosylase
247806,APC,APC regulator of WNT signaling pathway
247815,PEX10,peroxisomal biogenesis factor 10
247820,NECTIN4,nectin cell adhesion molecule 4
247834,RP1L1,RP1 like 1
247868,NLRP12,NLR family pyrin domain containing 12
248111,HTT,huntingtin
248340,FLI1,"Fli-1 proto-oncogene, ETS transcription factor"
248408,FGA,fibrinogen alpha chain
248408,FGB,fibrinogen beta chain
248408,FGG,fibrinogen gamma chain
250923,TRIM44,tripartite motif containing 44
250923,FOXC1,forkhead box C1
250923,PAX6,paired box 6
250972,TUBA8,tubulin alpha 8
250977,ATIC,5-aminoimidazole-4-carboxamide ribonucleotide formyltransferase/IMP cyclohydrolase
250984,COL9A2,collagen type IX alpha 2 chain
250984,COL9A1,collagen type IX alpha 1 chain
250984,COL9A3,collagen type IX alpha 3 chain
251019,SATB2,SATB homeobox 2
251028,SATB2,SATB homeobox 2
251056,ARID1B,AT-rich interaction domain 1B
251061,FOXP2,forkhead box P2
251066,ANK1,ankyrin 1
251071,GATA4,GATA binding protein 4
251262,ACAN,aggrecan
251274,KCNJ5,potassium inwardly rectifying channel subfamily J member 5
251279,MFRP,membrane frizzled-related protein
251282,VAMP1,vesicle associated membrane protein 1
251287,IMPG1,interphotoreceptor matrix proteoglycan 1
251290,MSX2,msh homeobox 2
251295,CRB1,crumbs cell polarity complex component 1
251347,MRE11,"MRE11 homolog, double strand break repair nuclease"
251359,HBB,hemoglobin subunit beta
251365,HBB,hemoglobin subunit beta
251370,HBB,hemoglobin subunit beta
251375,HBB,hemoglobin subunit beta
251380,HBG2,hemoglobin subunit gamma 2
251380,HBG1,hemoglobin subunit gamma 1
251380,BCL11A,BCL11 transcription factor A
251380,HBB,hemoglobin subunit beta
251380,KLF1,KLF transcription factor 1
251383,NSDHL,NAD(P) dependent steroid dehydrogenase-like
251393,COL17A1,collagen type XVII alpha 1 chain
251393,ITGB4,integrin subunit beta 4
251510,MAP3K1,mitogen-activated protein kinase kinase kinase 1
251510,WWOX,WW domain containing oxidoreductase
251510,NR5A1,nuclear receptor subfamily 5 group A member 1
251510,NR0B1,nuclear receptor subfamily 0 group B member 1
251510,WT1,WT1 transcription factor
251510,SRY,sex determining region Y
251510,GATA4,GATA binding protein 4
251510,VAMP7,vesicle associated membrane protein 7
251510,SOX9,SRY-box transcription factor 9
251510,ZFPM2,"zinc finger protein, FOG family member 2"
251510,DHX37,DEAH-box helicase 37
251523,PSTPIP1,proline-serine-threonine phosphatase interacting protein 1
251576,PPARG,peroxisome proliferator activated receptor gamma
251576,LZTR1,leucine zipper like post translational regulator 1
251576,SEPTIN14,septin 14
251576,TACC1,transforming acidic coiled-coil containing protein 1
251576,TACC3,transforming acidic coiled-coil containing protein 3
251576,MGMT,O-6-methylguanine-DNA methyltransferase
251576,NFKBIA,NFKB inhibitor alpha
251576,IDH1,isocitrate dehydrogenase (NADP(+)) 1
251576,FGFR1,fibroblast growth factor receptor 1
251576,EGFR,epidermal growth factor receptor
251576,TP53,tumor protein p53
251576,FGFR3,fibroblast growth factor receptor 3
251579,TP53,tumor protein p53
251579,TACC1,transforming acidic coiled-coil containing protein 1
251579,TACC3,transforming acidic coiled-coil containing protein 3
251579,SEPTIN14,septin 14
251579,LZTR1,leucine zipper like post translational regulator 1
251579,NFKBIA,NFKB inhibitor alpha
251579,FGFR3,fibroblast growth factor receptor 3
251579,IDH1,isocitrate dehydrogenase (NADP(+)) 1
251579,EGFR,epidermal growth factor receptor
251579,FGFR1,fibroblast growth factor receptor 1
251579,MGMT,O-6-methylguanine-DNA methyltransferase
251579,ROS1,"ROS proto-oncogene 1, receptor tyrosine kinase"
251579,PPARG,peroxisome proliferator activated receptor gamma
251589,IDH2,isocitrate dehydrogenase (NADP(+)) 2
251598,IDH2,isocitrate dehydrogenase (NADP(+)) 2
251601,IDH2,isocitrate dehydrogenase (NADP(+)) 2
251604,IDH2,isocitrate dehydrogenase (NADP(+)) 2
251615,BRAF,"B-Raf proto-oncogene, serine/threonine kinase"
251615,NTRK2,neurotrophic receptor tyrosine kinase 2
251615,KIAA1549,KIAA1549
251615,FGFR1,fibroblast growth factor receptor 1
251615,KRAS,"KRAS proto-oncogene, GTPase"
251615,BRAF,"B-Raf proto-oncogene, serine/threonine kinase"
251615,RAF1,"Raf-1 proto-oncogene, serine/threonine kinase"
251615,SRGAP3,SLIT-ROBO Rho GTPase activating protein 3
251627,POT1,protection of telomeres 1
251627,IDH2,isocitrate dehydrogenase (NADP(+)) 2
251630,POT1,protection of telomeres 1
251630,IDH2,isocitrate dehydrogenase (NADP(+)) 2
251636,ZFTA,zinc finger translocation associated
251656,IDH2,isocitrate dehydrogenase (NADP(+)) 2
251663,IDH2,isocitrate dehydrogenase (NADP(+)) 2
251671,MYB,"MYB proto-oncogene, transcription factor"
251671,QKI,"QKI, KH domain containing RNA binding"
251858,SUFU,SUFU negative regulator of hedgehog signaling
251863,SUFU,SUFU negative regulator of hedgehog signaling
251899,TP53,tumor protein p53
252128,SH3PXD2A,SH3 and PX domains 2A
252128,HTRA1,HtrA serine peptidase 1
252202,MLH1,mutL homolog 1
252202,MSH2,mutS homolog 2
252202,PMS2,"PMS1 homolog 2, mismatch repair system component"
252202,MSH6,mutS homolog 6
252206,CDKN2A,cyclin dependent kinase inhibitor 2A
252212,SH3PXD2A,SH3 and PX domains 2A
252212,HTRA1,HtrA serine peptidase 1
254334,KARS1,lysyl-tRNA synthetase 1
254343,MTPAP,mitochondrial poly(A) polymerase
254361,PLEC,plectin
254525,MEG3,maternally expressed 3
254525,RTL1,retrotransposon Gag like 1
254525,DLK1,delta like non-canonical Notch ligand 1
254528,DLK1,delta like non-canonical Notch ligand 1
254528,MEG3,maternally expressed 3
254528,RTL1,retrotransposon Gag like 1
254531,DLK1,delta like non-canonical Notch ligand 1
254531,RTL1,retrotransposon Gag like 1
254531,MEG3,maternally expressed 3
254534,MEG3,maternally expressed 3
254534,DLK1,delta like non-canonical Notch ligand 1
254534,RTL1,retrotransposon Gag like 1
254688,NLRP7,NLR family pyrin domain containing 7
254688,TOP6BL,TOP6B like initiator of meiotic double strand breaks
254688,MEI1,meiotic double-stranded break formation protein 1
254688,KHDC3L,"KH domain containing 3 like, subcortical maternal complex member"
254693,NLRP7,NLR family pyrin domain containing 7
254693,KHDC3L,"KH domain containing 3 like, subcortical maternal complex member"
254704,FTL,ferritin light chain
254857,MT-TT,mitochondrially encoded tRNA-Thr (ACN)
254864,TRMU,tRNA mitochondrial 2-thiouridylase
254864,MT-TE,mitochondrially encoded tRNA-Glu (GAA/G)
254875,TK2,thymidine kinase 2
254881,POLG,"DNA polymerase gamma, catalytic subunit"
254886,POLG,"DNA polymerase gamma, catalytic subunit"
254886,TK2,thymidine kinase 2
254892,SLC25A4,solute carrier family 25 member 4
254892,TWNK,twinkle mtDNA helicase
254892,POLG,"DNA polymerase gamma, catalytic subunit"
254892,POLG2,"DNA polymerase gamma 2, accessory subunit"
254892,RRM2B,ribonucleotide reductase regulatory TP53 inducible subunit M2B
254898,PDSS1,decaprenyl diphosphate synthase subunit 1
254902,BCS1L,"BCS1 homolog, ubiquinol-cytochrome c reductase complex chaperone"
254905,COA3,cytochrome c oxidase assembly factor 3
254905,MT-CO3,mitochondrially encoded cytochrome c oxidase III
254905,COX8A,cytochrome c oxidase subunit 8A
254905,COX6B1,cytochrome c oxidase subunit 6B1
254905,COX6A2,cytochrome c oxidase subunit 6A2
254905,COX5A,cytochrome c oxidase subunit 5A
254905,PET117,PET117 cytochrome c oxidase chaperone
254905,COX4I1,cytochrome c oxidase subunit 4I1
254905,COX20,cytochrome c oxidase assembly factor COX20
254905,COX16,cytochrome c oxidase assembly factor COX16
254905,COX14,cytochrome c oxidase assembly factor COX14
254905,MT-CO1,mitochondrially encoded cytochrome c oxidase I
254905,COX10,cytochrome c oxidase assembly factor heme A:farnesyltransferase COX10
254905,MT-CO2,mitochondrially encoded cytochrome c oxidase II
254913,ATP5F1E,ATP synthase F1 subunit epsilon
254913,MT-ATP6,mitochondrially encoded ATP synthase membrane subunit 6
254913,ATP5F1A,ATP synthase F1 subunit alpha
254913,ATP5F1D,ATP synthase F1 subunit delta
254913,ATPAF2,ATP synthase mitochondrial F1 complex assembly factor 2
254913,ATP5MK,ATP synthase membrane subunit k
254913,MT-ATP8,mitochondrially encoded ATP synthase membrane subunit 8
254920,MRPS16,mitochondrial ribosomal protein S16
254925,TUFM,"Tu translation elongation factor, mitochondrial"
254930,MTRFR,mitochondrial translation release factor in rescue
255132,GLRX5,glutaredoxin 5
255138,PDHB,pyruvate dehydrogenase E1 subunit beta
255182,PDHX,pyruvate dehydrogenase complex component X
255210,MT-TL1,mitochondrially encoded tRNA-Leu (UUA/G) 1
255210,MT-ND3,mitochondrially encoded NADH:ubiquinone oxidoreductase core subunit 3
255210,MT-ND4,mitochondrially encoded NADH:ubiquinone oxidoreductase core subunit 4
255210,MT-ATP6,mitochondrially encoded ATP synthase membrane subunit 6
255210,MT-ND6,mitochondrially encoded NADH:ubiquinone oxidoreductase core subunit 6
255210,MT-TV,mitochondrially encoded tRNA-Val (GUN)
255210,MT-TK,mitochondrially encoded tRNA-Lys (AAA/G)
255210,MT-ND1,mitochondrially encoded NADH:ubiquinone oxidoreductase core subunit 1
255210,MT-TW,mitochondrially encoded tRNA-Trp (UGA/G)
255210,MT-ND2,mitochondrially encoded NADH:ubiquinone oxidoreductase core subunit 2
255210,MT-ND5,mitochondrially encoded NADH:ubiquinone oxidoreductase core subunit 5
255229,MPV17,mitochondrial inner membrane protein MPV17
255235,RRM2B,ribonucleotide reductase regulatory TP53 inducible subunit M2B
260305,SLC25A38,solute carrier family 25 member 38
260305,HSPA9,heat shock protein family A (Hsp70) member 9
261144,FOXG1,forkhead box G1
261183,NIPA1,NIPA magnesium transporter 1
261183,NIPA2,NIPA magnesium transporter 2
261183,TUBG1,tubulin gamma 1
261190,MEIS2,Meis homeobox 2
261197,SH2B1,SH2B adaptor protein 1
261222,SH2B1,SH2B adaptor protein 1
261229,SUPT16H,"SPT16 homolog, facilitates chromatin remodeling subunit"
261229,CHD8,chromodomain helicase DNA binding protein 8
261250,ANKRD11,ankyrin repeat domain containing 11
261257,YWHAE,tyrosine 3-monooxygenase/tryptophan 5-monooxygenase activation protein epsilon
261265,HNF1B,HNF1 homeobox B
261265,LHX1,LIM homeobox 1
261279,TBX4,T-box transcription factor 4
261295,BMP2,bone morphogenetic protein 2
261323,KIF15,kinesin family member 15
261330,CRKL,"CRK like proto-oncogene, adaptor protein"
261330,MAPK1,mitogen-activated protein kinase 1
261330,BCR,BCR activator of RhoGEF and GTPase
261483,FMR1,fragile X messenger ribonucleoprotein 1
261537,ZEB2,zinc finger E-box binding homeobox 2
261552,ZEB2,zinc finger E-box binding homeobox 2
261584,APC,APC regulator of WNT signaling pathway
261600,JAG1,jagged canonical Notch ligand 1
261619,JAG1,jagged canonical Notch ligand 1
261629,NOTCH2,notch receptor 2
261638,SALL4,spalt like transcription factor 4
261647,SALL4,spalt like transcription factor 4
261652,KMT2C,lysine methyltransferase 2C
261652,EHMT1,euchromatic histone lysine methyltransferase 1
263297,GYG1,glycogenin 1
263347,BEST1,bestrophin 1
263410,SLC19A3,solute carrier family 19 member 3
263455,HNF4A,hepatocyte nuclear factor 4 alpha
263458,INSR,insulin receptor
263463,CHST3,carbohydrate sulfotransferase 3
263482,TRPV4,transient receptor potential cation channel subfamily V member 4
263487,COG5,component of oligomeric golgi complex 5
263494,DPM3,"dolichyl-phosphate mannosyltransferase subunit 3, regulatory"
263501,COG4,component of oligomeric golgi complex 4
263508,COG1,component of oligomeric golgi complex 1
263516,KCTD7,potassium channel tetramerization domain containing 7
263524,CPT2,carnitine palmitoyltransferase 2
263524,RANBP2,RAN binding protein 2
263534,CSTA,cystatin A
263534,TGM5,transglutaminase 5
263548,CHST8,carbohydrate sulfotransferase 8
263548,SERPINB8,serpin family B member 8
263548,FLG2,filaggrin 2
263553,CDSN,corneodesmosin
263662,SMARCB1,"SWI/SNF related, matrix associated, actin dependent regulator of chromatin, subfamily b, member 1"
263662,PDGFB,platelet derived growth factor subunit B
263662,SUFU,SUFU negative regulator of hedgehog signaling
263662,SMARCE1,"SWI/SNF related, matrix associated, actin dependent regulator of chromatin, subfamily e, member 1"
263662,MN1,"MN1 proto-oncogene, transcriptional regulator"
264580,PHKG2,phosphorylase kinase catalytic subunit gamma 2
264580,PHKA2,phosphorylase kinase regulatory subunit alpha 2
264675,CSF2RA,colony stimulating factor 2 receptor subunit alpha
264675,CSF2RB,colony stimulating factor 2 receptor subunit beta
268114,KRAS,"KRAS proto-oncogene, GTPase"
268114,NRAS,"NRAS proto-oncogene, GTPase"
268129,MYOT,myotilin
268145,BCKDHB,branched chain keto acid dehydrogenase E1 subunit beta
268145,DBT,dihydrolipoamide branched chain transacylase E2
268145,BCKDHA,branched chain keto acid dehydrogenase E1 subunit alpha
268162,DBT,dihydrolipoamide branched chain transacylase E2
268162,BCKDHA,branched chain keto acid dehydrogenase E1 subunit alpha
268162,BCKDHB,branched chain keto acid dehydrogenase E1 subunit beta
268162,PPM1K,"protein phosphatase, Mg2+/Mn2+ dependent 1K"
268173,BCKDHB,branched chain keto acid dehydrogenase E1 subunit beta
268173,BCKDHA,branched chain keto acid dehydrogenase E1 subunit alpha
268173,DBT,dihydrolipoamide branched chain transacylase E2
268184,DBT,dihydrolipoamide branched chain transacylase E2
268261,DYRK1A,dual specificity tyrosine phosphorylation regulated kinase 1A
268823,DACT1,dishevelled binding antagonist of beta catenin 1
268882,DKK1,dickkopf WNT signaling pathway inhibitor 1
268920,TBC1D7,TBC1 domain family member 7
268973,SLC35A2,solute carrier family 35 member A2
269001,MTOR,mechanistic target of rapamycin kinase
269001,TSC2,TSC complex subunit 2
269008,MTOR,mechanistic target of rapamycin kinase
269008,TSC2,TSC complex subunit 2
269008,TSC1,TSC complex subunit 1
269212,ZIC1,Zic family member 1
269212,ZIC4,Zic family member 4
269215,ZIC1,Zic family member 1
269215,NID1,nidogen 1
269215,ZIC4,Zic family member 4
269505,TRIM71,tripartite motif containing 71
269505,MPDZ,multiple PDZ domain crumbs cell polarity complex component
269510,CCDC88C,coiled-coil domain containing 88C
275517,CASP8,caspase 8
275555,STOX1,storkhead box 1
275555,FLT1,fms related receptor tyrosine kinase 1
275555,CORIN,"corin, serine peptidase"
275777,ACVRL1,activin A receptor like type 1
275777,ATP13A3,ATPase 13A3
275777,BMPR2,bone morphogenetic protein receptor type 2
275777,KCNK3,potassium two pore domain channel subfamily K member 3
275777,SMAD9,SMAD family member 9
275777,SOX17,SRY-box transcription factor 17
275777,ENG,endoglin
275777,TBX4,T-box transcription factor 4
275777,CAV1,caveolin 1
275777,GDF2,growth differentiation factor 2
275777,EIF2AK4,eukaryotic translation initiation factor 2 alpha kinase 4
275786,BMPR2,bone morphogenetic protein receptor type 2
275798,HLA-B,"major histocompatibility complex, class I, B"
275864,PSEN1,presenilin 1
275864,SQSTM1,sequestosome 1
275864,C9ORF72,C9orf72-SMCR8 complex subunit
275864,CHMP2B,charged multivesicular body protein 2B
275864,VCP,valosin containing protein
275864,TMEM106B,transmembrane protein 106B
275864,MAPT,microtubule associated protein tau
275864,TREM2,triggering receptor expressed on myeloid cells 2
275864,GRN,granulin precursor
275872,C9ORF72,C9orf72-SMCR8 complex subunit
275872,TBK1,TANK binding kinase 1
275872,VCP,valosin containing protein
275872,SQSTM1,sequestosome 1
275872,TARDBP,TAR DNA binding protein
275872,FUS,FUS RNA binding protein
275872,CHCHD10,coiled-coil-helix-coiled-coil-helix domain containing 10
276152,CDKN1B,cyclin dependent kinase inhibitor 1B
276183,SCA32,spinocerebellar ataxia 32
276193,TGM6,transglutaminase 6
276198,NOP56,NOP56 ribonucleoprotein
276212,ARSB,arylsulfatase B
276223,ARSB,arylsulfatase B
276234,SPAG17,sperm associated antigen 17
276234,CFAP44,cilia and flagella associated protein 44
276234,TTC29,tetratricopeptide repeat domain 29
276234,SPEF2,sperm flagellar 2
276234,ACTL9,actin like 9
276234,CATSPER1,cation channel sperm associated 1
276234,SLC26A8,solute carrier family 26 member 8
276234,AK7,adenylate kinase 7
276234,ARMC2,armadillo repeat containing 2
276234,CFAP70,cilia and flagella associated protein 70
276234,CFAP43,cilia and flagella associated protein 43
276234,CFAP69,cilia and flagella associated protein 69
276234,AKAP4,A-kinase anchoring protein 4
276234,FSIP2,fibrous sheath interacting protein 2
276234,TTC21A,tetratricopeptide repeat domain 21A
276234,DNAH17,dynein axonemal heavy chain 17
276234,CFAP251,cilia and flagella associated protein 251
276234,DRC1,dynein regulatory complex subunit 1
276234,SEPTIN12,septin 12
276234,DNAH1,dynein axonemal heavy chain 1
276234,CFAP65,cilia and flagella associated protein 65
276238,ATXN3,ataxin 3
276241,ATXN3,ataxin 3
276244,ATXN3,ataxin 3
276280,PIK3CA,"phosphatidylinositol-4,5-bisphosphate 3-kinase catalytic subunit alpha"
276399,KEAP1,kelch like ECH associated protein 1
276399,DICER1,"dicer 1, ribonuclease III"
276405,BLVRA,biliverdin reductase A
276432,NAA10,"N-alpha-acetyltransferase 10, NatA catalytic subunit"
276435,CHCHD10,coiled-coil-helix-coiled-coil-helix domain containing 10
276556,UCP2,uncoupling protein 2
276575,ABCC8,ATP binding cassette subfamily C member 8
276580,KCNJ11,potassium inwardly rectifying channel subfamily J member 11
276598,ABCC8,ATP binding cassette subfamily C member 8
276603,KCNJ11,potassium inwardly rectifying channel subfamily J member 11
276621,DNMT3A,DNA methyltransferase 3 alpha
276621,EPAS1,endothelial PAS domain protein 1
276621,SDHD,succinate dehydrogenase complex subunit D
276621,SDHB,succinate dehydrogenase complex iron sulfur subunit B
276621,VHL,von Hippel-Lindau tumor suppressor
276621,RET,ret proto-oncogene
276630,RPS6KA3,ribosomal protein S6 kinase A3
279934,DGUOK,deoxyguanosine kinase
279943,CSF3R,colony stimulating factor 3 receptor
280071,ALG11,"ALG11 alpha-1,2-mannosyltransferase"
280133,C3,complement C3
280142,LCK,"LCK proto-oncogene, Src family tyrosine kinase"
280183,CD320,CD320 molecule
280195,DLL1,delta like canonical Notch ligand 1
280195,SIX3,SIX homeobox 3
280195,SHH,sonic hedgehog signaling molecule
280195,NODAL,nodal growth differentiation factor
280195,GLI2,GLI family zinc finger 2
280195,FGF8,fibroblast growth factor 8
280195,CRIPTO,"cripto, EGF-CFC family member"
280195,FOXH1,forkhead box H1
280195,CDON,"cell adhesion associated, oncogene regulated"
280195,DISP1,dispatched RND transporter family member 1
280195,TGIF1,TGFB induced factor homeobox 1
280195,ZIC2,Zic family member 2
280195,PTCH1,patched 1
280195,STIL,STIL centriolar assembly protein
280195,GAS1,growth arrest specific 1
280200,FGF8,fibroblast growth factor 8
280200,PTCH1,patched 1
280200,GAS1,growth arrest specific 1
280200,SUFU,SUFU negative regulator of hedgehog signaling
280200,GLI2,GLI family zinc finger 2
280200,TGIF1,TGFB induced factor homeobox 1
280200,DLL1,delta like canonical Notch ligand 1
280200,CRIPTO,"cripto, EGF-CFC family member"
280200,ZIC2,Zic family member 2
280200,FOXH1,forkhead box H1
280200,NODAL,nodal growth differentiation factor
280200,DISP1,dispatched RND transporter family member 1
280200,CDON,"cell adhesion associated, oncogene regulated"
280200,FGFR1,fibroblast growth factor receptor 1
280200,SHH,sonic hedgehog signaling molecule
280200,SIX3,SIX homeobox 3
280210,PLP1,proteolipid protein 1
280219,PLP1,proteolipid protein 1
280224,PLP1,proteolipid protein 1
280229,PLP1,proteolipid protein 1
280234,PLP1,proteolipid protein 1
280270,MAL,"mal, T cell differentiation protein"
280282,GJC2,gap junction protein gamma 2
280288,HSPD1,heat shock protein family D (Hsp60) member 1
280293,AIMP1,aminoacyl tRNA synthetase complex interacting multifunctional protein 1
280325,ERC1,ELKS/RAB6-interacting/CAST family member 1
280333,DAG1,dystroglycan 1
280356,PLIN1,perilipin 1
280365,LMNA,lamin A/C
280384,ERLIN2,ER lipid raft associated 2
280397,PRNP,prion protein (Kanno blood group)
280406,COQ6,"coenzyme Q6, monooxygenase"
280553,CRYAB,crystallin alpha B
280558,DDX11,DEAD/H-box helicase 11
280576,BANF1,BAF nuclear assembly factor 1
280586,BPNT2,"3'(2'), 5'-bisphosphate nucleotidase 2"
280598,FBLN5,fibulin 5
280615,HBG2,hemoglobin subunit gamma 2
280620,GOSR2,golgi SNAP receptor complex member 2
280628,KITLG,KIT ligand
280633,PIGN,phosphatidylinositol glycan anchor biosynthesis class N
280640,LAMC3,laminin subunit gamma 3
280654,FZD6,frizzled class receptor 6
280671,CHKB,choline kinase beta
280679,BRCC3,BRCA1/BRCA2-containing complex subunit 3
280763,AP4M1,adaptor related protein complex 4 subunit mu 1
280763,AP4B1,adaptor related protein complex 4 subunit beta 1
280763,AP4E1,adaptor related protein complex 4 subunit epsilon 1
280763,AP4S1,adaptor related protein complex 4 subunit sigma 1
280785,KIT,"KIT proto-oncogene, receptor tyrosine kinase"
280794,KIT,"KIT proto-oncogene, receptor tyrosine kinase"
281090,STS,steroid sulfatase
281122,ALOX12B,"arachidonate 12-lipoxygenase, 12R type"
281122,ALOXE3,arachidonate lipoxygenase 3
281122,TGM1,transglutaminase 1
281127,TGM1,transglutaminase 1
281139,KRT1,keratin 1
281139,KRT10,keratin 10
281190,KRT10,keratin 10
281190,KRT1,keratin 1
281201,POMP,proteasome maturation protein
282166,PRNP,prion protein (Kanno blood group)
284139,B3GAT3,"beta-1,3-glucuronyltransferase 3"
284149,IL11RA,interleukin 11 receptor subunit alpha
284169,WAC,WW domain containing adaptor with coiled-coil
284232,DYNC1H1,dynein cytoplasmic 1 heavy chain 1
284247,IGFBP7,insulin like growth factor binding protein 7
284271,SYT14,synaptotagmin 14
284282,WWOX,WW domain containing oxidoreductase
284289,ANO10,anoctamin 10
284324,TPP1,tripeptidyl peptidase 1
284339,MINPP1,multiple inositol-polyphosphate phosphatase 1
284339,TOE1,"target of EGR1, exonuclease"
284343,DICER1,"dicer 1, ribonuclease III"
284411,GK,glycerol kinase
284414,GK,glycerol kinase
284417,PSAT1,phosphoserine aminotransferase 1
284426,LDHA,lactate dehydrogenase A
284435,LDHB,lactate dehydrogenase B
284963,FBN1,fibrillin 1
284973,TGFBR2,transforming growth factor beta receptor 2
284973,TGFBR1,transforming growth factor beta receptor 1
284979,FBN1,fibrillin 1
284984,SMAD3,SMAD family member 3
289157,CYP27B1,cytochrome P450 family 27 subfamily B member 1
289157,CYP2R1,cytochrome P450 family 2 subfamily R member 1
289176,ENPP1,ectonucleotide pyrophosphatase/phosphodiesterase 1
289176,DMP1,dentin matrix acidic phosphoprotein 1
289266,GRIN2A,glutamate ionotropic receptor NMDA type subunit 2A
289290,ADK,adenosine kinase
289307,ALDH6A1,aldehyde dehydrogenase 6 family member A1
289365,TNXB,tenascin XB
289365,SOX17,SRY-box transcription factor 17
289365,ROBO2,roundabout guidance receptor 2
289377,TTN,titin
289380,COL6A2,collagen type VI alpha 2 chain
289465,SMARCAD1,"SWI/SNF-related, matrix-associated actin-dependent regulator of chromatin, subfamily a, containing DEAD/H box 1"
289478,NCSTN,nicastrin
289499,PXDN,peroxidasin
289499,ATOH7,atonal bHLH transcription factor 7
289504,ACSF3,acyl-CoA synthetase family member 3
289513,CNOT2,CCR4-NOT transcription complex subunit 2
289539,BAP1,BRCA1 associated deubiquitinase 1
289548,CYP11A1,cytochrome P450 family 11 subfamily A member 1
289560,C19ORF12,chromosome 19 open reading frame 12
289586,CSTA,cystatin A
289586,SERPINB8,serpin family B member 8
289601,NT5E,5'-nucleotidase ecto
289846,GSS,glutathione synthetase
289849,GSS,glutathione synthetase
289857,GCSH,glycine cleavage system protein H
289857,AMT,aminomethyltransferase
289857,GLDC,glycine decarboxylase
289860,SLC6A9,solute carrier family 6 member 9
289860,GCSH,glycine cleavage system protein H
289860,AMT,aminomethyltransferase
289860,GLDC,glycine decarboxylase
289863,GCSH,glycine cleavage system protein H
289863,GLDC,glycine decarboxylase
289863,AMT,aminomethyltransferase
289863,SLC6A9,solute carrier family 6 member 9
289891,GNMT,glycine N-methyltransferase
289916,MMUT,methylmalonyl-CoA mutase
293144,PITX1,paired like homeodomain 1
293150,PITX1,paired like homeodomain 1
293165,DSP,desmoplakin
293168,ALS2,alsin Rho guanine nucleotide exchange factor ALS2
293181,TBC1D24,TBC1 domain family member 24
293181,KCNT1,potassium sodium-activated channel subfamily T member 1
293181,SLC25A22,solute carrier family 25 member 22
293181,PIGA,phosphatidylinositol glycan anchor biosynthesis class A
293181,SLC12A5,solute carrier family 12 member 5
293181,KCNQ2,potassium voltage-gated channel subfamily Q member 2
293181,PLCB1,phospholipase C beta 1
293181,SCN1A,sodium voltage-gated channel alpha subunit 1
293181,SCN2A,sodium voltage-gated channel alpha subunit 2
293199,TP53,tumor protein p53
293199,NF1,neurofibromin 1
293284,PAH,phenylalanine hydroxylase
293381,COL17A1,collagen type XVII alpha 1 chain
293603,SLC4A11,solute carrier family 4 member 11
293633,PYCR1,pyrroline-5-carboxylate reductase 1
293707,MED12,mediator complex subunit 12
293822,MITF,melanocyte inducing transcription factor
293825,KLF1,KLF transcription factor 1
293843,COLEC11,collectin subfamily member 11
293843,MASP1,MBL associated serine protease 1
293843,COLEC10,collectin subfamily member 10
293864,RFX6,regulatory factor X6
293888,RYR2,ryanodine receptor 2
293888,DSG2,desmoglein 2
293888,DSC2,desmocollin 2
293888,TMEM43,transmembrane protein 43
293888,JUP,junction plakoglobin
293888,LMNA,lamin A/C
293888,PKP2,plakophilin 2
293888,TTN,titin
293888,CTNNA3,catenin alpha 3
293888,LDB3,LIM domain binding 3
293888,TGFB3,transforming growth factor beta 3
293888,DSP,desmoplakin
293899,CTNNA3,catenin alpha 3
293899,RYR2,ryanodine receptor 2
293899,TGFB3,transforming growth factor beta 3
293899,DSP,desmoplakin
293899,DSG2,desmoglein 2
293899,TMEM43,transmembrane protein 43
293899,LDB3,LIM domain binding 3
293899,TTN,titin
293899,DSC2,desmocollin 2
293899,LMNA,lamin A/C
293899,PKP2,plakophilin 2
293899,JUP,junction plakoglobin
293910,DSP,desmoplakin
293910,DSG2,desmoglein 2
293910,PKP2,plakophilin 2
293910,DSC2,desmocollin 2
293910,CTNNA3,catenin alpha 3
293910,CDH2,cadherin 2
293910,JUP,junction plakoglobin
293910,LMNA,lamin A/C
293910,TTN,titin
293910,RYR2,ryanodine receptor 2
293910,TMEM43,transmembrane protein 43
293910,LDB3,LIM domain binding 3
293910,PLN,phospholamban
293910,TGFB3,transforming growth factor beta 3
293925,CYP26B1,cytochrome P450 family 26 subfamily B member 1
293936,MIR184,microRNA 184
293948,DPYD,dihydropyrimidine dehydrogenase
293955,TPK1,thiamin pyrophosphokinase 1
293964,AKT2,AKT serine/threonine kinase 2
293978,NFKB2,nuclear factor kappa B subunit 2
294016,STAMBP,STAM binding protein
294023,ADAM17,ADAM metallopeptidase domain 17
294023,EGFR,epidermal growth factor receptor
294415,NPHP3,nephrocystin 3
294415,NEK8,NIMA related kinase 8
295191,HOXD13,homeobox D13
295195,HOXD13,homeobox D13
295197,FBLN1,fibulin 1
295201,HOXD10,homeobox D10
295203,HOXD10,homeobox D10
295239,PIK3CA,"phosphatidylinositol-4,5-bisphosphate 3-kinase catalytic subunit alpha"
295243,PIK3CA,"phosphatidylinositol-4,5-bisphosphate 3-kinase catalytic subunit alpha"
300179,FKBP14,FKBP prolyl isomerase 14
300284,PLOD3,"procollagen-lysine,2-oxoglutarate 5-dioxygenase 3"
300293,GPD1,glycerol-3-phosphate dehydrogenase 1
300293,CREB3L3,cAMP responsive element binding protein 3 like 3
300298,STEAP3,STEAP3 metalloreductase
300313,SLC33A1,solute carrier family 33 member 1
300319,LRSAM1,leucine rich repeat and sterile alpha motif containing 1
300324,CARD11,caspase recruitment domain family member 11
300333,CD151,CD151 molecule (Raph blood group)
300345,C1QA,complement C1q A chain
300345,C4A,complement C4A (Chido/Rodgers blood group)
300345,DNASE1,deoxyribonuclease 1
300345,DNASE1L3,deoxyribonuclease 1L3
300345,C1R,complement C1r
300359,PLCG2,phospholipase C gamma 2
300382,FBN1,fibrillin 1
300496,PIGA,phosphatidylinositol glycan anchor biosynthesis class A
300525,KLHL3,kelch like family member 3
300530,CUL3,cullin 3
300536,DDOST,dolichyl-diphosphooligosaccharide--protein glycosyltransferase non-catalytic subunit
300547,SLC34A1,solute carrier family 34 member 1
300547,CYP24A1,cytochrome P450 family 24 subfamily A member 1
300570,TUBB3,tubulin beta 3 class III
300573,TUBB2B,tubulin beta 2B class IIb
300576,AXIN2,axin 2
300605,SPTLC1,serine palmitoyltransferase long chain base subunit 1
300605,SPG11,"SPG11 vesicle trafficking associated, spatacsin"
300605,FUS,FUS RNA binding protein
300605,SIGMAR1,sigma non-opioid intracellular receptor 1
300605,ALS2,alsin Rho guanine nucleotide exchange factor ALS2
300751,LMNA,lamin A/C
300865,NPM1,nucleophosmin 1
300865,TYK2,tyrosine kinase 2
300878,IGHV4-34,immunoglobulin heavy variable 4-34
300895,ALK,ALK receptor tyrosine kinase
306504,ITGA3,integrin subunit alpha 3
306511,AP5Z1,adaptor related protein complex 5 subunit zeta 1
306530,HOXB1,homeobox B1
306542,ALX1,ALX homeobox 1
306547,JAM3,junctional adhesion molecule 3
306550,FADD,Fas associated via death domain
306558,IER3IP1,immediate early response 3 interacting protein 1
306558,YIPF5,Yip1 domain family member 5
306577,SCN11A,sodium voltage-gated channel alpha subunit 11
306577,SCN10A,sodium voltage-gated channel alpha subunit 10
306577,SCN9A,sodium voltage-gated channel alpha subunit 9
306617,L1CAM,L1 cell adhesion molecule
306658,SAMD9,sterile alpha motif domain containing 9
306661,FGF23,fibroblast growth factor 23
306661,GALNT3,polypeptide N-acetylgalactosaminyltransferase 3
306661,KL,klotho
306674,ATP13A2,ATPase cation transporting 13A2
306734,DYT21,"dystonia 21, torsion (autosomal dominant)"
308380,MMADHC,metabolism of cobalamin associated D
308386,MOCS1,molybdenum cofactor synthesis 1
308393,MOCS2,molybdenum cofactor synthesis 2
308400,GPHN,gephyrin
308410,BCKDK,branched chain keto acid dehydrogenase kinase
308425,MCEE,methylmalonyl-CoA epimerase
308442,MMADHC,metabolism of cobalamin associated D
308473,GALE,UDP-galactose-4-epimerase
308487,GALE,UDP-galactose-4-epimerase
308552,GAA,alpha glucosidase
308621,GBE1,"1,4-alpha-glucan branching enzyme 1"
308638,GBE1,"1,4-alpha-glucan branching enzyme 1"
308655,GBE1,"1,4-alpha-glucan branching enzyme 1"
308670,GBE1,"1,4-alpha-glucan branching enzyme 1"
308684,GBE1,"1,4-alpha-glucan branching enzyme 1"
308698,GBE1,"1,4-alpha-glucan branching enzyme 1"
308712,GBE1,"1,4-alpha-glucan branching enzyme 1"
309015,LPL,lipoprotein lipase
309020,APOC2,apolipoprotein C2
309155,HEXB,hexosaminidase subunit beta
309162,HEXB,hexosaminidase subunit beta
309169,HEXB,hexosaminidase subunit beta
309178,HEXA,hexosaminidase subunit alpha
309185,HEXA,hexosaminidase subunit alpha
309192,HEXA,hexosaminidase subunit alpha
309246,GM2A,ganglioside GM2 activator
309252,PSAP,prosaposin
309256,PSAP,prosaposin
309256,ARSA,arylsulfatase A
309263,PSAP,prosaposin
309263,ARSA,arylsulfatase A
309271,PSAP,prosaposin
309271,ARSA,arylsulfatase A
309282,MAN2B1,mannosidase alpha class 2B member 1
309288,MAN2B1,mannosidase alpha class 2B member 1
309297,GALNS,galactosamine (N-acetyl)-6-sulfatase
309310,GLB1,galactosidase beta 1
309324,SLC17A5,solute carrier family 17 member 5
309331,SLC17A5,solute carrier family 17 member 5
309334,SLC17A5,solute carrier family 17 member 5
309789,PEX7,peroxisomal biogenesis factor 7
309796,GNPAT,glyceronephosphate O-acyltransferase
309803,AGPS,alkylglycerone phosphate synthase
309854,SLC30A10,solute carrier family 30 member 10
313772,AFG3L2,AFG3 like matrix AAA peptidase subunit 2
313795,RBBP8,"RB binding protein 8, endonuclease"
313800,ALPK1,alpha kinase 1
313808,AARS2,"alanyl-tRNA synthetase 2, mitochondrial"
313808,CSF1R,colony stimulating factor 1 receptor
313838,STN1,STN1 subunit of CST complex
313838,CTC1,CST telomere replication complex component 1
313846,ATR,ATR serine/threonine kinase
313850,ACO2,aconitase 2
313855,FGFR2,fibroblast growth factor receptor 2
313884,SOX5,SRY-box transcription factor 5
313892,SOX5,SRY-box transcription factor 5
314022,APC,APC regulator of WNT signaling pathway
314029,COL1A1,collagen type I alpha 1 chain
314029,COL1A2,collagen type I alpha 2 chain
314029,BMP1,bone morphogenetic protein 1
314051,EARS2,"glutamyl-tRNA synthetase 2, mitochondrial"
314373,GUCY2C,guanylate cyclase 2C
314376,GUCY2C,guanylate cyclase 2C
314381,DST,dystonin
314394,POC1A,POC1 centriolar protein A
314399,SRP72,signal recognition particle 72
314404,DNMT1,DNA methyltransferase 1
314485,DNAJB2,DnaJ heat shock protein family (Hsp40) member B2
314485,VWA1,von Willebrand factor A domain containing 1
314555,IRX5,iroquois homeobox 5
314597,GPSM2,G protein signaling modulator 2
314603,MARS2,"methionyl-tRNA synthetase 2, mitochondrial"
314629,GRN,granulin precursor
314632,ATP13A2,ATPase cation transporting 13A2
314637,MTO1,mitochondrial tRNA translation optimization 1
314647,CAMTA1,calmodulin binding transcription activator 1
314647,POU4F1,POU class 4 homeobox 1
314652,B2M,beta-2-microglobulin
314655,PURA,purine rich element binding protein A
314662,PIK3CA,"phosphatidylinositol-4,5-bisphosphate 3-kinase catalytic subunit alpha"
314667,TMEM165,transmembrane protein 165
314679,FAT4,FAT atypical cadherin 4
314679,DCHS1,dachsous cadherin-related 1
314689,STK4,serine/threonine kinase 4
314718,EFEMP2,EGF containing fibulin extracellular matrix protein 2
314721,SMOC2,SPARC related modular calcium binding 2
314777,AIP,aryl hydrocarbon receptor interacting protein
314777,CDH23,cadherin related 23
314786,MEN1,menin 1
314786,AIP,aryl hydrocarbon receptor interacting protein
314790,AIP,aryl hydrocarbon receptor interacting protein
314790,MEN1,menin 1
314795,SHOX,SHOX homeobox
314802,GHR,growth hormone receptor
314811,GHSR,growth hormone secretagogue receptor
314911,ASPA,aspartoacylase
314918,ASPA,aspartoacylase
314950,PDGFRB,platelet derived growth factor receptor beta
314950,ETV6,ETS variant transcription factor 6
314950,PDGFRA,platelet derived growth factor receptor alpha
314950,FGFR1,fibroblast growth factor receptor 1
314950,FIP1L1,factor interacting with PAPOLA and CPSF1
314978,ATP2B3,ATPase plasma membrane Ca2+ transporting 3
315306,CYP21A2,cytochrome P450 family 21 subfamily A member 2
315311,CYP21A2,cytochrome P450 family 21 subfamily A member 2
317425,PRKDC,"protein kinase, DNA-activated, catalytic subunit"
317428,ORAI1,ORAI calcium release-activated calcium modulator 1
317430,STIM1,stromal interaction molecule 1
317473,IKZF1,IKAROS family zinc finger 1
317476,MAGT1,magnesium transporter 1
319160,CCDC78,coiled-coil domain containing 78
319182,KMT2A,lysine methyltransferase 2A
319189,NOL3,nucleolar protein 3
319192,GSX2,GS homeobox 2
319192,PCDH12,protocadherin 12
319199,VPS37A,VPS37A subunit of ESCRT-I
319298,MITF,melanocyte inducing transcription factor
319298,MET,"MET proto-oncogene, receptor tyrosine kinase"
319303,HNF1A,HNF1 homeobox A
319308,NONO,non-POU domain containing octamer binding
319308,TFEB,transcription factor EB
319308,TFE3,transcription factor binding to IGHM enhancer 3
319308,ASPSCR1,"ASPSCR1 tether for SLC2A4, UBX domain containing"
319308,SFPQ,splicing factor proline and glutamine rich
319308,CLTC,clathrin heavy chain
319308,PRCC,proline rich mitotic checkpoint control factor
319332,SYNE1,spectrin repeat containing nuclear envelope protein 1
319340,MYH8,myosin heavy chain 8
319462,BRCA2,BRCA2 DNA repair associated
319465,CEBPA,CCAAT enhancer binding protein alpha
319465,ERCC6L2,ERCC excision repair 6 like 2
319465,TGM6,transglutaminase 6
319480,CEBPA,CCAAT enhancer binding protein alpha
319487,MINPP1,multiple inositol-polyphosphate phosphatase 1
319487,HABP2,hyaluronan binding protein 2
319487,FOXE1,forkhead box E1
319504,AARS2,"alanyl-tRNA synthetase 2, mitochondrial"
319509,MRPL3,mitochondrial ribosomal protein L3
319514,PNPT1,polyribonucleotide nucleotidyltransferase 1
319519,FARS2,"phenylalanyl-tRNA synthetase 2, mitochondrial"
319524,MTFMT,mitochondrial methionyl-tRNA formyltransferase
319547,IFNGR2,interferon gamma receptor 2
319552,IL12RB1,interleukin 12 receptor subunit beta 1
319558,IL12B,interleukin 12B
319563,ISG15,ISG15 ubiquitin like modifier
319569,IFNGR1,interferon gamma receptor 1
319574,IFNGR2,interferon gamma receptor 2
319581,IFNGR1,interferon gamma receptor 1
319589,IFNGR2,interferon gamma receptor 2
319595,STAT1,signal transducer and activator of transcription 1
319600,IRF8,interferon regulatory factor 8
319612,IKBKG,inhibitor of nuclear factor kappa B kinase regulatory subunit gamma
319623,CYBB,cytochrome b-245 beta chain
319635,GPNMB,glycoprotein nmb
319640,PROM1,prominin 1
319646,PGM1,phosphoglucomutase 1
319651,DHFR,dihydrofolate reductase
319671,LARP7,"La ribonucleoprotein 7, transcriptional regulator"
319675,NIN,ninein
319678,COQ7,"coenzyme Q7, hydroxylase"
319678,COQ9,coenzyme Q9
320355,SPG41,spastic paraplegia 41 (autosomal dominant)
320360,MT-ATP6,mitochondrially encoded ATP synthase membrane subunit 6
320365,SPG36,spastic paraplegia 36 (autosomal dominant)
320370,C19ORF12,chromosome 19 open reading frame 12
320375,MTRFR,mitochondrial translation release factor in rescue
320380,DDHD2,DDHD domain containing 2
320385,TECPR2,tectonin beta-propeller repeat containing 2
320391,GBA2,glucosylceramidase beta 2
320396,NT5C2,"5'-nucleotidase, cytosolic II"
320401,GJC2,gap junction protein gamma 2
320406,KLC2,kinesin light chain 2
320406,FLRT1,fibronectin leucine rich transmembrane protein 1
320411,CYP2U1,cytochrome P450 family 2 subfamily U member 1
324262,GRM1,glutamate metabotropic receptor 1
324290,PRDM8,PR/SET domain 8
324294,RHOH,ras homolog family member H
324299,EPAS1,endothelial PAS domain protein 1
324321,CACNA1D,calcium voltage-gated channel subunit alpha1 D
324410,CLIC2,chloride intracellular channel 2
324422,ALG13,ALG13 UDP-N-acetylglucosaminyltransferase subunit
324442,HINT1,histidine triad nucleotide binding protein 1
324525,MT-TL1,mitochondrially encoded tRNA-Leu (UUA/G) 1
324530,PLCG2,phospholipase C gamma 2
324535,RMND1,required for meiotic nuclear division 1 homolog
324561,ENPP1,ectonucleotide pyrophosphatase/phosphodiesterase 1
324569,CHMP1A,charged multivesicular body protein 1A
324575,HNF1A,HNF1 homeobox A
324581,RYR1,ryanodine receptor 1
324585,MPZ,myelin protein zero
324588,ADCY5,adenylate cyclase 5
324601,TBX22,T-box transcription factor 22
324604,MYH7,myosin heavy chain 7
324604,SELENON,selenoprotein N
324604,TTN,titin
324611,KIF5A,kinesin family member 5A
324703,APP,amyloid beta precursor protein
324708,APP,amyloid beta precursor protein
324713,APP,amyloid beta precursor protein
324718,APP,amyloid beta precursor protein
324723,APP,amyloid beta precursor protein
324737,SRD5A3,steroid 5 alpha-reductase 3
324977,PSMB8,proteasome 20S subunit beta 8
325448,LHB,luteinizing hormone subunit beta
325524,STAR,steroidogenic acute regulatory protein
325529,STAR,steroidogenic acute regulatory protein
329173,RNF31,ring finger protein 31
329173,RBCK1,RANBP2-type and C3HC4-type zinc finger containing 1
329178,DPM2,"dolichyl-phosphate mannosyltransferase subunit 2, regulatory"
329191,NPR2,natriuretic peptide receptor 2
329195,HERC2,HECT and RLD domain containing E3 ubiquitin protein ligase 2
329211,CAPN5,calpain 5
329217,F5,coagulation factor V
329217,F2,"coagulation factor II, thrombin"
329217,PROZ,"protein Z, vitamin K dependent plasma glycoprotein"
329224,PACS1,phosphofurin acidic cluster sorting protein 1
329228,ZNF335,zinc finger protein 335
329235,IGSF1,immunoglobulin superfamily member 1
329242,PLVAP,plasmalemma vesicle associated protein
329242,DGAT1,diacylglycerol O-acyltransferase 1
329249,SH2B1,SH2B adaptor protein 1
329258,DHTKD1,dehydrogenase E1 and transketolase domain containing 1
329284,WDR45,WD repeat domain 45
329308,FA2H,fatty acid 2-hydroxylase
329314,DGUOK,deoxyguanosine kinase
329319,THPO,thrombopoietin
329336,RRM2B,ribonucleotide reductase regulatory TP53 inducible subunit M2B
329336,RNASEH1,ribonuclease H1
329457,ECEL1,endothelin converting enzyme like 1
329466,GNAL,G protein subunit alpha L
329469,CBFA2T3,CBFA2/RUNX1 partner transcriptional co-repressor 3
329469,GLIS2,GLIS family zinc finger 2
329475,VCP,valosin containing protein
329478,VCP,valosin containing protein
329481,APOE,apolipoprotein E
329802,NIPBL,NIPBL cohesin loading factor
329903,CFH,complement factor H
329903,DGKE,diacylglycerol kinase epsilon
329931,CFHR5,complement factor H related 5
329931,CFHR3,complement factor H related 3
329931,CFHR2,complement factor H related 2
329931,CFHR1,complement factor H related 1
329967,MEFV,"MEFV innate immunity regulator, pyrin"
329967,TNFRSF1A,TNF receptor superfamily member 1A
329971,BMPR1A,bone morphogenetic protein receptor type 1A
329971,SMAD4,SMAD family member 4
329971,ENG,endoglin
330032,HBD,hemoglobin subunit delta
330032,HBB,hemoglobin subunit beta
330041,HBA2,hemoglobin subunit alpha 2
330041,HBB,hemoglobin subunit beta
330041,HBA1,hemoglobin subunit alpha 1
330050,DNM1L,dynamin 1 like
330054,GFER,"growth factor, augmenter of liver regeneration"
331176,G6PC3,glucose-6-phosphatase catalytic subunit 3
331187,MASP2,MBL associated serine protease 2
331190,FCN3,ficolin 3
331206,RAG1,recombination activating 1
331206,RAG2,recombination activating 2
331226,TYK2,tyrosine kinase 2
352328,SERAC1,serine active site containing 1
352333,ELOVL4,ELOVL fatty acid elongase 4
352403,SPTBN2,"spectrin beta, non-erythrocytic 2"
352447,MGME1,mitochondrial genome maintenance exonuclease 1
352470,DNA2,DNA replication helicase/nuclease 2
352479,CRPPA,CDP-L-ribitol pyrophosphorylase A
352490,AUTS2,activator of transcription and developmental regulator AUTS2
352530,TRAPPC9,trafficking protein particle complex subunit 9
352563,MRPL44,mitochondrial ribosomal protein L44
352577,ASXL3,ASXL transcriptional regulator 3
352582,TBC1D24,TBC1 domain family member 24
352582,CPLX1,complexin 1
352587,TBC1D24,TBC1 domain family member 24
352596,TBC1D24,TBC1 domain family member 24
352641,GBA2,glucosylceramidase beta 2
352649,SLC18A2,solute carrier family 18 member A2
352654,UCHL1,ubiquitin C-terminal hydrolase L1
352662,NLRP1,NLR family pyrin domain containing 1
352665,HNRNPK,heterogeneous nuclear ribonucleoprotein K
352670,GNB4,G protein subunit beta 4
352675,PDK3,pyruvate dehydrogenase kinase 3
352682,LAMB1,laminin subunit beta 1
352709,CTSF,cathepsin F
352712,POLE,"DNA polymerase epsilon, catalytic subunit"
352718,RBP4,retinol binding protein 4
352723,LYST,lysosomal trafficking regulator
352734,TYR,tyrosinase
352737,TYR,tyrosinase
352745,LRMDA,leucine rich melanocyte differentiation associated
353217,SLC25A12,solute carrier family 25 member 12
353220,IL31RA,interleukin 31 receptor A
353220,OSMR,oncostatin M receptor
353277,CREBBP,CREB binding protein
353281,CREBBP,CREB binding protein
353284,EP300,E1A binding protein p300
353298,RNU4ATAC,"RNA, U4atac small nuclear"
353308,PC,pyruvate carboxylase
353314,PC,pyruvate carboxylase
353320,PC,pyruvate carboxylase
353327,ALG2,"ALG2 alpha-1,3/1,6-mannosyltransferase"
353327,GMPPB,GDP-mannose pyrophosphorylase B
353327,ALG14,ALG14 UDP-N-acetylglucosaminyltransferase subunit
353327,GFPT1,glutamine--fructose-6-phosphate transaminase 1
353327,DPAGT1,dolichyl-phosphate N-acetylglucosaminephosphotransferase 1
356961,SLC35A2,solute carrier family 35 member A2
356978,SLC25A1,solute carrier family 25 member 1
356996,ANK3,ankyrin 3
357008,DGKE,diacylglycerol kinase epsilon
357027,MYCN,"MYCN proto-oncogene, bHLH transcription factor"
357027,RB1,RB transcriptional corepressor 1
357034,MYCN,"MYCN proto-oncogene, bHLH transcription factor"
357034,RB1,RB transcriptional corepressor 1
357043,SETX,senataxin
357064,PYCR1,pyrroline-5-carboxylate reductase 1
357074,ATP6V1E1,ATPase H+ transporting V1 subunit E1
357074,ATP6V0A2,ATPase H+ transporting V0 subunit a2
357074,ATP6V1A,ATPase H+ transporting V1 subunit A
357237,CARD11,caspase recruitment domain family member 11
357329,IL21R,interleukin 21 receptor
363396,SLITRK6,SLIT and NTRK like family member 6
363400,BSCL2,"BSCL2 lipid droplet biogenesis associated, seipin"
363409,DNM2,dynamin 2
363412,DARS1,aspartyl-tRNA synthetase 1
363417,CHSY1,chondroitin sulfate synthase 1
363424,IBA57,iron-sulfur cluster assembly factor IBA57
363432,GRID2,glutamate ionotropic receptor delta type subunit 2
363444,THOC6,THO complex subunit 6
363454,BICD2,BICD cargo adaptor 2
363494,SPRY4,sprouty RTK signaling antagonist 4
363494,KITLG,KIT ligand
363523,COG6,component of oligomeric golgi complex 6
363528,ADAT3,adenosine deaminase tRNA specific 3
363534,TWNK,twinkle mtDNA helicase
363540,CLCN2,chloride voltage-gated channel 2
363549,ADORA2A,adenosine A2a receptor
363611,CTCF,CCCTC-binding factor
363618,LMNA,lamin A/C
363623,GMPPB,GDP-mannose pyrophosphorylase B
363649,POLD1,"DNA polymerase delta 1, catalytic subunit"
363654,ATP6AP2,ATPase H+ transporting accessory protein 2
363665,PDGFRB,platelet derived growth factor receptor beta
363677,MYH2,myosin heavy chain 2
363686,GATAD2B,GATA zinc finger domain containing 2B
363694,SARS2,"seryl-tRNA synthetase 2, mitochondrial"
363700,NF1,neurofibromin 1
363710,SCA37,spinocerebellar ataxia 37
363710,DAB1,DAB adaptor protein 1
363717,GFAP,glial fibrillary acidic protein
363722,GFAP,glial fibrillary acidic protein
363727,GATA1,GATA binding protein 1
363958,KANSL1,KAT8 regulatory NSL complex subunit 1
363965,KANSL1,KAT8 regulatory NSL complex subunit 1
363969,TMPRSS4,transmembrane serine protease 4
363972,CBL,Cbl proto-oncogene
363981,SBF1,SET binding factor 1
363989,PLA2G5,phospholipase A2 group V
363992,CERS3,ceramide synthase 3
363992,ADAMTS17,ADAM metallopeptidase with thrombospondin type 1 motif 17
363999,CALCRL,calcitonin receptor like receptor
363999,THSD1,thrombospondin type 1 domain containing 1
363999,ANGPT2,angiopoietin 2
364028,GRIA3,glutamate ionotropic receptor AMPA type subunit 3
364043,ALK,ALK receptor tyrosine kinase
364055,LCA5,lebercilin LCA5
364055,RPE65,retinoid isomerohydrolase RPE65
364055,SPATA7,spermatogenesis associated 7
364055,LRAT,lecithin retinol acyltransferase
364063,ARX,aristaless related homeobox
369837,PIGT,phosphatidylinositol glycan anchor biosynthesis class T
369840,TRAPPC11,trafficking protein particle complex subunit 11
369847,TRAPPC11,trafficking protein particle complex subunit 11
369852,VPS45,vacuolar protein sorting 45 homolog
369861,TRNT1,tRNA nucleotidyl transferase 1
369867,PLEKHG5,pleckstrin homology and RhoGEF domain containing G5
369873,SIM1,SIM bHLH transcription factor 1
369881,PREPL,prolyl endopeptidase like
369881,CAMKMT,calmodulin-lysine N-methyltransferase
369891,MED13L,mediator complex subunit 13L
369897,FBXL4,F-box and leucine rich repeat protein 4
369913,ELAC2,elaC ribonuclease Z 2
369920,AMPD2,adenosine monophosphate deaminase 2
369929,CACNA1D,calcium voltage-gated channel subunit alpha1 D
369939,BCAP31,B cell receptor associated protein 31
369942,BCAP31,B cell receptor associated protein 31
369942,ABCD1,ATP binding cassette subfamily D member 1
369955,ABCD4,ATP binding cassette subfamily D member 4
369962,HCFC1,host cell factor C1
369970,ADAMTS18,ADAM metallopeptidase with thrombospondin type 1 motif 18
369992,DSP,desmoplakin
369992,DSG1,desmoglein 1
369999,DSG1,desmoglein 1
370002,DSG1,desmoglein 1
370015,RPL13,ribosomal protein L13
370022,LAMA1,laminin subunit alpha 1
370026,KAT6A,lysine acetyltransferase 6A
370026,CREBBP,CREB binding protein
370088,LARS1,leucyl-tRNA synthetase 1
370097,SLC24A5,solute carrier family 24 member 5
370103,DYT17,dystonia 17
370109,ATM,ATM serine/threonine kinase
370334,EWSR1,EWS RNA binding protein 1
370334,FLI1,"Fli-1 proto-oncogene, ETS transcription factor"
370334,ERG,ETS transcription factor ERG
370334,SMARCA5,"SWI/SNF related, matrix associated, actin dependent regulator of chromatin, subfamily a, member 5"
370348,FLI1,"Fli-1 proto-oncogene, ETS transcription factor"
370396,SMARCA4,"SWI/SNF related, matrix associated, actin dependent regulator of chromatin, subfamily a, member 4"
370921,STT3A,STT3 oligosaccharyltransferase complex catalytic subunit A
370924,STT3B,STT3 oligosaccharyltransferase complex catalytic subunit B
370927,SSR4,signal sequence receptor subunit 4
370930,XYLT1,xylosyltransferase 1
370933,ST3GAL5,"ST3 beta-galactoside alpha-2,3-sialyltransferase 5"
370943,SLC35A3,solute carrier family 35 member A3
370959,POMT2,protein O-mannosyltransferase 2
370959,POMK,protein O-mannose kinase
370959,FKRP,fukutin related protein
370959,POMT1,protein O-mannosyltransferase 1
370959,POMGNT1,"protein O-linked mannose N-acetylglucosaminyltransferase 1 (beta 1,2-)"
370959,GMPPB,GDP-mannose pyrophosphorylase B
370968,LARGE1,LARGE xylosyl- and glucuronyltransferase 1
370968,GMPPB,GDP-mannose pyrophosphorylase B
370968,FKRP,fukutin related protein
370968,POMT1,protein O-mannosyltransferase 1
370968,POMT2,protein O-mannosyltransferase 2
370980,POMT1,protein O-mannosyltransferase 1
370980,FKTN,fukutin
370980,CRPPA,CDP-L-ribitol pyrophosphorylase A
370980,FKRP,fukutin related protein
370997,DAG1,dystroglycan 1
371364,UNC80,"unc-80 homolog, NALCN channel complex subunit"
371364,NALCN,"sodium leak channel, non-selective"
371428,MMP2,matrix metallopeptidase 2
371428,MMP14,matrix metallopeptidase 14
391307,TTI2,TELO2 interacting protein 2
391311,STAT1,signal transducer and activator of transcription 1
391316,TNK2,tyrosine kinase non receptor 2
391320,F5,coagulation factor V
391330,PLS3,plastin 3
391343,PRF1,perforin 1
391348,SFXN4,sideroflexin 4
391351,SURF1,SURF1 cytochrome c oxidase assembly factor
391366,SH2B3,SH2B adaptor protein 3
391372,FOXP1,forkhead box P1
391376,ASNS,asparagine synthetase (glutamine-hydrolyzing)
391389,TRPA1,transient receptor potential cation channel subfamily A member 1
391392,SCN11A,sodium voltage-gated channel alpha subunit 11
391397,SCN11A,sodium voltage-gated channel alpha subunit 11
391408,TRMT10A,tRNA methyltransferase 10A
391408,PPP1R15B,protein phosphatase 1 regulatory subunit 15B
391411,PODXL,podocalyxin like
391411,DNAJC6,DnaJ heat shock protein family (Hsp40) member C6
391411,SYNJ1,synaptojanin 1
391428,HSD17B10,hydroxysteroid 17-beta dehydrogenase 10
391457,HSD17B10,hydroxysteroid 17-beta dehydrogenase 10
391474,ALX3,ALX homeobox 3
391487,STAT1,signal transducer and activator of transcription 1
391490,CTLA4,cytotoxic T-lymphocyte associated protein 4
391490,HLA-DQA1,"major histocompatibility complex, class II, DQ alpha 1"
391490,TNFRSF11A,TNF receptor superfamily member 11a
391641,MYCN,"MYCN proto-oncogene, bHLH transcription factor"
391646,MIR17HG,miR-17-92a-1 cluster host gene
391665,ABCG5,ATP binding cassette subfamily G member 5
391665,PCSK9,proprotein convertase subtilisin/kexin type 9
391665,APOB,apolipoprotein B
391665,ABCG8,ATP binding cassette subfamily G member 8
391665,LDLR,low density lipoprotein receptor
391665,LDLRAP1,low density lipoprotein receptor adaptor protein 1
391677,NBAS,NBAS subunit of NRZ tethering complex
394529,FLAD1,flavin adenine dinucleotide synthetase 1
394529,ETFDH,electron transfer flavoprotein dehydrogenase
394529,ETFA,electron transfer flavoprotein subunit alpha
394529,ETFB,electron transfer flavoprotein subunit beta
394532,ETFA,electron transfer flavoprotein subunit alpha
394532,FLAD1,flavin adenine dinucleotide synthetase 1
394532,ETFB,electron transfer flavoprotein subunit beta
394532,SLC25A32,solute carrier family 25 member 32
394532,ETFDH,electron transfer flavoprotein dehydrogenase
397590,IGF2,insulin like growth factor 2
397590,CDKN1C,cyclin dependent kinase inhibitor 1C
397590,PLAG1,PLAG1 zinc finger
397590,HMGA2,high mobility group AT-hook 2
397593,LYRM4,LYR motif containing 4
397593,NFS1,NFS1 cysteine desulfurase
397596,PTEN,phosphatase and tensin homolog
397596,PIK3CD,"phosphatidylinositol-4,5-bisphosphate 3-kinase catalytic subunit delta"
397596,PIK3R1,phosphoinositide-3-kinase regulatory subunit 1
397606,PRNP,prion protein (Kanno blood group)
397612,KPTN,"kaptin, actin binding protein"
397615,CEP19,centrosomal protein 19
397618,SLC38A8,solute carrier family 38 member 8
397623,GSC,goosecoid homeobox
397685,PRLR,prolactin receptor
397692,THPO,thrombopoietin
397692,MPL,"MPL proto-oncogene, thrombopoietin receptor"
397692,ACD,ACD shelterin complex subunit and telomerase recruitment factor
397709,SNX14,sorting nexin 14
397715,KIAA0586,KIAA0586
397715,CSPP1,centrosome and spindle pole associated protein 1
397725,COASY,Coenzyme A synthase
397735,MARS1,methionyl-tRNA synthetase 1
397744,MYH14,myosin heavy chain 14
397750,MT-ATP8,mitochondrially encoded ATP synthase membrane subunit 8
397750,MT-ATP6,mitochondrially encoded ATP synthase membrane subunit 6
397755,CACNA1S,calcium voltage-gated channel subunit alpha1 S
397758,ITM2B,integral membrane protein 2B
397787,IKBKB,inhibitor of nuclear factor kappa B kinase subunit beta
397922,PIGA,phosphatidylinositol glycan anchor biosynthesis class A
397927,TBXT,T-box transcription factor T
397933,IQSEC2,IQ motif and Sec7 domain ArfGEF 2
397937,RBCK1,RANBP2-type and C3HC4-type zinc finger containing 1
397941,MAN1B1,mannosidase alpha class 1B member 1
397946,KIF1C,kinesin family member 1C
397951,TAF2,TATA-box binding protein associated factor 2
397959,TRAC,T-cell receptor alpha constant
397964,MALT1,MALT1 paracaspase
397968,TRIM2,tripartite motif containing 2
397973,TBC1D2B,TBC1 domain family member 2B
398069,MAGEL2,MAGE family member L2
398079,SIM1,SIM bHLH transcription factor 1
398088,SLC4A1,solute carrier family 4 member 1 (Diego blood group)
398189,CYP26C1,cytochrome P450 family 26 subfamily C member 1
399058,CRYAB,crystallin alpha B
399081,KLHL9,kelch like family member 9
399096,ANO5,anoctamin 5
399103,NEB,nebulin
399805,MSH5,mutS homolog 5
399805,C14ORF39,chromosome 14 open reading frame 39
399805,PDHA2,pyruvate dehydrogenase E1 subunit alpha 2
399805,TDRD9,tudor domain containing 9
399805,PNLDC1,PARN like ribonuclease domain containing exonuclease 1
399805,CCDC34,coiled-coil domain containing 34
399805,NR5A1,nuclear receptor subfamily 5 group A member 1
399805,SPAG17,sperm associated antigen 17
399805,CFTR,CF transmembrane conductance regulator
399805,CATIP,ciliogenesis associated TTC17 interacting protein
399805,XRCC2,X-ray repair cross complementing 2
399805,SOHLH1,spermatogenesis and oogenesis specific basic helix-loop-helix 1
399805,SYCE1,synaptonemal complex central element protein 1
399805,MOV10L1,Mov10 like RNA helicase 1
399805,DNHD1,dynein heavy chain domain 1
399805,TERB2,telomere repeat binding bouquet formation protein 2
399805,TERB1,telomere repeat binding bouquet formation protein 1
399805,TEX11,testis expressed 11
399805,TEX14,"testis expressed 14, intercellular bridge forming factor"
399805,ZMYND15,zinc finger MYND-type containing 15
399805,TEX15,"testis expressed 15, meiosis and synapsis associated"
399805,SHOC1,shortage in chiasmata 1
399805,TAF4B,TATA-box binding protein associated factor 4b
399805,FANCM,FA complementation group M
399805,FBXO43,F-box protein 43
399805,DNAH10,dynein axonemal heavy chain 10
399805,RPL10L,ribosomal protein L10 like
399805,RPL10L,ribosomal protein L10 like
399805,NANOS1,nanos C2HC-type zinc finger 1
399805,MEIOB,meiosis specific with OB-fold
399805,RNF212,ring finger protein 212
399805,CT55,cancer/testis antigen 55
399805,STAG3,STAG3 cohesin complex component
399805,KLHL10,kelch like family member 10
399805,SYCP3,synaptonemal complex protein 3
400025,ZFP36L2,ZFP36 ring finger protein like 2
401764,ERCC6L2,ERCC excision repair 6 like 2
401768,MICU1,mitochondrial calcium uptake 1
401777,NR2F1,nuclear receptor subfamily 2 group F member 1
401780,ARL6IP1,ADP ribosylation factor like GTPase 6 interacting protein 1
401785,ERLIN1,ER lipid raft associated 1
401795,USP8,ubiquitin specific peptidase 8
401800,WDR48,WD repeat domain 48
401805,AMPD2,adenosine monophosphate deaminase 2
401810,ENTPD1,ectonucleoside triphosphate diphosphohydrolase 1
401815,ARSI,arylsulfatase family member I
401820,PGAP1,post-GPI attachment to proteins inositol deacylase 1
401830,RAB3GAP2,RAB3 GTPase activating non-catalytic protein subunit 2
401835,MARS1,methionyl-tRNA synthetase 1
401840,ZFR,zinc finger RNA binding protein
401849,REEP2,receptor accessory protein 2
401859,LIAS,lipoic acid synthetase
401862,LIPT1,lipoyltransferase 1
401866,GLRX5,glutaredoxin 5
401869,NFU1,NFU1 iron-sulfur cluster scaffold
401874,BOLA3,bolA family member 3
401901,C9ORF72,C9orf72-SMCR8 complex subunit
401911,AXIN2,axin 2
401920,DNAJB1,DnaJ heat shock protein family (Hsp40) member B1
401920,PRKACA,protein kinase cAMP-activated catalytic subunit alpha
401945,GUCY1A1,guanylate cyclase 1 soluble subunit alpha 1
401948,CA5A,carbonic anhydrase 5A
401959,KPNA7,karyopherin subunit alpha 7
401964,DCAF8,DDB1 and CUL4 associated factor 8
401973,EBP,EBP cholestenol delta-isomerase
401979,PAM16,presequence translocase associated motor 16
401986,NFIA,nuclear factor I A
401996,FAN1,FANCD2 and FANCI associated nuclease 1
402003,KRT6C,keratin 6C
402014,DEK,DEK proto-oncogene
402014,NUP214,nucleoporin 214
402017,KMT2A,lysine methyltransferase 2A
402017,MLLT3,MLLT3 super elongation complex subunit
402020,MECOM,MDS1 and EVI1 complex locus
402020,RPN1,ribophorin I
402023,MRTFA,myocardin related transcription factor A
402023,RBM15,RNA binding motif protein 15
402026,NPM1,nucleophosmin 1
402041,ATP6V0A4,ATPase H+ transporting V0 subunit a4
402041,ATP6V1B1,ATPase H+ transporting V1 subunit B1
402041,WDR72,WD repeat domain 72
402041,FOXI1,forkhead box I1
402075,NKX2-5,NK2 homeobox 5
402075,NOTCH1,notch receptor 1
402075,GATA5,GATA binding protein 5
402075,SMAD6,SMAD family member 6
402082,PRICKLE2,prickle planar cell polarity protein 2
402082,POLG,"DNA polymerase gamma, catalytic subunit"
402364,MED17,mediator complex subunit 17
404437,QARS1,glutaminyl-tRNA synthetase 1
404440,SETD5,SET domain containing 5
404443,DNMT3A,DNA methyltransferase 3 alpha
404448,ADNP,activity dependent neuroprotector homeobox
404451,FBLN1,fibulin 1
404454,NGLY1,N-glycanase 1
404463,ACTA2,"actin alpha 2, smooth muscle"
404466,ZP1,zona pellucida glycoprotein 1
404466,ZP3,zona pellucida glycoprotein 3
404466,ZP2,zona pellucida glycoprotein 2
404473,CTNNB1,catenin beta 1
404476,DICER1,"dicer 1, ribonuclease III"
404493,TDP2,tyrosyl-DNA phosphodiesterase 2
404499,RUBCN,rubicon autophagy regulator
404507,GRM1,glutamate metabotropic receptor 1
404511,MITF,melanocyte inducing transcription factor
404511,PBRM1,polybromo 1
404511,TMEM127,transmembrane protein 127
404511,HNF1A,HNF1 homeobox A
404521,LAS1L,LAS1 like ribosome biogenesis factor
404546,IL36RN,interleukin 36 receptor antagonist
404553,ADA2,adenosine deaminase 2
404560,CDKN2A,cyclin dependent kinase inhibitor 2A
411493,CLP1,cleavage factor polyribonucleotide kinase subunit 1
411511,UBE3A,ubiquitin protein ligase E3A
411515,UBE3A,ubiquitin protein ligase E3A
411515,SNRPN,small nuclear ribonucleoprotein polypeptide N
411515,ATP10A,ATPase phospholipid transporting 10A (putative)
411536,PRPS1,phosphoribosyl pyrophosphate synthetase 1
411543,PRPS1,phosphoribosyl pyrophosphate synthetase 1
411590,WFS1,wolframin ER transmembrane glycoprotein
411602,GIGYF2,GRB10 interacting GYF protein 2
411602,EIF4G1,eukaryotic translation initiation factor 4 gamma 1
411602,SNCA,synuclein alpha
411602,GBA1,glucosylceramidase beta 1
411602,VPS35,VPS35 retromer complex component
411602,DNAJC13,DnaJ heat shock protein family (Hsp40) member C13
411602,LRRK2,leucine rich repeat kinase 2
411629,CTNS,"cystinosin, lysosomal cystine transporter"
411634,CTNS,"cystinosin, lysosomal cystine transporter"
411641,CTNS,"cystinosin, lysosomal cystine transporter"
411712,SLC52A1,solute carrier family 52 member 1
411788,FGF5,fibroblast growth factor 5
411986,DOCK7,dedicator of cytokinesis 7
412022,ASPH,aspartate beta-hydroxylase
412057,STUB1,STIP1 homology and U-box containing protein 1
412066,PRKAR1B,protein kinase cAMP-dependent type I regulatory subunit beta
412069,AHDC1,AT-hook DNA binding motif containing 1
412181,DST,dystonin
412189,EXPH5,exophilin 5
412206,PTH1R,parathyroid hormone 1 receptor
420179,NFIX,nuclear factor I X
420429,GAA,alpha glucosidase
420485,ANO3,anoctamin 3
420492,CIZ1,CDKN1A interacting zinc finger protein 1
420561,KCNH1,potassium voltage-gated channel subfamily H member 1
420566,RASGRP2,RAS guanyl releasing protein 2
420573,CTPS1,CTP synthase 1
420584,GLI2,GLI family zinc finger 2
420611,GATA1,GATA binding protein 1
420686,KANK2,KN motif and ankyrin repeat domains 2
420699,CXCR2,C-X-C motif chemokine receptor 2
420702,CSF3R,colony stimulating factor 3 receptor
420728,VARS1,valyl-tRNA synthetase 1
420733,TARS2,"threonyl-tRNA synthetase 2, mitochondrial"
420741,RNF168,ring finger protein 168
422526,OGG1,8-oxoguanine DNA glycosylase
422526,SLC49A4,solute carrier family 49 member 4
422526,RNF139,ring finger protein 139
422526,FLCN,folliculin
422526,FHIT,fragile histidine triad diadenosine triphosphatase
422526,HSPBAP1,HSPB1 associated protein 1
422526,DIRC3,disrupted in renal carcinoma 3
423275,CCDC88C,coiled-coil domain containing 88C
423296,ELOVL5,ELOVL fatty acid elongase 5
423306,QARS1,glutaminyl-tRNA synthetase 1
423384,JAGN1,jagunal homolog 1
423454,GRHL2,grainyhead like transcription factor 2
423461,GNPTAB,N-acetylglucosamine-1-phosphate transferase subunits alpha and beta
423470,GNPTG,N-acetylglucosamine-1-phosphate transferase subunit gamma
423479,PRPS1,phosphoribosyl pyrophosphate synthetase 1
423894,VRK1,VRK serine/threonine kinase 1
424027,CERS1,ceramide synthase 1
424099,MAB21L2,mab-21 like 2
424107,RYR1,ryanodine receptor 1
424261,TOR1AIP1,torsin 1A interacting protein 1
425120,STING1,stimulator of interferon response cGAMP interactor 1
431149,TNFRSF4,TNF receptor superfamily member 4
431166,IFNAR2,interferon alpha and beta receptor subunit 2
431166,STAT2,signal transducer and activator of transcription 2
431255,TRPV4,transient receptor potential cation channel subfamily V member 4
431272,FHL1,four and a half LIM domains 1
431329,TFG,trafficking from ER to golgi regulator
431361,NADK2,"NAD kinase 2, mitochondrial"
434179,C2CD3,C2 domain containing 3 centriole elongation regulator
435387,VCP,valosin containing protein
435438,KCNC1,potassium voltage-gated channel subfamily C member 1
435628,KCNJ6,potassium inwardly rectifying channel subfamily J member 6
435651,CIDEC,cell death inducing DFFA like effector c
435660,LIPE,"lipase E, hormone sensitive type"
435804,ACAN,aggrecan
435819,TFG,trafficking from ER to golgi regulator
435845,BRAT1,BRCA1 associated ATM activator 1
435930,SIX6,SIX homeobox 6
435934,COG2,component of oligomeric golgi complex 2
435938,RPL10,ribosomal protein L10
435953,SPRTN,SprT-like N-terminal domain
435988,SGO1,shugoshin 1
435998,COX6A1,cytochrome c oxidase subunit 6A1
436141,P4HTM,"prolyl 4-hydroxylase, transmembrane"
436144,CDKN1C,cyclin dependent kinase inhibitor 1C
436159,CTLA4,cytotoxic T-lymphocyte associated protein 4
436166,NLRC4,NLR family CARD domain containing 4
436169,THBD,thrombomodulin
436174,IARS2,"isoleucyl-tRNA synthetase 2, mitochondrial"
436182,NSMCE2,"NSE2 (MMS21) homolog, SMC5-SMC6 complex SUMO ligase"
436182,XRCC4,X-ray repair cross complementing 4
436242,TNNI3K,TNNI3 interacting kinase
436245,RDH11,retinol dehydrogenase 11
436252,PI4KA,phosphatidylinositol 4-kinase alpha
436252,TTC7A,tetratricopeptide repeat domain 7A
436271,COA8,cytochrome c oxidase assembly factor 8
436274,GGCX,gamma-glutamyl carboxylase
437552,FCGR3A,Fc fragment of IgG receptor IIIa
438075,SLC16A1,solute carrier family 16 member 1
438114,RARS1,arginyl-tRNA synthetase 1
438117,COL27A1,collagen type XXVII alpha 1 chain
438134,PCNA,proliferating cell nuclear antigen
438159,STAT3,signal transducer and activator of transcription 3
438178,FAR1,fatty acyl-CoA reductase 1
438207,PRKACG,protein kinase cAMP-activated catalytic subunit gamma
438207,GNE,glucosamine (UDP-N-acetyl)-2-epimerase/N-acetylmannosamine kinase
438216,PURA,purine rich element binding protein A
438274,GCGR,glucagon receptor
439212,MEGF10,multiple EGF like domains 10
439218,KCNQ2,potassium voltage-gated channel subfamily Q member 2
439822,PDE4D,phosphodiesterase 4D
439854,PRKAG2,protein kinase AMP-activated non-catalytic subunit gamma 2
439897,KIF14,kinesin family member 14
440354,COL11A1,collagen type XI alpha 1 chain
440392,SFTPC,surfactant protein C
440402,ABCA3,ATP binding cassette subfamily A member 3
440427,MARS1,methionyl-tRNA synthetase 1
440437,BRCA2,BRCA2 DNA repair associated
440437,POLE,"DNA polymerase epsilon, catalytic subunit"
440437,ATM,ATM serine/threonine kinase
440437,RPS20,ribosomal protein S20
440437,POLD1,"DNA polymerase delta 1, catalytic subunit"
440437,CHEK2,checkpoint kinase 2
440437,MUTYH,mutY DNA glycosylase
440437,BMPR1A,bone morphogenetic protein receptor type 1A
440437,SEMA4A,semaphorin 4A
440706,RPIA,ribose 5-phosphate isomerase A
440713,SHPK,sedoheptulokinase
440731,FTL,ferritin light chain
440731,FTL,ferritin light chain
441447,CHMP4B,charged multivesicular body protein 4B
441447,CRYBB2,crystallin beta B2
441447,UNC45B,unc-45 myosin chaperone B
441447,EPHA2,EPH receptor A2
441447,LEMD2,LEM domain nuclear envelope protein 2
441452,HSF4,heat shock transcription factor 4
441452,CRYGB,crystallin gamma B
441452,CRYAA,crystallin alpha A
441452,CRYGD,crystallin gamma D
441452,CRYGC,crystallin gamma C
441452,MIP,major intrinsic protein of lens fiber
441452,BFSP2,beaded filament structural protein 2
441452,CRYGS,crystallin gamma S
441452,CRYBA4,crystallin beta A4
441452,CRYBA1,crystallin beta A1
441452,CRYAB,crystallin alpha B
442835,UBA5,ubiquitin like modifier activating enzyme 5
442835,KCNA2,potassium voltage-gated channel subfamily A member 2
442835,EEF1A2,eukaryotic translation elongation factor 1 alpha 2
442835,KCNC2,potassium voltage-gated channel subfamily C member 2
442835,CNKSR2,connector enhancer of kinase suppressor of Ras 2
442835,YWHAG,tyrosine 3-monooxygenase/tryptophan 5-monooxygenase activation protein gamma
442835,CYFIP2,cytoplasmic FMR1 interacting protein 2
442835,GRIN2D,glutamate ionotropic receptor NMDA type subunit 2D
442835,ACTL6B,actin like 6B
442835,HCN1,hyperpolarization activated cyclic nucleotide gated potassium channel 1
442835,SLC13A5,solute carrier family 13 member 5
442835,DALRD3,DALR anticodon binding domain containing 3
442835,AP3B2,adaptor related protein complex 3 subunit beta 2
442835,CLTC,clathrin heavy chain
442835,KCNB1,potassium voltage-gated channel subfamily B member 1
442835,SCN1A,sodium voltage-gated channel alpha subunit 1
442835,SLC1A2,solute carrier family 1 member 2
442835,DNM1,dynamin 1
442835,ATP6V1A,ATPase H+ transporting V1 subunit A
442835,SYNGAP1,synaptic Ras GTPase activating protein 1
442835,AARS1,alanyl-tRNA synthetase 1
442835,DHDDS,dehydrodolichyl diphosphate synthase subunit
442835,PARS2,"prolyl-tRNA synthetase 2, mitochondrial"
442835,SYNJ1,synaptojanin 1
442835,PACS2,phosphofurin acidic cluster sorting protein 2
442835,NECAP1,NECAP endocytosis associated 1
442835,TRAK1,trafficking kinesin protein 1
442835,PPP3CA,protein phosphatase 3 catalytic subunit alpha
442835,KCNA2,potassium voltage-gated channel subfamily A member 2
442835,GABRA2,gamma-aminobutyric acid type A receptor subunit alpha2
442835,SZT2,SZT2 subunit of KICSTOR complex
442835,ATP1A3,ATPase Na+/K+ transporting subunit alpha 3
442835,ATP1A2,ATPase Na+/K+ transporting subunit alpha 2
442835,NUS1,NUS1 dehydrodolichyl diphosphate synthase subunit
442835,NTRK2,neurotrophic receptor tyrosine kinase 2
442835,FBXO28,F-box protein 28
442835,CELF2,CUGBP Elav-like family member 2
442835,FZR1,fizzy and cell division cycle 20 related 1
442835,CDK19,cyclin dependent kinase 19
442835,FGF12,fibroblast growth factor 12
442835,CACNA2D1,calcium voltage-gated channel auxiliary subunit alpha2delta 1
442835,GABBR2,gamma-aminobutyric acid type B receptor subunit 2
442835,GABRB2,gamma-aminobutyric acid type A receptor subunit beta2
442835,GABRA5,gamma-aminobutyric acid type A receptor subunit alpha5
442835,CACNA1A,calcium voltage-gated channel subunit alpha1 A
442835,GABRG2,gamma-aminobutyric acid type A receptor subunit gamma2
442835,SCN3A,sodium voltage-gated channel alpha subunit 3
442835,CACNA1B,calcium voltage-gated channel subunit alpha1 B
442835,FOXG1,forkhead box G1
442835,SLC38A3,solute carrier family 38 member 3
442835,WWOX,WW domain containing oxidoreductase
442835,SCN8A,sodium voltage-gated channel alpha subunit 8
443057,HFE,homeostatic iron regulator
443062,UROD,uroporphyrinogen decarboxylase
443062,HFE,homeostatic iron regulator
443073,IGHMBP2,immunoglobulin mu DNA binding protein 2
443087,AKR1C2,aldo-keto reductase family 1 member C2
443087,AKR1C4,aldo-keto reductase family 1 member C4
443162,NDE1,nudE neurodevelopment protein 1
443167,BRD4,bromodomain containing 4
443167,NUTM1,NUT midline carcinoma family member 1
443197,ALAS2,5'-aminolevulinate synthase 2
443236,SLC6A2,solute carrier family 6 member 2
443811,PGM3,phosphoglucomutase 3
443950,DNAJB2,DnaJ heat shock protein family (Hsp40) member B2
443988,CRB2,crumbs cell polarity complex component 2
443995,EDNRA,endothelin receptor type A
444013,GTPBP3,"GTP binding protein 3, mitochondrial"
444048,MCM9,minichromosome maintenance 9 homologous recombination repair factor
444069,CENPF,centromere protein F
444072,BRF1,BRF1 RNA polymerase III transcription initiation factor subunit
444077,AFF4,ALF transcription elongation factor 4
444092,COPA,COPI coat complex subunit alpha
444099,CPT1C,carnitine palmitoyltransferase 1C
444138,CAST,calpastatin
444458,NARS2,"asparaginyl-tRNA synthetase 2, mitochondrial"
444463,TPP2,tripeptidyl peptidase 2
445018,LRBA,LPS responsive beige-like anchor protein
445038,CLPB,ClpB family mitochondrial disaggregase
445062,DNAJC3,DnaJ heat shock protein family (Hsp40) member C3
445110,POMK,protein O-mannose kinase
447731,MAP3K14,mitogen-activated protein kinase kinase kinase 14
447737,DOCK2,dedicator of cytokinesis 2
447740,FPR1,formyl peptide receptor 1
447753,ALDH18A1,aldehyde dehydrogenase 18 family member A1
447757,ALDH18A1,aldehyde dehydrogenase 18 family member A1
447760,ALDH18A1,aldehyde dehydrogenase 18 family member A1
447784,MPC1,mitochondrial pyruvate carrier 1
447877,POLD1,"DNA polymerase delta 1, catalytic subunit"
447877,POLE,"DNA polymerase epsilon, catalytic subunit"
447893,POLR3A,RNA polymerase III subunit A
447896,POLR3A,RNA polymerase III subunit A
447954,MARS2,"methionyl-tRNA synthetase 2, mitochondrial"
447961,SASH1,SAM and SH3 domain containing 1
447964,NAGLU,N-acetyl-alpha-glucosaminidase
447974,MYO18B,myosin XVIIIB
447977,ACTA1,"actin alpha 1, skeletal muscle"
447980,NFIX,nuclear factor I X
447997,SLC1A4,solute carrier family 1 member 4
448010,CAD,"carbamoyl-phosphate synthetase 2, aspartate transcarbamylase, and dihydroorotase"
448242,PAPSS2,3'-phosphoadenosine 5'-phosphosulfate synthase 2
448251,SLC9A1,solute carrier family 9 member A1
448264,TRPV3,transient receptor potential cation channel subfamily V member 3
448264,KRT16,keratin 16
448267,LBR,lamin B receptor
449291,FMR1,fragile X messenger ribonucleoprotein 1
451612,IGSF3,immunoglobulin superfamily member 3
453504,HNRNPK,heterogeneous nuclear ribonucleoprotein K
453510,CLTCL1,clathrin heavy chain like 1
453521,CWF19L1,CWF19 like cell cycle control factor 1
453533,DMXL2,Dmx like 2
454745,PRNP,prion protein (Kanno blood group)
454840,NTHL1,nth like DNA glycosylase 1
456312,PTRH2,peptidyl-tRNA hydrolase 2
456318,DNMT1,DNA methyltransferase 1
456328,MAMLD1,mastermind like domain containing 1
456328,MTM1,myotubularin 1
456333,IPMK,inositol polyphosphate multikinase
456369,GYG1,glycogenin 1
457050,CHCHD10,coiled-coil-helix-coiled-coil-helix domain containing 10
457088,CARD9,caspase recruitment domain family member 9
457185,COQ4,coenzyme Q4
457193,KAT6A,lysine acetyltransferase 6A
457212,SLC6A17,solute carrier family 6 member 17
457223,MRPS7,mitochondrial ribosomal protein S7
457240,THOC2,THO complex subunit 2
457246,NUTM2B,NUT family member 2B
457246,IRX2,iroquois homeobox 2
457246,TERT,telomerase reverse transcriptase
457246,YWHAE,tyrosine 3-monooxygenase/tryptophan 5-monooxygenase activation protein epsilon
457246,NUTM2E,NUT family member 2E
457246,BCOR,BCL6 corepressor
457260,DDX3X,DEAD-box helicase 3 X-linked
457265,LMNB2,lamin B2
457279,PPP2R5D,protein phosphatase 2 regulatory subunit B'delta
457284,PPP2R1A,protein phosphatase 2 scaffold subunit Aalpha
457351,AFG2A,AFG2 AAA ATPase homolog A
457359,HERC1,HECT and RLD domain containing E3 ubiquitin protein ligase family member 1
457375,ITPA,inosine triphosphatase
457378,TAPT1,transmembrane anterior posterior transformation 1
457395,RSPRY1,ring finger and SPRY domain containing 1
457406,ISCA2,iron-sulfur cluster assembly 2
457485,MTOR,mechanistic target of rapamycin kinase
458798,TRPC3,transient receptor potential cation channel subfamily C member 3
458803,CACNA1G,calcium voltage-gated channel subunit alpha1 G
459033,PNKP,polynucleotide kinase 3'-phosphatase
459051,COL2A1,collagen type II alpha 1 chain
459056,MAG,myelin associated glycoprotein
459061,DPH1,diphthamide biosynthesis 1
459061,DPH2,diphthamide biosynthesis 2
459070,RPL10,ribosomal protein L10
464282,HACE1,HECT domain and ankyrin repeat containing E3 ubiquitin protein ligase 1
464288,PRMT7,protein arginine methyltransferase 7
464311,DYRK1A,dual specificity tyrosine phosphorylation regulated kinase 1A
464336,CARD11,caspase recruitment domain family member 11
464366,NEK9,NIMA related kinase 9
464370,FCGR3B,Fc fragment of IgG receptor IIIb
464440,COL6A3,collagen type VI alpha 3 chain
464443,COG6,component of oligomeric golgi complex 6
464724,RINT1,RAD50 interactor 1
464724,NBAS,NBAS subunit of NRZ tethering complex
464738,MED25,mediator complex subunit 25
464756,ATP4A,ATPase H+/K+ transporting subunit alpha
464760,MMP19,matrix metallopeptidase 19
465508,HFE,homeostatic iron regulator
465508,BMP6,bone morphogenetic protein 6
465824,CHUK,component of inhibitor of nuclear factor kappa B kinase complex
466026,G6PD,glucose-6-phosphate dehydrogenase
466650,RYR1,ryanodine receptor 1
466688,FRMD4A,FERM domain containing 4A
466703,TMEM199,transmembrane protein 199
466718,MAPKAPK3,MAPK activated protein kinase 3
466722,FARS2,"phenylalanyl-tRNA synthetase 2, mitochondrial"
466729,PRDM6,PR/SET domain 6
466729,TFAP2B,transcription factor AP-2 beta
466768,MORC2,MORC family CW-type zinc finger 2
466775,SPG11,"SPG11 vesicle trafficking associated, spatacsin"
466784,SLC25A26,solute carrier family 25 member 26
466791,NONO,non-POU domain containing octamer binding
466794,SCYL1,SCY1 like pseudokinase 1
466806,SLFN14,schlafen family member 14
466921,TTN,titin
466926,EXT2,exostosin glycosyltransferase 2
466934,VPS11,VPS11 core subunit of CORVET and HOPS complexes
466950,WAC,WW domain containing adaptor with coiled-coil
466962,SMARCA4,"SWI/SNF related, matrix associated, actin dependent regulator of chromatin, subfamily a, member 4"
467166,TUBA1A,tubulin alpha 1a
467166,TUBB3,tubulin beta 3 class III
467166,TUBB2B,tubulin beta 2B class IIb
467176,CCDC174,coiled-coil domain containing 174
468620,DEAF1,DEAF1 transcription factor
468631,RTTN,rotatin
468635,PLA2G4A,phospholipase A2 group IVA
468641,SLCO2A1,solute carrier organic anion transporter family member 2A1
468661,IBA57,iron-sulfur cluster assembly factor IBA57
468666,ITPR2,"inositol 1,4,5-trisphosphate receptor type 2"
468672,CRIM1,cysteine rich transmembrane BMP regulator 1
468678,POGZ,pogo transposable element derived with ZNF domain
468684,CCDC115,coiled-coil domain containing 115
468699,SLC39A8,solute carrier family 39 member 8
468717,PEX5,peroxisomal biogenesis factor 5
468726,FMO3,flavin containing dimethylaniline monoxygenase 3
476084,BVES,blood vessel epicardial substance
476093,HSPB8,heat shock protein family B (small) member 8
476096,DSP,desmoplakin
476113,TFRC,transferrin receptor
476119,SHH,sonic hedgehog signaling molecule
476126,TRIO,trio Rho guanine nucleotide exchange factor
476394,PMP2,peripheral myelin protein 2
476406,TPM3,tropomyosin 3
477661,IL21,interleukin 21
477673,GPT2,glutamic--pyruvic transaminase 2
477684,TRMT5,tRNA methyltransferase 5
477738,HLA-DRB1,"major histocompatibility complex, class II, DR beta 1"
477738,HLA-DQB1,"major histocompatibility complex, class II, DQ beta 1"
477742,USP6,ubiquitin specific peptidase 6
477742,MYH9,myosin heavy chain 9
477749,COL4A1,collagen type IV alpha 1 chain
477774,CARS2,"cysteinyl-tRNA synthetase 2, mitochondrial"
477787,PLA2G4A,phospholipase A2 group IVA
477814,DIAPH1,diaphanous related formin 1
477817,RAI1,retinoic acid induced 1
477831,PDGFRB,platelet derived growth factor receptor beta
477857,RORC,RAR related orphan receptor C
477993,KDM1A,lysine demethylase 1A
478029,TXN2,thioredoxin 2
478042,TRMT10C,"tRNA methyltransferase 10C, mitochondrial RNase P subunit"
478049,MIPEP,mitochondrial intermediate peptidase
478664,PRDM12,PR/SET domain 12
480476,NR1H4,nuclear receptor subfamily 1 group H member 4
480483,TJP2,tight junction protein 2
480491,MYO5B,myosin VB
480528,PLAT,"plasminogen activator, tissue type"
480536,MSH3,mutS homolog 3
480541,MYC,"MYC proto-oncogene, bHLH transcription factor"
480541,BCL6,BCL6 transcription repressor
480541,BCL2,BCL2 apoptosis regulator
480556,DCDC2,doublecortin domain containing 2
480682,POGLUT1,protein O-glucosyltransferase 1
480851,SRC,"SRC proto-oncogene, non-receptor tyrosine kinase"
480864,TANGO2,transport and golgi organization 2 homolog
480880,USP9X,ubiquitin specific peptidase 9 X-linked
480898,EMC1,ER membrane protein complex subunit 1
480907,TAF1,TATA-box binding protein associated factor 1
481152,PYCR2,pyrroline-5-carboxylate reductase 2
481662,TREX1,three prime repair exonuclease 1
481662,SAMHD1,SAM and HD domain containing deoxynucleoside triphosphate triphosphohydrolase 1
481662,STING1,stimulator of interferon response cGAMP interactor 1
481665,USP18,ubiquitin specific peptidase 18
481986,COL4A1,collagen type IV alpha 1 chain
482077,HTRA1,HtrA serine peptidase 1
482601,ADSS1,adenylosuccinate synthase 1
482606,FLNA,filamin A
485275,SHH,sonic hedgehog signaling molecule
485275,SIX3,SIX homeobox 3
485275,EMX2,empty spiracles homeobox 2
485350,CLCN4,chloride voltage-gated channel 4
485418,EMILIN1,elastin microfibril interfacer 1
485421,MFF,mitochondrial fission factor
486811,TRIP4,thyroid hormone receptor interactor 4
486811,ASCC1,activating signal cointegrator 1 complex subunit 1
486815,TRIP4,thyroid hormone receptor interactor 4
487796,CDC42,cell division cycle 42
487814,DGAT2,diacylglycerol O-acyltransferase 2
487825,TBL1XR1,TBL1X/Y related 1
488168,MSMO1,methylsterol monooxygenase 1
488191,PANX1,pannexin 1
488191,PATL2,PAT1 homolog 2
488191,WEE2,WEE2 oocyte meiosis inhibiting kinase
488191,TUBB8,tubulin beta 8 class VIII
488197,MIR204,microRNA 204
488232,MAP3K20,mitogen-activated protein kinase kinase kinase 20
488265,MET,"MET proto-oncogene, receptor tyrosine kinase"
488333,HARS1,histidyl-tRNA synthetase 1
488437,SIX2,SIX homeobox 2
488594,CAPN1,calpain 1
488613,GNB1,G protein subunit beta 1
488618,TKT,transketolase
488627,PUS3,pseudouridine synthase 3
488632,TBCK,TBC1 domain containing kinase
488635,PIGG,phosphatidylinositol glycan anchor biosynthesis class G (EMM blood group)
488642,TELO2,telomere maintenance 2
488647,DDX41,DEAD-box helicase 41
488650,CAV3,caveolin 3
493342,ADGRE2,adhesion G protein-coupled receptor E2
494344,RERE,arginine-glutamic acid dipeptide repeats
494433,SAMD9,sterile alpha motif domain containing 9
494439,EXOSC2,exosome component 2
494444,DIAPH1,diaphanous related formin 1
494526,PDE10A,phosphodiesterase 10A
494541,PDE10A,phosphodiesterase 10A
494547,PTEN,phosphatase and tensin homolog
494547,TNFRSF10B,TNF receptor superfamily member 10b
494547,ING1,inhibitor of growth family member 1
494550,PTEN,phosphatase and tensin homolog
494550,TNFRSF10B,TNF receptor superfamily member 10b
494550,ING1,inhibitor of growth family member 1
495274,MME,membrane metalloendopeptidase
495818,LMX1B,LIM homeobox transcription factor 1 beta
495818,STXBP1,syntaxin binding protein 1
495844,HIKESHI,heat shock protein nuclear import factor hikeshi
495875,MAB21L1,mab-21 like 1
496641,TBCD,tubulin folding cofactor D
496686,KY,kyphoscoliosis peptidase
496689,KY,kyphoscoliosis peptidase
496751,HSPA9,heat shock protein family A (Hsp70) member 9
496756,TBCE,tubulin folding cofactor E
496790,ATAD3A,ATPase family AAA domain containing 3A
497757,MME,membrane metalloendopeptidase
497764,MME,membrane metalloendopeptidase
497906,VAC14,VAC14 component of PIKFYVE complex
498251,HTR1A,5-hydroxytryptamine receptor 1A
498359,CFTR,CF transmembrane conductance regulator
498481,LRP5,LDL receptor related protein 5
498481,LRP5,LDL receptor related protein 5
498494,PITX1,paired like homeodomain 1
498497,WDR35,WD repeat domain 35
498693,MYBPC1,myosin binding protein C1
500055,USP7,ubiquitin specific peptidase 7
500062,OTULIN,OTU deubiquitinase with linear linkage specificity
500095,FIBP,FGF1 intracellular binding protein
500135,CEP55,centrosomal protein 55
500144,TRAPPC12,trafficking protein particle complex subunit 12
500150,SON,SON DNA and RNA binding protein
500159,RAC1,Rac family small GTPase 1
500166,SIN3B,SIN3 transcription regulator family member B
500166,SIN3A,SIN3 transcription regulator family member A
500180,UBTF,upstream binding transcription factor
500188,GPRASP2,G protein-coupled receptor associated sorting protein 2
500464,ING1,inhibitor of growth family member 1
500464,PTEN,phosphatase and tensin homolog
500464,TNFRSF10B,TNF receptor superfamily member 10b
500478,ING1,inhibitor of growth family member 1
500478,PTEN,phosphatase and tensin homolog
500478,TNFRSF10B,TNF receptor superfamily member 10b
500533,STRADA,STE20 related adaptor alpha
500545,NACC1,nucleus accumbens associated 1
500548,LRRK1,leucine rich repeat kinase 1
502363,ING1,inhibitor of growth family member 1
502363,PTEN,phosphatase and tensin homolog
502363,TNFRSF10B,TNF receptor superfamily member 10b
502366,ING1,inhibitor of growth family member 1
502366,PTEN,phosphatase and tensin homolog
502366,TNFRSF10B,TNF receptor superfamily member 10b
502423,MSTO1,misato mitochondrial distribution and morphology regulator 1
502430,ZNF462,zinc finger protein 462
502434,STAG1,STAG1 cohesin complex component
502444,ACER3,alkaline ceramidase 3
504476,RFC1,replication factor C subunit 1
504523,LAT,linker for activation of T cells
504530,MSN,moesin
505208,HTRA2,HtrA serine peptidase 2
505216,TIMM50,translocase of inner mitochondrial membrane 50
505227,GINS1,GINS complex subunit 1
505237,OTUD6B,OTU deubiquitinase 6B
505242,SLC30A9,solute carrier family 30 member 9
505248,VPS33A,VPS33A core subunit of CORVET and HOPS complexes
505652,CDKL5,cyclin dependent kinase like 5
506307,CENPF,centromere protein F
506334,SGPL1,sphingosine-1-phosphate lyase 1
506353,SELENOI,selenoprotein I
506358,YY1,YY1 transcription factor
508093,MECR,mitochondrial trans-2-enoyl-CoA reductase
508476,HYAL2,hyaluronidase 2
508488,PUF60,poly(U) binding splicing factor 60
508498,PUF60,poly(U) binding splicing factor 60
508501,IFT57,intraflagellar transport 57
508512,TOP3A,DNA topoisomerase III alpha
508512,RMI2,RecQ mediated genome instability 2
508523,DNAJC12,DnaJ heat shock protein family (Hsp40) member C12
508529,KLHL24,kelch like family member 24
508533,EXTL3,exostosin like glycosyltransferase 3
508542,MYSM1,"Myb like, SWIRM and MPN domains 1"
512017,STAT3,signal transducer and activator of transcription 3
512103,KRT10,keratin 10
512260,RNU12,"RNA, U12 small nuclear"
513436,ATP13A2,ATPase cation transporting 13A2
513456,WDR26,WD repeat domain 26
519388,CPAMD8,C3 and PZP like alpha-2-macroglobulin domain containing 8
521258,STAG2,STAG2 cohesin complex component
521305,CHKB,choline kinase beta
521390,KIDINS220,kinase D interacting substrate 220
521406,SLC39A14,solute carrier family 39 member 14
521411,SCO2,synthesis of cytochrome C oxidase 2
521414,ATP1A1,ATPase Na+/K+ transporting subunit alpha 1
521426,PLAA,phospholipase A2 activating protein
521432,CYP51A1,cytochrome P450 family 51 subfamily A member 1
521438,NADSYN1,NAD synthetase 1
521438,HAAO,"3-hydroxyanthranilate 3,4-dioxygenase"
521438,KYNU,kynureninase
521445,ADAMTSL1,ADAMTS like 1
521450,LAMA5,laminin subunit alpha 5
522077,SYT1,synaptotagmin 1
527450,GZF1,GDNF inducible zinc finger protein 1
527468,HLX,H2.0 like homeobox
527497,NKX6-2,NK6 homeobox 2
528084,ZMIZ1,zinc finger MIZ-type containing 1
528084,TBR1,T-box brain transcription factor 1
528084,SCAF4,SR-related CTD associated factor 4
528084,CCDC32,coiled-coil domain containing 32
528084,PPP2CA,protein phosphatase 2 catalytic subunit alpha
528084,CDK8,cyclin dependent kinase 8
528084,EIF4A2,eukaryotic translation initiation factor 4A2
528084,ZMYM2,zinc finger MYM-type containing 2
528084,ZMYND11,zinc finger MYND-type containing 11
528084,TAF4,TATA-box binding protein associated factor 4
528084,TMEM222,transmembrane protein 222
528084,CNOT3,CCR4-NOT transcription complex subunit 3
528084,FBXW11,F-box and WD repeat domain containing 11
528084,MAN2C1,mannosidase alpha class 2C member 1
528084,EIF5A,eukaryotic translation initiation factor 5A
528084,CSNK2A1,casein kinase 2 alpha 1
528084,TNRC6B,trinucleotide repeat containing adaptor 6B
528084,GNB2,G protein subunit beta 2
528084,ANKRD17,ankyrin repeat domain 17
528084,KAT8,lysine acetyltransferase 8
528084,PALS1,"protein associated with LIN7 1, MAGUK p55 family member"
528084,TIAM1,TIAM Rac1 associated GEF 1
528084,EMC10,ER membrane protein complex subunit 10
528084,MED27,mediator complex subunit 27
528084,GRIA4,glutamate ionotropic receptor AMPA type subunit 4
528084,EDEM3,ER degradation enhancing alpha-mannosidase like protein 3
528084,CACNA1C,calcium voltage-gated channel subunit alpha1 C
528084,MAPK8IP3,mitogen-activated protein kinase 8 interacting protein 3
528084,NAA15,"N-alpha-acetyltransferase 15, NatA auxiliary subunit"
528084,CUL3,cullin 3
528084,MED13,mediator complex subunit 13
528084,NRCAM,neuronal cell adhesion molecule
528084,OTUD5,OTU deubiquitinase 5
528084,RNF2,ring finger protein 2
528084,BRWD3,bromodomain and WD repeat domain containing 3
528084,EBF3,EBF transcription factor 3
528084,HPDL,4-hydroxyphenylpyruvate dioxygenase like
528084,FAM50A,family with sequence similarity 50 member A
528084,RLIM,"ring finger protein, LIM domain interacting"
528084,SRCAP,Snf2 related CREBBP activator protein
528084,SIAH1,siah E3 ubiquitin protein ligase 1
528084,ZNF142,zinc finger protein 142
528084,ATP9A,ATPase phospholipid transporting 9A (putative)
528084,PSMD12,"proteasome 26S subunit, non-ATPase 12"
528084,DOCK3,dedicator of cytokinesis 3
528084,H4C3,H4 clustered histone 3
528084,TRIP12,thyroid hormone receptor interactor 12
528084,WASF1,WASP family member 1
528084,RORA,RAR related orphan receptor A
528084,DPYSL5,dihydropyrimidinase like 5
528084,ACTL6A,actin like 6A
528084,ACTL6B,actin like 6B
528084,KMT2B,lysine methyltransferase 2B
528084,CHD5,chromodomain helicase DNA binding protein 5
528084,DLG4,discs large MAGUK scaffold protein 4
528084,WARS1,tryptophanyl-tRNA synthetase 1
528084,DDX6,DEAD-box helicase 6
528084,PTPN23,protein tyrosine phosphatase non-receptor type 23
528084,ZNF699,zinc finger protein 699
528084,KMT2E,lysine methyltransferase 2E (inactive)
528084,BCORL1,BCL6 corepressor like 1
528084,HTT,huntingtin
528084,RAC3,Rac family small GTPase 3
528084,ATP6V0A1,ATPase H+ transporting V0 subunit a1
528084,PCDHGC4,"protocadherin gamma subfamily C, 4"
528084,KDM4B,lysine demethylase 4B
528084,TANC2,"tetratricopeptide repeat, ankyrin repeat and coiled-coil containing 2"
528084,TRMT1,tRNA methyltransferase 1
528084,CPSF3,cleavage and polyadenylation specific factor 3
528084,CTR9,"CTR9 homolog, Paf1/RNA polymerase II complex component"
528084,BCAS3,BCAS3 microtubule associated cell migration factor
528084,RALA,RAS like proto-oncogene A
528084,PUS7,pseudouridine synthase 7
528084,PRPF8,pre-mRNA processing factor 8
528084,DOHH,deoxyhypusine hydroxylase
528084,PLXNA1,plexin A1
528084,SYNCRIP,synaptotagmin binding cytoplasmic RNA interacting protein
528084,LMBRD2,LMBR1 domain containing 2
528084,WDFY3,WD repeat and FYVE domain containing 3
528084,HNRNPC,heterogeneous nuclear ribonucleoprotein C
528084,CLCN3,chloride voltage-gated channel 3
528084,AP1G1,adaptor related protein complex 1 subunit gamma 1
528084,TRAPPC4,trafficking protein particle complex subunit 4
528084,CERT1,ceramide transporter 1
528084,ADGRL1,adhesion G protein-coupled receptor L1
528084,NOVA2,NOVA alternative splicing regulator 2
528084,ZNF526,zinc finger protein 526
528084,TCF20,transcription factor 20
528084,JARID2,jumonji and AT-rich interaction domain containing 2
528084,BAP1,BRCA1 associated deubiquitinase 1
528084,UBR7,ubiquitin protein ligase E3 component n-recognin 7
528084,ATP2B1,ATPase plasma membrane Ca2+ transporting 1
528084,HUWE1,"HECT, UBA and WWE domain containing E3 ubiquitin protein ligase 1"
528084,AGO2,"argonaute 2, RISC catalytic component"
528084,TCF7L2,transcription factor 7 like 2
528084,H4C9,H4 clustered histone 9
528084,CAPRIN1,cell cycle associated protein 1
528084,H4C5,H4 clustered histone 5
528084,NTNG2,netrin G2
528084,NTNG1,netrin G1
528084,SETD1A,"SET domain containing 1A, histone lysine methyltransferase"
528084,AGO1,argonaute RISC component 1
528084,PGM2L1,phosphoglucomutase 2 like 1
528084,SVBP,small vasohibin binding protein
528084,HS2ST1,heparan sulfate 2-O-sulfotransferase 1
528084,MADD,MAP kinase activating death domain
528084,SETBP1,SET binding protein 1
528084,SPTBN1,"spectrin beta, non-erythrocytic 1"
528091,LARS2,"leucyl-tRNA synthetase 2, mitochondrial"
528105,CLDN10,claudin 10
529574,MAFB,MAF bZIP transcription factor B
529665,GPAA1,glycosylphosphatidylinositol anchor attachment 1
529831,CYP2A6,cytochrome P450 family 2 subfamily A member 6
529962,PSMD12,"proteasome 26S subunit, non-ATPase 12"
529962,BPTF,bromodomain PHD finger transcription factor
529965,CHD1,chromodomain helicase DNA binding protein 1
529970,PMFBP1,polyamine modulated factor 1 binding protein 1
529970,SUN5,Sad1 and UNC84 domain containing 5
529977,RIPK1,receptor interacting serine/threonine kinase 1
529980,NFAT5,nuclear factor of activated T cells 5
530303,SERPINI1,serpin family I member 1
530792,RELA,"RELA proto-oncogene, NF-kB subunit"
530792,ZFTA,zinc finger translocation associated
530838,KRT1,keratin 1
530849,APOA5,apolipoprotein A5
535453,LMF1,lipase maturation factor 1
535458,GPIHBP1,glycosylphosphatidylinositol anchored high density lipoprotein binding protein 1
536467,B3GALT6,"beta-1,3-galactosyltransferase 6"
536516,COL12A1,collagen type XII alpha 1 chain
536532,AEBP1,AE binding protein 1
537072,PLG,plasminogen
538574,MPZ,myelin protein zero
538574,KRT1,keratin 1
538863,PTPN6,protein tyrosine phosphatase non-receptor type 6
538866,PTPN6,protein tyrosine phosphatase non-receptor type 6
538869,PTPN6,protein tyrosine phosphatase non-receptor type 6
538872,PTPN6,protein tyrosine phosphatase non-receptor type 6
538931,SH2D1A,SH2 domain containing 1A
538934,XIAP,X-linked inhibitor of apoptosis
538958,CD70,CD70 molecule
538963,ITK,IL2 inducible T cell kinase
541423,IARS1,isoleucyl-tRNA synthetase 1
542301,CARMIL2,capping protein regulator and myosin 1 linker 2
542306,GNB5,G protein subunit beta 5
542310,SNORD118,"small nucleolar RNA, C/D box 118"
542585,FDXR,ferredoxin reductase
542657,CA12,carbonic anhydrase 12
543470,FDXR,ferredoxin reductase
544254,SYNGAP1,synaptic Ras GTPase activating protein 1
544469,PRUNE1,prune exopolyphosphatase 1
544472,THBD,thrombomodulin
544472,CFI,complement factor I
544472,CFH,complement factor H
544472,CD46,CD46 molecule
544472,CFB,complement factor B
544472,C3,complement C3
544488,ODC1,ornithine decarboxylase 1
544503,RNF13,ring finger protein 13
544602,MYL1,myosin light chain 1
544628,HNF4A,hepatocyte nuclear factor 4 alpha
555402,NAXD,NAD(P)HX dehydratase
555407,NAXE,NAD(P)HX epimerase
555877,FLNA,filamin A
556030,CYP11B2,cytochrome P450 family 11 subfamily B member 2
556955,CNOT1,CCR4-NOT transcription complex subunit 1
556985,CSF1R,colony stimulating factor 1 receptor
557003,PIK3C2A,phosphatidylinositol-4-phosphate 3-kinase catalytic subunit type 2 alpha
557056,GLS,glutaminase
557064,GLS,glutaminase
562509,HMOX1,heme oxygenase 1
562528,NALCN,"sodium leak channel, non-selective"
562538,SELENBP1,selenium binding protein 1
562559,SOBP,sine oculis binding protein homolog
562569,TMEM94,transmembrane protein 94
563609,MTHFR,methylenetetrahydrofolate reductase
563609,VANGL2,VANGL planar cell polarity protein 2
563609,NUAK2,NUAK family kinase 2
563612,MTHFR,methylenetetrahydrofolate reductase
563612,VANGL2,VANGL planar cell polarity protein 2
563708,SPINT2,"serine peptidase inhibitor, Kunitz type 2"
564178,ATP1A1,ATPase Na+/K+ transporting subunit alpha 1
565612,PNPLA2,patatin like phospholipase domain containing 2
565624,GFM2,GTP dependent ribosome recycling factor mitochondrial 2
565788,TGFB1,transforming growth factor beta 1
565858,PPP3CA,protein phosphatase 3 catalytic subunit alpha
565909,CAPN3,calpain 3
566067,CEBPE,CCAAT enhancer binding protein epsilon
566175,CD55,CD55 molecule (Cromer blood group)
566192,FYB1,FYN binding protein 1
566231,THRA,thyroid hormone receptor alpha
566243,THRB,thyroid hormone receptor beta
566393,KIT,"KIT proto-oncogene, receptor tyrosine kinase"
566396,KIT,"KIT proto-oncogene, receptor tyrosine kinase"
567502,TOP2B,DNA topoisomerase II beta
568062,PIEZO1,piezo type mechanosensitive ion channel component 1 (Er blood group)
568065,EPHB4,EPH receptor B4
569248,CTNNB1,catenin beta 1
569274,ISCA1,iron-sulfur cluster assembly 1
569290,PMPCB,"peptidase, mitochondrial processing subunit beta"
569816,CELSR1,cadherin EGF LAG seven-pass G-type receptor 1
569821,VEGFC,vascular endothelial growth factor C
570371,MAGED2,MAGE family member D2
570422,GALM,galactose mutarotase
570491,QRSL1,glutaminyl-tRNA amidotransferase subunit QRSL1
572013,CEP85L,centrosomal protein 85 like
572013,MACF1,microtubule actin crosslinking factor 1
572333,FOXL2,forkhead box L2
572354,FOXL2,forkhead box L2
572361,FOXL2,forkhead box L2
572385,ROR2,receptor tyrosine kinase like orphan receptor 2
572428,OAS1,2'-5'-oligoadenylate synthetase 1
572543,SLC52A2,solute carrier family 52 member 2
572550,SLC52A3,solute carrier family 52 member 3
572768,DONSON,DNA replication fork stabilization factor DONSON
572773,DONSON,DNA replication fork stabilization factor DONSON
572798,WARS2,"tryptophanyl tRNA synthetase 2, mitochondrial"
574918,IRF7,interferon regulatory factor 7
574957,JAK1,Janus kinase 1
575553,CTSA,cathepsin A
576227,MEF2C,myocyte enhancer factor 2C
576232,GATA4,GATA binding protein 4
576235,CRELD1,cysteine rich with EGF like domains 1
576283,SATB2,SATB homeobox 2
576349,NLRC4,NLR family CARD domain containing 4
580933,SIRT6,sirtuin 6
580940,QRICH1,glutamine rich 1
581271,TRPA1,transient receptor potential cation channel subfamily A member 1
583602,PSAT1,phosphoserine aminotransferase 1
583607,PHGDH,phosphoglycerate dehydrogenase
583612,PSPH,phosphoserine phosphatase
585877,PDGFRA,platelet derived growth factor receptor alpha
585877,FOXP1,forkhead box P1
585909,IKZF1,IKAROS family zinc finger 1
585909,TP53,tumor protein p53
585909,FLT3,fms related receptor tyrosine kinase 3
585909,ABL1,"ABL proto-oncogene 1, non-receptor tyrosine kinase"
585909,BCR,BCR activator of RhoGEF and GTPase
585909,HLA-C,"major histocompatibility complex, class I, C"
585909,CDKN2A,cyclin dependent kinase inhibitor 2A
585918,KMT2A,lysine methyltransferase 2A
585929,ETV6,ETS variant transcription factor 6
585936,PIP4K2A,phosphatidylinositol-5-phosphate 4-kinase type 2 alpha
585936,GATA3,GATA binding protein 3
585948,IGH,immunoglobulin heavy locus
585956,PBX1,PBX homeobox 1
585956,TCF3,transcription factor 3
589435,PLCB3,phospholipase C beta 3
589442,PISD,phosphatidylserine decarboxylase
589515,PUM1,pumilio RNA binding family member 1
589522,PLD3,phospholipase D family member 3
589527,FAT2,FAT atypical cadherin 2
589534,KMT2A,lysine methyltransferase 2A
589534,FLT3,fms related receptor tyrosine kinase 3
589547,GRIN2B,glutamate ionotropic receptor NMDA type subunit 2B
589595,AFF1,ALF transcription elongation factor 1
589595,KMT2A,lysine methyltransferase 2A
589595,FLT3,fms related receptor tyrosine kinase 3
589608,RHOA,ras homolog family member A
589618,KMT2B,lysine methyltransferase 2B
589821,DMPK,DM1 protein kinase
589824,DMPK,DM1 protein kinase
589827,DMPK,DM1 protein kinase
589830,DMPK,DM1 protein kinase
589833,DMPK,DM1 protein kinase
589856,KMT2D,lysine methyltransferase 2D
589905,PHIP,pleckstrin homology domain interacting protein
592564,GNAO1,G protein subunit alpha o1
592570,TRAF7,TNF receptor associated factor 7
592574,CREBBP,CREB binding protein
595098,CACNA1C,calcium voltage-gated channel subunit alpha1 C
595105,CACNA1C,calcium voltage-gated channel subunit alpha1 C
595109,CACNA1C,calcium voltage-gated channel subunit alpha1 C
596008,FGFR2,fibroblast growth factor receptor 2
596753,UBA1,ubiquitin like modifier activating enzyme 1
596759,RELA,"RELA proto-oncogene, NF-kB subunit"
597201,TRIM22,tripartite motif containing 22
597623,IRF2BPL,interferon regulatory factor 2 binding protein like
597733,DCT,dopachrome tautomerase
597738,SETD2,"SET domain containing 2, histone lysine methyltransferase"
597743,SETD2,"SET domain containing 2, histone lysine methyltransferase"
597874,MTHFS,methenyltetrahydrofolate synthetase
597887,ALPI,"alkaline phosphatase, intestinal"
597939,TTR,transthyretin
598164,FOXG1,forkhead box G1
598603,KCNK4,potassium two pore domain channel subfamily K member 4
599082,CHD3,chromodomain helicase DNA binding protein 3
599373,STXBP1,syntaxin binding protein 1
599376,PLP1,proteolipid protein 1
599418,ANGPT1,angiopoietin 1
599418,HS3ST6,heparan sulfate-glucosamine 3-sulfotransferase 6
599418,MYOF,myoferlin
599418,KNG1,kininogen 1
599579,F5,coagulation factor V
600194,F5,coagulation factor V
600663,NRXN1,neurexin 1
600668,CCNK,cyclin K
603448,VPS4A,vacuolar protein sorting 4 homolog A
603684,KLHL7,kelch like family member 7
603689,KLHL7,kelch like family member 7
603694,KLHL7,kelch like family member 7
610569,BLTP1,bridge-like lipid transfer protein family member 1
610573,CLCN6,chloride voltage-gated channel 6
611201,CAPN15,calpain 15
615938,FAR1,fatty acyl-CoA reductase 1
615983,ATAD3A,ATPase family AAA domain containing 3A
615986,ATAD3A,ATPase family AAA domain containing 3A
617919,F12,coagulation factor XII
619233,BCL11A,BCL11 transcription factor A
619363,CDC42,cell division cycle 42
619367,SAMD9L,sterile alpha motif domain containing 9 like
619941,MRTFA,myocardin related transcription factor A
619948,SOCS1,suppressor of cytokine signaling 1
619953,NCKAP1L,NCK associated protein 1 like
619972,CARD11,caspase recruitment domain family member 11
619979,NFE2L2,NFE2 like bZIP transcription factor 2
620158,FUZ,fuzzy planar cell polarity protein
620220,KCNJ1,potassium inwardly rectifying channel subfamily J member 1
620363,CNNM2,cyclin and CBS domain divalent metal cation transport mediator 2
620368,EGF,epidermal growth factor
620371,MT-TF,mitochondrially encoded tRNA-Phe (UUU/C)
620371,MT-TI,mitochondrially encoded tRNA-Ile (AUU/C)
621758,NHLRC2,NHL repeat containing 2
622925,BGN,biglycan
622934,SBDS,SBDS ribosome maturation factor
623695,MIR140,microRNA 140
631068,UBAP1,ubiquitin associated protein 1
631073,PCYT2,"phosphate cytidylyltransferase 2, ethanolamine"
631076,HPDL,4-hydroxyphenylpyruvate dioxygenase like
631079,PI4KA,phosphatidylinositol 4-kinase alpha
631082,RNF170,ring finger protein 170
631085,ABHD16A,"abhydrolase domain containing 16A, phospholipase"
631088,TMEM63C,transmembrane protein 63C
631095,GRM1,glutamate metabotropic receptor 1
631103,STUB1,STIP1 homology and U-box containing protein 1
631106,SAMD9L,sterile alpha motif domain containing 9 like
631248,ACOX1,acyl-CoA oxidase 1
632603,AFF3,ALF transcription elongation factor 3
633004,KDM3B,lysine demethylase 3B
633021,SLC12A2,solute carrier family 12 member 2
633024,SLC12A2,solute carrier family 12 member 2
633028,CPE,carboxypeptidase E
633035,COPB1,COPI coat complex subunit beta 1
636941,COL3A1,collagen type III alpha 1 chain
636965,MYH7,myosin heavy chain 7
636970,MYH7,myosin heavy chain 7
637013,SMARCA2,"SWI/SNF related, matrix associated, actin dependent regulator of chromatin, subfamily a, member 2"
641353,HPDL,4-hydroxyphenylpyruvate dioxygenase like
641361,EXOSC5,exosome component 5
641368,ZNF341,zinc finger protein 341
641372,AUTS2,activator of transcription and developmental regulator AUTS2
641372,PAX5,paired box 5
641375,TCF3,transcription factor 3
641375,HLF,"HLF transcription factor, PAR bZIP family member"
642085,EXOC6B,exocyst complex component 6B
642099,B3GALT6,"beta-1,3-galactosyltransferase 6"
642671,CACNA1H,calcium voltage-gated channel subunit alpha1 H
642675,CHD8,chromodomain helicase DNA binding protein 8
642691,FMR1,fragile X messenger ribonucleoprotein 1
642747,PUM1,pumilio RNA binding family member 1
642763,H1-4,"H1.4 linker histone, cluster member"
642945,CLPP,caseinolytic mitochondrial matrix peptidase proteolytic subunit
642945,LARS2,"leucyl-tRNA synthetase 2, mitochondrial"
642945,RMND1,required for meiotic nuclear division 1 homolog
642945,HSD17B4,hydroxysteroid 17-beta dehydrogenase 4
642945,TWNK,twinkle mtDNA helicase
642945,ERAL1,Era like 12S mitochondrial rRNA chaperone 1
642945,HARS2,"histidyl-tRNA synthetase 2, mitochondrial"
642945,GGPS1,geranylgeranyl diphosphate synthase 1
642954,PEX16,peroxisomal biogenesis factor 16
642965,PEX2,peroxisomal biogenesis factor 2
642976,LARS2,"leucyl-tRNA synthetase 2, mitochondrial"
642976,TWNK,twinkle mtDNA helicase
642976,HSD17B4,hydroxysteroid 17-beta dehydrogenase 4
642976,CLPP,caseinolytic mitochondrial matrix peptidase proteolytic subunit
642976,HARS2,"histidyl-tRNA synthetase 2, mitochondrial"
642976,GGPS1,geranylgeranyl diphosphate synthase 1
642976,RMND1,required for meiotic nuclear division 1 homolog
642976,ERAL1,Era like 12S mitochondrial rRNA chaperone 1
643503,ABL1,"ABL proto-oncogene 1, non-receptor tyrosine kinase"
643538,USP7,ubiquitin specific peptidase 7
646098,COL6A2,collagen type VI alpha 2 chain
646098,COL6A3,collagen type VI alpha 3 chain
646098,COL6A1,collagen type VI alpha 1 chain
646113,COL6A2,collagen type VI alpha 2 chain
646113,COL6A3,collagen type VI alpha 3 chain
646113,COL6A1,collagen type VI alpha 1 chain
646278,CDK13,cyclin dependent kinase 13
647667,MTX2,metaxin 2
647676,CANT1,calcium activated nucleotidase 1
647681,ERF,ETS2 repressor factor
647788,DHX30,DExH-box helicase 30
647799,MYT1L,myelin transcription factor 1 like
647804,FCHO1,FCH and mu domain containing endocytic adaptor 1
647811,MYRF,myelin regulatory factor
647815,NLRP3,NLR family pyrin domain containing 3
647834,SLC40A1,solute carrier family 40 member 1
648562,SLC40A1,solute carrier family 40 member 1
648581,HAMP,hepcidin antimicrobial peptide
648581,TFR2,transferrin receptor 2
648581,HJV,hemojuvelin BMP co-receptor
648581,HFE,homeostatic iron regulator
650077,MKRN3,makorin ring finger protein 3
650077,DLK1,delta like non-canonical Notch ligand 1
650077,KISS1R,KISS1 receptor
650097,KISS1,KiSS-1 metastasis suppressor
650097,KISS1R,KISS1 receptor
650097,DLK1,delta like non-canonical Notch ligand 1
650097,MKRN3,makorin ring finger protein 3
652487,SRRM2,serine/arginine repetitive matrix 2
652522,WDR1,WD repeat domain 1
652532,KARS1,lysyl-tRNA synthetase 1
653709,CFAP410,cilia and flagella associated protein 410
653712,CHD4,chromodomain helicase DNA binding protein 4
653722,COL4A3,collagen type IV alpha 3 chain
653722,COL4A4,collagen type IV alpha 4 chain
653722,COL4A5,collagen type IV alpha 5 chain
653725,HMGCR,3-hydroxy-3-methylglutaryl-CoA reductase
653728,ZFHX2,zinc finger homeobox 2
653751,SASH3,SAM and SH3 domain containing 3
653767,PPM1D,"protein phosphatase, Mg2+/Mn2+ dependent 1D"
653880,ECHS1,"enoyl-CoA hydratase, short chain 1"
656130,PBX1,PBX homeobox 1
656135,POU3F3,POU class 3 homeobox 3
656279,ATAD3C,ATPase family AAA domain containing 3C
656279,ATAD3B,ATPase family AAA domain containing 3B
656279,ATAD3A,ATPase family AAA domain containing 3A
656283,IL6ST,interleukin 6 cytokine family signal transducer
656300,IL6ST,interleukin 6 cytokine family signal transducer
656313,IL6ST,interleukin 6 cytokine family signal transducer
656326,IL6R,interleukin 6 receptor
656912,ERBIN,erbb2 interacting protein
658778,COQ7,"coenzyme Q7, hydroxylase"
658813,MTHFD1,"methylenetetrahydrofolate dehydrogenase, cyclohydrolase and formyltetrahydrofolate synthetase 1"
658946,DOCK11,dedicator of cytokinesis 11
658951,DOCK11,dedicator of cytokinesis 11
659387,EED,embryonic ectoderm development
659387,SUZ12,SUZ12 polycomb repressive complex 2 subunit
659387,EZH2,enhancer of zeste 2 polycomb repressive complex 2 subunit
659396,EED,embryonic ectoderm development
659463,SUZ12,SUZ12 polycomb repressive complex 2 subunit
659609,RAC3,Rac family small GTPase 3
659672,CPOX,coproporphyrinogen oxidase
659702,ARCN1,archain 1
659873,LEMD2,LEM domain nuclear envelope protein 2
659904,PRR12,proline rich 12
659975,AFG2B,AFG2 AAA ATPase homolog B
660012,NR4A2,nuclear receptor subfamily 4 group A member 2
660021,AMOTL1,angiomotin like 1
662169,SHANK3,SH3 and multiple ankyrin repeat domains 3
662172,SHANK3,SH3 and multiple ankyrin repeat domains 3
662175,SPOP,speckle type BTB/POZ protein
662179,SPOP,speckle type BTB/POZ protein
662184,INPP5K,inositol polyphosphate-5-phosphatase K
662189,HNRNPR,heterogeneous nuclear ribonucleoprotein R
662198,HNRNPH2,heterogeneous nuclear ribonucleoprotein H2
662207,HNRNPH1,heterogeneous nuclear ribonucleoprotein H1
662216,ARSK,arylsulfatase family member K
662234,SPEN,spen family transcriptional repressor
662367,KIF1A,kinesin family member 1A
662762,ARPC4,actin related protein 2/3 complex subunit 4
662829,BCL11B,BCL11 transcription factor B
664401,TAB2,TGF-beta activated kinase 1 (MAP3K7) binding protein 2
664404,TAB2,TGF-beta activated kinase 1 (MAP3K7) binding protein 2
664416,MEF2C,myocyte enhancer factor 2C
664430,SLC4A10,solute carrier family 4 member 10
664438,KCNMA1,potassium calcium-activated channel subfamily M alpha 1
664500,AP3B1,adaptor related protein complex 3 subunit beta 1
664511,AP3D1,adaptor related protein complex 3 subunit delta 1
664699,RASGRP1,RAS guanyl releasing protein 1
664711,PRKCD,protein kinase C delta
664726,TNFRSF9,TNF receptor superfamily member 9
664729,TET2,tet methylcytosine dioxygenase 2
667662,JAK1,Janus kinase 1
667662,STAT3,signal transducer and activator of transcription 3
667662,JAK2,Janus kinase 2
673556,ACTB,actin beta
673556,SERPINE1,serpin family E member 1
673556,WWTR1,WW domain containing transcription regulator 1
673556,FOSB,"FosB proto-oncogene, AP-1 transcription factor subunit"
674653,ACTB,actin beta
674762,TNFAIP3,TNF alpha induced protein 3
675216,FGF14,fibroblast growth factor 14
675359,GNAQ,G protein subunit alpha q
675359,GNA14,G protein subunit alpha 14
675359,GNA11,G protein subunit alpha 11
675396,ZFP36L2,ZFP36 ring finger protein like 2
675396,FOS,"Fos proto-oncogene, AP-1 transcription factor subunit"
675396,VIM,vimentin
675396,FOSB,"FosB proto-oncogene, AP-1 transcription factor subunit"
675396,LMNA,lamin A/C
675628,TLR8,toll like receptor 8
675767,SRP54,signal recognition particle 54
675775,RBSN,"rabenosyn, RAB effector"
675782,RBSN,"rabenosyn, RAB effector"
676039,FOXN1,forkhead box N1
676125,ELF4,E74 like ETS transcription factor 4
684216,TET3,tet methylcytosine dioxygenase 3
684226,KMT5B,lysine methyltransferase 5B
684232,SATB1,SATB homeobox 1
684240,YIF1B,"Yip1 interacting factor homolog B, membrane trafficking protein"
684247,GHRHR,growth hormone releasing hormone receptor
684305,WDR37,WD repeat domain 37
684742,TMEM87B,transmembrane protein 87B
684742,FBLN7,fibulin 7
685017,TBX1,T-box transcription factor 1
685067,TSPEAR,thrombospondin type laminin G domain and EAR repeats
685082,ABCA3,ATP binding cassette subfamily A member 3
685082,SFTPB,surfactant protein B
685082,SFTPC,surfactant protein C
686447,IFNG,interferon gamma
686447,IRF1,interferon regulatory factor 1
686482,BPTF,bromodomain PHD finger transcription factor
686488,RNU4-2,"RNA, U4 small nuclear 2"
686495,MADD,MAP kinase activating death domain
686999,PLAAT3,phospholipase A and acyltransferase 3
687424,ZMYND11,zinc finger MYND-type containing 11
688581,AMMECR1,AMMECR nuclear protein 1
688594,RELB,"RELB proto-oncogene, NF-kB subunit"
688642,PCGF2,polycomb group ring finger 2
689021,ANO5,anoctamin 5
689231,IFIH1,interferon induced with helicase C domain 1
689234,RNASEH2B,ribonuclease H2 subunit B
689397,CSNK2B,casein kinase 2 beta
689408,ASXL2,ASXL transcriptional regulator 2
689430,CTNNB1,catenin beta 1
