ORPHAcode,nombre_enfermedad,tipo_enfermedad,edad_media_inicio,tipo_herencia
5,Long chain 3-hydroxyacyl-CoA dehydrogenase deficiency,Disease,"['Infancy', 'Neonatal']",['Autosomal recessive']
6,3-methylcrotonyl-CoA carboxylase deficiency,Disease,['All ages'],['Autosomal recessive']
7,3C syndrome,Malformation syndrome,"['Antenatal', 'Infancy', 'Neonatal']","['Autosomal recessive', 'X-linked recessive']"
8,"47,XYY syndrome",Malformation syndrome,['All ages'],"['Not applicable', 'Unknown']"
9,Tetrasomy X syndrome,Malformation syndrome,"['Infancy', 'Neonatal']",[]
10,"48,XXYY syndrome",Malformation syndrome,"['Adolescent', 'Childhood', 'Infancy', 'Neonatal']","['Not applicable', 'Unknown']"
11,Pentasomy X syndrome,Malformation syndrome,['Neonatal'],[]
13,6-pyruvoyl-tetrahydropterin synthase deficiency,Clinical subtype,"['Infancy', 'Neonatal']",['Autosomal recessive']
14,Abetalipoproteinemia,Disease,"['Childhood', 'Infancy']",['Autosomal recessive']
15,Achondroplasia,Disease,['Neonatal'],['Autosomal dominant']
16,Blue cone monochromatism,Disease,['Infancy'],['X-linked recessive']
17,Fatal infantile lactic acidosis with methylmalonic aciduria,Disease,"['Infancy', 'Neonatal']",['Autosomal recessive']
18,Distal renal tubular acidosis,Disease,['All ages'],"['Autosomal dominant', 'Autosomal recessive', 'Not applicable']"
19,2-hydroxyglutaric aciduria,Clinical group,['Childhood'],"['Autosomal dominant', 'Autosomal recessive']"
20,3-hydroxy-3-methylglutaric aciduria,Disease,['All ages'],['Autosomal recessive']
22,Succinic semialdehyde dehydrogenase deficiency,Disease,"['Childhood', 'Infancy', 'Neonatal']",['Autosomal recessive']
23,Argininosuccinic aciduria,Disease,['All ages'],['Autosomal recessive']
24,Fumaric aciduria,Disease,"['Infancy', 'Neonatal']",['Autosomal recessive']
25,Glutaryl-CoA dehydrogenase deficiency,Disease,"['Infancy', 'Neonatal']",['Autosomal recessive']
26,Methylmalonic acidemia with homocystinuria,Disease,['All ages'],"['Autosomal recessive', 'X-linked recessive']"
27,Vitamin B12-unresponsive methylmalonic acidemia,Disease,"['Childhood', 'Infancy', 'Neonatal']",['Autosomal recessive']
28,Vitamin B12-responsive methylmalonic acidemia,Disease,['Childhood'],['Autosomal recessive']
29,Mevalonic aciduria,Clinical subtype,"['Childhood', 'Infancy', 'Neonatal']",['Autosomal recessive']
30,Hereditary orotic aciduria,Disease,"['Infancy', 'Neonatal']",['Autosomal recessive']
31,Oxoglutaric aciduria,Disease,['Neonatal'],['Autosomal recessive']
32,Glutathione synthetase deficiency,Disease,['Neonatal'],['Autosomal recessive']
33,Isovaleric acidemia,Disease,"['Adolescent', 'Adult', 'Childhood', 'Infancy', 'Neonatal']",['Autosomal recessive']
35,Propionic acidemia,Disease,"['Infancy', 'Neonatal']",['Autosomal recessive']
36,Acrocallosal syndrome,Malformation syndrome,['Neonatal'],['Autosomal recessive']
37,Acrodermatitis enteropathica,Disease,"['Infancy', 'Neonatal']",['Autosomal recessive']
38,Acrokeratoelastoidosis of Costa,Disease,"['Adolescent', 'Adult']","['Autosomal dominant', 'Not applicable']"
39,Acromelanosis,Disease,"['Infancy', 'Neonatal']",['Unknown']
40,"Acromesomelic dysplasia, Maroteaux type",Malformation syndrome,"['Infancy', 'Neonatal']",['Autosomal recessive']
41,Dyschromatosis symmetrica hereditaria,Disease,['Childhood'],['Autosomal dominant']
42,Medium chain acyl-CoA dehydrogenase deficiency,Disease,"['Infancy', 'Neonatal']",['Autosomal recessive']
43,X-linked adrenoleukodystrophy,Disease,"['Adolescent', 'Adult', 'Childhood', 'Elderly']",['X-linked dominant']
44,Neonatal adrenoleukodystrophy,Disease,"['Childhood', 'Infancy', 'Neonatal']",['Autosomal recessive']
45,Adenosine monophosphate deaminase deficiency,Disease,['All ages'],['Autosomal recessive']
46,Adenylosuccinate lyase deficiency,Disease,"['Childhood', 'Infancy', 'Neonatal']",['Autosomal recessive']
47,X-linked agammaglobulinemia,Clinical subtype,['Childhood'],"['Not applicable', 'X-linked recessive']"
48,Congenital bilateral absence of vas deferens,Morphological anomaly,"['Adolescent', 'Adult']",['Multigenic/multifactorial']
49,Penile agenesis,Morphological anomaly,"['Antenatal', 'Neonatal']",[]
50,Aicardi syndrome,Disease,['Neonatal'],['X-linked dominant']
51,Aicardi-Goutières syndrome,Disease,"['Infancy', 'Neonatal']","['Autosomal dominant', 'Autosomal recessive']"
52,Alagille syndrome,Malformation syndrome,['All ages'],['Autosomal dominant']
53,Albers-Schönberg osteopetrosis,Malformation syndrome,['Childhood'],['Autosomal dominant']
54,X-linked recessive ocular albinism,Disease,"['Infancy', 'Neonatal']",['X-linked recessive']
55,Oculocutaneous albinism,Clinical group,['Neonatal'],['Autosomal recessive']
56,Alkaptonuria,Disease,"['Adult', 'Infancy']",['Autosomal recessive']
57,Glycogen storage disease due to aldolase A deficiency,Disease,['Neonatal'],['Autosomal recessive']
58,Alexander disease,Disease,['All ages'],['Autosomal dominant']
59,Allan-Herndon-Dudley syndrome,Disease,"['Infancy', 'Neonatal']",['X-linked recessive']
60,Alpha-1-antitrypsin deficiency,Disease,['All ages'],['Autosomal recessive']
61,Alpha-mannosidosis,Disease,"['Childhood', 'Infancy', 'Neonatal']",['Autosomal recessive']
62,Alpha-sarcoglycan-related limb-girdle muscular dystrophy R3,Disease,"['Adolescent', 'Childhood']",['Autosomal recessive']
63,Alport syndrome,Disease,"['Adolescent', 'Adult', 'Childhood', 'Elderly']","['Autosomal dominant', 'Autosomal recessive', 'X-linked dominant']"
64,Alström syndrome,Disease,"['Adolescent', 'Adult', 'Childhood', 'Infancy', 'Neonatal']",['Autosomal recessive']
65,Leber congenital amaurosis,Disease,"['Infancy', 'Neonatal']","['Autosomal dominant', 'Autosomal recessive']"
67,Amoebiasis due to Entamoeba histolytica,Disease,['All ages'],['Not applicable']
68,Amoebiasis due to free-living amoebae,Disease,['All ages'],['Not applicable']
69,Amyloidosis,Category,['All ages'],[]
70,Proximal spinal muscular atrophy,Disease,['All ages'],['Autosomal recessive']
71,Chylomicron retention disease,Disease,"['Childhood', 'Infancy']",['Autosomal recessive']
72,Angelman syndrome,Malformation syndrome,['Infancy'],"['Not applicable', 'Unknown']"
73,Gorham-Stout disease,Malformation syndrome,['All ages'],['Not applicable']
74,Angiostrongyliasis,Disease,['All ages'],['Not applicable']
76,Strongyloidiasis,Disease,['All ages'],['Not applicable']
78,Ankylostomiasis,Disease,['All ages'],['Not applicable']
79,Congenital alpha2-antiplasmin deficiency,Disease,['Childhood'],['Autosomal recessive']
81,Antisynthetase syndrome,Disease,"['Adult', 'Elderly']",['Not applicable']
82,Hereditary thrombophilia due to congenital antithrombin deficiency,Disease,"['Adolescent', 'Adult']",['Autosomal dominant']
83,Antley-Bixler syndrome,Malformation syndrome,"['Antenatal', 'Neonatal']","['Autosomal dominant', 'Autosomal recessive']"
84,Fanconi anemia,Malformation syndrome,['Childhood'],"['Autosomal recessive', 'X-linked recessive']"
85,Congenital dyserythropoietic anemia,Clinical group,['Childhood'],"['Autosomal dominant', 'Autosomal recessive', 'X-linked recessive']"
86,Familial abdominal aortic aneurysm,Disease,"['Adult', 'Elderly']",[]
87,Apert syndrome,Malformation syndrome,"['Antenatal', 'Neonatal']",['Autosomal dominant']
88,Idiopathic aplastic anemia,Disease,['Adult'],['Unknown']
90,Argininemia,Disease,"['Childhood', 'Infancy']",['Autosomal recessive']
91,Aromatase deficiency,Disease,['All ages'],['Autosomal recessive']
92,Juvenile idiopathic arthritis,Clinical group,['Childhood'],[]
93,Aspartylglucosaminuria,Disease,['Childhood'],['Autosomal recessive']
94,Astrocytoma,Clinical group,['All ages'],[]
95,Friedreich ataxia,Disease,"['Adolescent', 'Childhood']",['Autosomal recessive']
96,Ataxia with vitamin E deficiency,Disease,['All ages'],['Autosomal recessive']
97,Familial paroxysmal ataxia,Disease,['Childhood'],['Autosomal dominant']
98,Autosomal recessive spastic ataxia of Charlevoix-Saguenay,Disease,"['Adolescent', 'Adult', 'Childhood', 'Infancy']",['Autosomal recessive']
99,Autosomal dominant cerebellar ataxia,Category,['All ages'],['Autosomal dominant']
100,Ataxia-telangiectasia,Disease,"['Childhood', 'Infancy']",['Autosomal recessive']
101,Dentatorubral pallidoluysian atrophy,Disease,['All ages'],['Autosomal dominant']
102,Multiple system atrophy,Disease,['Adult'],"['Multigenic/multifactorial', 'Not applicable']"
104,Leber hereditary optic neuropathy,Disease,"['Adolescent', 'Adult']",['Mitochondrial inheritance']
105,Atresia of urethra,Morphological anomaly,"['Antenatal', 'Neonatal']",['Not applicable']
107,BOR syndrome,Malformation syndrome,"['Childhood', 'Infancy', 'Neonatal']",['Autosomal dominant']
108,Babesiosis,Disease,['All ages'],['Not applicable']
109,Bannayan-Riley-Ruvalcaba syndrome,Malformation syndrome,"['Infancy', 'Neonatal']",['Autosomal dominant']
110,Bardet-Biedl syndrome,Disease,"['Antenatal', 'Childhood', 'Infancy', 'Neonatal']","['Autosomal recessive', 'Oligogenic']"
111,Barth syndrome,Disease,['Childhood'],['X-linked recessive']
112,Bartter syndrome,Disease,"['Adolescent', 'Adult', 'Antenatal', 'Childhood', 'Infancy', 'Neonatal']","['Autosomal dominant', 'Autosomal recessive', 'X-linked recessive']"
113,Bazex-Dupré-Christol syndrome,Disease,"['Infancy', 'Neonatal']",['X-linked dominant']
114,Auriculoosteodysplasia,Malformation syndrome,['Neonatal'],['Autosomal dominant']
115,Congenital contractural arachnodactyly,Malformation syndrome,['Neonatal'],['Autosomal dominant']
116,Beckwith-Wiedemann syndrome,Malformation syndrome,"['Antenatal', 'Neonatal']","['Autosomal dominant', 'Unknown']"
117,Behçet disease,Disease,"['Adolescent', 'Adult', 'Childhood']",['Multigenic/multifactorial']
118,Beta-mannosidosis,Disease,"['Adolescent', 'Adult', 'Childhood', 'Infancy', 'Neonatal']",['Autosomal recessive']
119,Beta-sarcoglycan-related limb-girdle muscular dystrophy R4,Disease,"['Adolescent', 'Childhood']",['Autosomal recessive']
122,Birt-Hogg-Dubé syndrome,Malformation syndrome,"['Adolescent', 'Adult', 'Childhood', 'Elderly']",['Autosomal dominant']
123,Björnstad syndrome,Disease,"['Infancy', 'Neonatal']","['Autosomal dominant', 'Autosomal recessive']"
124,Diamond-Blackfan anemia,Disease,"['Childhood', 'Infancy', 'Neonatal']",['Autosomal dominant']
125,Bloom syndrome,Disease,"['Antenatal', 'Neonatal']",['Autosomal recessive']
126,Blepharophimosis-ptosis-epicanthus inversus syndrome,Malformation syndrome,['Antenatal'],"['Autosomal dominant', 'Not applicable']"
127,Borjeson-Forssman-Lehmann syndrome,Malformation syndrome,['Neonatal'],['X-linked recessive']
128,Diphyllobothriasis,Disease,['All ages'],['Not applicable']
129,Pseudopelade of Brocq,Disease,['Adult'],['Not applicable']
130,Brugada syndrome,Disease,"['Adult', 'Childhood']","['Autosomal dominant', 'Not applicable']"
131,Budd-Chiari syndrome,Disease,['All ages'],['Multigenic/multifactorial']
132,Hereditary butyrylcholinesterase deficiency,Disease,"['Infancy', 'Neonatal']",['Autosomal recessive']
133,Chronic beryllium disease,Disease,['Adult'],['Not applicable']
134,Beta-ketothiolase deficiency,Disease,"['Childhood', 'Infancy', 'Neonatal']",['Autosomal recessive']
135,CACH syndrome,Disease,['Childhood'],['Autosomal recessive']
136,Cerebral autosomal dominant arteriopathy-subcortical infarcts-leukoencephalopathy,Disease,['Adult'],['Autosomal dominant']
137,Congenital disorder of glycosylation,Category,"['Infancy', 'Neonatal']","['Autosomal recessive', 'X-linked recessive']"
138,CHARGE syndrome,Malformation syndrome,['Neonatal'],"['Autosomal dominant', 'Unknown']"
139,CHILD syndrome,Disease,"['Antenatal', 'Infancy', 'Neonatal']",['X-linked dominant']
140,Campomelic dysplasia,Malformation syndrome,"['Antenatal', 'Neonatal']",['Autosomal dominant']
141,Canavan disease,Disease,"['Childhood', 'Infancy', 'Neonatal']",['Autosomal recessive']
142,Anaplastic thyroid carcinoma,Disease,"['Adult', 'Elderly']",['Not applicable']
143,Parathyroid carcinoma,Disease,['Adult'],['Not applicable']
144,Lynch syndrome,Disease,['Adult'],['Autosomal dominant']
145,Hereditary breast and/or ovarian cancer syndrome,Disease,"['Adult', 'Elderly']",['Autosomal dominant']
146,Differentiated thyroid carcinoma,Disease,"['Adolescent', 'Adult', 'Childhood']",['Not applicable']
147,Carbamoyl-phosphate synthetase 1 deficiency,Disease,['All ages'],['Autosomal recessive']
148,Multiple carboxylase deficiency,Clinical group,"['Infancy', 'Neonatal']",['Autosomal recessive']
150,Nasopharyngeal carcinoma,Disease,['All ages'],"['Multigenic/multifactorial', 'Not applicable']"
154,Familial isolated dilated cardiomyopathy,Disease,['All ages'],"['Autosomal dominant', 'Autosomal recessive', 'Mitochondrial inheritance', 'X-linked recessive']"
156,Carnitine palmitoyl transferase 1A deficiency,Disease,"['Infancy', 'Neonatal']",['Autosomal recessive']
157,Carnitine palmitoyltransferase II deficiency,Disease,['All ages'],['Autosomal recessive']
158,Systemic primary carnitine deficiency,Disease,"['Infancy', 'Neonatal']",['Autosomal recessive']
159,Carnitine-acylcarnitine translocase deficiency,Disease,"['Infancy', 'Neonatal']",['Autosomal recessive']
160,Castleman disease,Disease,['All ages'],['Not applicable']
162,Congenital cataract-anterior segment dysgenesis syndrome,Malformation syndrome,"['Infancy', 'Neonatal']",['Autosomal dominant']
163,Hereditary hyperferritinemia-cataract syndrome,Disease,['All ages'],['Autosomal dominant']
165,Neutral lipid storage disease,Clinical group,"['Infancy', 'Neonatal']",['Autosomal recessive']
166,Charcot-Marie-Tooth disease/Hereditary motor and sensory neuropathy,Category,['All ages'],"['Autosomal dominant', 'Autosomal recessive', 'X-linked dominant', 'X-linked recessive']"
167,Chédiak-Higashi syndrome,Disease,['Childhood'],['Autosomal recessive']
168,Loose anagen syndrome,Disease,['Childhood'],['Autosomal dominant']
169,Ringed hair disease,Disease,['Childhood'],"['Autosomal dominant', 'Not applicable']"
170,Woolly hair,Disease,"['Infancy', 'Neonatal']","['Autosomal dominant', 'Autosomal recessive']"
171,Primary sclerosing cholangitis,Disease,"['Adolescent', 'Adult', 'Childhood', 'Elderly']",['Multigenic/multifactorial']
172,Progressive familial intrahepatic cholestasis,Disease,"['Adolescent', 'Childhood', 'Infancy', 'Neonatal']",['Autosomal recessive']
173,Cholera,Disease,['All ages'],['Not applicable']
174,"Metaphyseal chondrodysplasia, Schmid type",Disease,"['Childhood', 'Infancy', 'Neonatal']",['Autosomal dominant']
175,Cartilage-hair hypoplasia,Disease,"['Infancy', 'Neonatal']",['Autosomal recessive']
176,Non-rhizomelic chondrodysplasia punctata,Clinical group,"['Infancy', 'Neonatal']","['Autosomal dominant', 'Autosomal recessive', 'X-linked dominant', 'X-linked recessive']"
177,Rhizomelic chondrodysplasia punctata,Disease,"['Antenatal', 'Neonatal']",['Autosomal recessive']
178,Chordoma,Disease,['Adult'],"['Autosomal dominant', 'Not applicable']"
179,Birdshot chorioretinopathy,Disease,"['Adult', 'Elderly']",['Unknown']
180,Choroideremia,Disease,"['Adolescent', 'Adult', 'Childhood']",['X-linked recessive']
181,X-linked hypohidrotic ectodermal dysplasia,Etiological subtype,"['Childhood', 'Infancy']",['X-linked recessive']
182,Chromomycosis,Disease,['All ages'],['Not applicable']
183,Eosinophilic granulomatosis with polyangiitis,Disease,"['Adolescent', 'Adult', 'Elderly']",['Not applicable']
184,Cherubism,Malformation syndrome,['Childhood'],"['Autosomal dominant', 'Autosomal recessive', 'Not applicable']"
185,Scimitar syndrome,Malformation syndrome,"['Infancy', 'Neonatal']",['Not applicable']
186,Primary biliary cholangitis,Disease,"['Adolescent', 'Adult', 'Elderly']","['Multigenic/multifactorial', 'Unknown']"
187,Citrullinemia,Category,"['Adult', 'Neonatal']",['Autosomal recessive']
188,Systemic capillary leak syndrome,Disease,['Adult'],['Not applicable']
189,Hidrotic ectodermal dysplasia,Disease,['Childhood'],['Autosomal dominant']
190,Coats disease,Disease,['Childhood'],['Not applicable']
191,Cockayne syndrome,Disease,['All ages'],['Autosomal recessive']
192,Coffin-Lowry syndrome,Malformation syndrome,"['Childhood', 'Infancy', 'Neonatal']",['X-linked dominant']
193,Cohen syndrome,Malformation syndrome,"['Antenatal', 'Infancy', 'Neonatal']",['Autosomal recessive']
195,Cat-eye syndrome,Malformation syndrome,"['Antenatal', 'Neonatal']",['Not applicable']
198,Occipital horn syndrome,Disease,"['Childhood', 'Infancy', 'Neonatal']",['X-linked recessive']
199,Cornelia de Lange syndrome,Malformation syndrome,"['Antenatal', 'Neonatal']","['Autosomal dominant', 'Not applicable', 'X-linked recessive']"
200,Isolated corpus callosum agenesis,Morphological anomaly,['Antenatal'],['Not applicable']
201,Cowden syndrome,Disease,['All ages'],['Autosomal dominant']
202,Crandall syndrome,Disease,['No data available'],['Autosomal recessive']
204,Sporadic Creutzfeldt-Jakob disease,Disease,"['Adult', 'Elderly']",['Not applicable']
205,Crigler-Najjar syndrome,Disease,"['Infancy', 'Neonatal']",['Autosomal recessive']
207,Crouzon syndrome,Malformation syndrome,"['Infancy', 'Neonatal']",['Autosomal dominant']
209,Cutis laxa,Clinical group,[],"['Autosomal dominant', 'Autosomal recessive', 'Not applicable', 'X-linked recessive']"
210,Cyclosporiasis,Disease,['All ages'],['Not applicable']
211,Familial cylindromatosis,Clinical subtype,"['Adolescent', 'Adult']",['Autosomal dominant']
212,Cystathioninuria,Disease,['All ages'],['Autosomal recessive']
213,Cystinosis,Disease,"['Adolescent', 'Adult', 'Childhood', 'Infancy']",['Autosomal recessive']
214,Cystinuria,Disease,['All ages'],"['Autosomal recessive', 'Semi-dominant']"
215,Congenital stationary night blindness,Disease,['Neonatal'],"['Autosomal dominant', 'Autosomal recessive', 'X-linked recessive']"
216,Neuronal ceroid lipofuscinosis,Clinical group,['All ages'],"['Autosomal dominant', 'Autosomal recessive']"
217,Isolated Dandy-Walker malformation,Morphological anomaly,"['Antenatal', 'Neonatal']",['Multigenic/multifactorial']
218,Darier disease,Disease,"['Adolescent', 'Adult', 'Childhood']",['Autosomal dominant']
219,Delta-sarcoglycan-related limb-girdle muscular dystrophy R6,Disease,['Childhood'],['Autosomal recessive']
220,Denys-Drash syndrome,Disease,"['Adolescent', 'Childhood', 'Infancy', 'Neonatal']",[]
221,Dermatomyositis,Disease,"['Adult', 'Elderly']",['Not applicable']
222,Erosive pustular dermatosis of the scalp,Disease,"['Adolescent', 'Adult', 'Childhood', 'Elderly']",['Not applicable']
223,Arginine vasopressin resistance,Disease,"['Infancy', 'Neonatal']","['Autosomal dominant', 'Autosomal recessive', 'X-linked recessive']"
224,Neonatal diabetes mellitus,Category,"['Infancy', 'Neonatal']","['Autosomal dominant', 'Autosomal recessive', 'Not applicable']"
226,Dihydropteridine reductase deficiency,Clinical subtype,"['Infancy', 'Neonatal']",['Autosomal recessive']
227,Diphallia,Morphological anomaly,"['Infancy', 'Neonatal']",[]
229,Familial aortic dissection,Disease,['All ages'],[]
230,Dopamine beta-hydroxylase deficiency,Disease,"['Adolescent', 'Adult', 'Childhood', 'Infancy', 'Neonatal']",['Autosomal recessive']
231,Dracunculiasis,Disease,['All ages'],[]
232,Sickle cell anemia,Disease,['All ages'],['Autosomal recessive']
233,Duane retraction syndrome,Malformation syndrome,"['Infancy', 'Neonatal']","['Autosomal dominant', 'Autosomal recessive', 'Not applicable']"
234,Dubin-Johnson syndrome,Disease,"['Adolescent', 'Adult']",['Autosomal recessive']
235,Dubowitz syndrome,Malformation syndrome,"['Antenatal', 'Neonatal']",['Autosomal recessive']
236,Trisomy 9p syndrome,Malformation syndrome,"['Antenatal', 'Neonatal']",[]
237,Duplication of urethra,Morphological anomaly,"['Infancy', 'Neonatal']",[]
239,Dyggve-Melchior-Clausen disease,Disease,['Infancy'],['Autosomal recessive']
240,Léri-Weill dyschondrosteosis,Malformation syndrome,"['Adolescent', 'Antenatal', 'Childhood', 'Infancy', 'Neonatal']",['Autosomal dominant']
241,Dyschromatosis universalis hereditaria,Disease,"['Childhood', 'Infancy']","['Autosomal dominant', 'Autosomal recessive']"
242,"46,XY complete gonadal dysgenesis",Malformation syndrome,"['Adolescent', 'Adult']","['Autosomal dominant', 'Autosomal recessive', 'X-linked recessive', 'Y-linked']"
243,"46,XX gonadal dysgenesis",Malformation syndrome,"['Adolescent', 'Adult']","['Autosomal dominant', 'Autosomal recessive', 'Not applicable', 'X-linked recessive']"
244,Primary ciliary dyskinesia,Disease,['Neonatal'],"['Autosomal dominant', 'Autosomal recessive', 'X-linked recessive']"
245,Nager syndrome,Malformation syndrome,"['Antenatal', 'Neonatal']","['Autosomal dominant', 'Autosomal recessive', 'Not applicable']"
246,Postaxial acrofacial dysostosis,Malformation syndrome,"['Antenatal', 'Neonatal']",['Autosomal recessive']
247,Inherited arrhythmogenic cardiomyopathy,Clinical group,"['Adolescent', 'Adult']","['Autosomal dominant', 'Autosomal recessive']"
248,Autosomal recessive hypohidrotic ectodermal dysplasia,Etiological subtype,"['Infancy', 'Neonatal']",['Autosomal recessive']
249,Fibrous dysplasia of bone,Malformation syndrome,"['Adolescent', 'Adult', 'Childhood']",['Not applicable']
250,Frontonasal dysplasia,Clinical group,"['Antenatal', 'Neonatal']",['Not applicable']
251,Multiple epiphyseal dysplasia,Clinical group,"['Infancy', 'Neonatal']","['Autosomal dominant', 'Autosomal recessive']"
253,Spondyloepiphyseal dysplasia and spondyloepimetaphyseal dysplasia,Clinical group,['All ages'],[]
254,Spondylometaphyseal dysplasia,Clinical group,['Infancy'],"['Autosomal dominant', 'Autosomal recessive', 'X-linked recessive']"
255,Dopa-responsive dystonia,Clinical group,['Childhood'],"['Autosomal dominant', 'Autosomal recessive', 'Not applicable']"
256,Early-onset generalized limb-onset dystonia,Disease,"['Adolescent', 'Adult', 'Childhood']",['Autosomal dominant']
257,Epidermolysis bullosa simplex with muscular dystrophy,Disease,"['Infancy', 'Neonatal']",['Autosomal recessive']
258,Laminin subunit alpha 2-related congenital muscular dystrophy,Malformation syndrome,['Neonatal'],['Autosomal recessive']
261,Emery-Dreifuss muscular dystrophy,Disease,['Childhood'],"['Autosomal dominant', 'Autosomal recessive', 'X-linked recessive']"
262,Duchenne and Becker muscular dystrophy,Clinical group,"['Adolescent', 'Adult', 'Childhood']",['X-linked recessive']
263,Limb-girdle muscular dystrophy,Clinical group,['All ages'],"['Autosomal dominant', 'Autosomal recessive']"
266,Autosomal dominant limb-girdle muscular dystrophy type 1A,Disease,"['Adult', 'Elderly']",['Autosomal dominant']
267,Calpain-3-related limb-girdle muscular dystrophy R1,Disease,"['Adolescent', 'Adult', 'Childhood']",['Autosomal recessive']
268,Dysferlin-related limb-girdle muscular dystrophy R2,Disease,"['Adolescent', 'Adult']",['Autosomal recessive']
269,Facioscapulohumeral dystrophy,Disease,['All ages'],['Autosomal dominant']
270,Oculopharyngeal muscular dystrophy,Disease,"['Adult', 'Elderly']","['Autosomal dominant', 'Autosomal recessive']"
272,"Congenital muscular dystrophy, Fukuyama type",Malformation syndrome,['Infancy'],['Autosomal recessive']
273,Steinert myotonic dystrophy,Disease,"['Adolescent', 'Adult', 'Antenatal', 'Childhood', 'Infancy', 'Neonatal']",['Autosomal dominant']
274,Bernard-Soulier syndrome,Disease,['All ages'],"['Autosomal dominant', 'Autosomal recessive']"
275,Severe combined immunodeficiency due to DCLRE1C deficiency,Disease,"['Infancy', 'Neonatal']",['Autosomal recessive']
276,T-B+ severe combined immunodeficiency due to gamma chain deficiency,Disease,['Neonatal'],['X-linked recessive']
277,Severe combined immunodeficiency due to adenosine deaminase deficiency,Disease,"['Infancy', 'Neonatal']",['Autosomal recessive']
280,Wolf-Hirschhorn syndrome,Malformation syndrome,"['Antenatal', 'Neonatal']","['Multigenic/multifactorial', 'Not applicable']"
281,Monosomy 5p syndrome,Malformation syndrome,['Antenatal'],"['Not applicable', 'Unknown']"
282,Frontotemporal dementia,Clinical group,['Adult'],['Autosomal dominant']
284,Alveolar echinococcosis,Disease,"['Adult', 'Elderly']",['Not applicable']
285,Hypermobile Ehlers-Danlos syndrome,Disease,['All ages'],"['Autosomal dominant', 'Autosomal recessive']"
286,Vascular Ehlers-Danlos syndrome,Disease,"['Infancy', 'Neonatal']","['Autosomal dominant', 'Autosomal recessive']"
287,Classical Ehlers-Danlos syndrome,Disease,"['Childhood', 'Infancy', 'Neonatal']",['Autosomal dominant']
288,Hereditary elliptocytosis,Disease,['All ages'],"['Autosomal dominant', 'Autosomal recessive']"
289,Ellis Van Creveld syndrome,Malformation syndrome,"['Antenatal', 'Neonatal']",['Autosomal recessive']
290,Congenital rubella syndrome,Disease,"['Antenatal', 'Neonatal']",['Not applicable']
291,Congenital varicella syndrome,Disease,"['Antenatal', 'Neonatal']",['Not applicable']
292,Congenital enterovirus infection,Disease,"['Antenatal', 'Neonatal']",['Not applicable']
293,Congenital herpes simplex virus infection,Disease,"['Antenatal', 'Neonatal']",['Not applicable']
294,Fetal cytomegalovirus syndrome,Disease,"['Antenatal', 'Neonatal']",['Not applicable']
295,Fetal parvovirus syndrome,Malformation syndrome,"['Antenatal', 'Neonatal']",['Not applicable']
296,Ollier disease,Disease,"['Adolescent', 'Adult', 'Childhood']",['Not applicable']
297,Tick-borne encephalitis,Disease,['All ages'],['Not applicable']
298,Mitochondrial neurogastrointestinal encephalomyopathy,Disease,"['Adolescent', 'Adult', 'Childhood']",['Autosomal recessive']
300,Bifunctional enzyme deficiency,Disease,['Infancy'],[]
301,Ependymal tumor,Clinical group,['All ages'],[]
302,Inherited epidermodysplasia verruciformis,Disease,['All ages'],['Autosomal recessive']
303,Dystrophic epidermolysis bullosa,Clinical group,"['Infancy', 'Neonatal']","['Autosomal dominant', 'Autosomal recessive']"
304,Epidermolysis bullosa simplex,Clinical group,"['Adolescent', 'Childhood', 'Infancy', 'Neonatal']","['Autosomal dominant', 'Autosomal recessive']"
305,Junctional epidermolysis bullosa,Clinical group,"['Adolescent', 'Antenatal', 'Infancy', 'Neonatal']",['Autosomal recessive']
306,Self-limited infantile epilepsy,Disease,"['Infancy', 'Neonatal']",['Autosomal dominant']
307,Juvenile myoclonic epilepsy,Disease,['Adolescent'],"['Autosomal dominant', 'Autosomal recessive', 'Multigenic/multifactorial']"
308,Progressive myoclonic epilepsy type 1,Disease,"['Adolescent', 'Childhood']",['Autosomal recessive']
310,Reflex epilepsy,Clinical group,['Childhood'],[]
312,Autosomal dominant epidermolytic ichthyosis,Disease,['Neonatal'],['Autosomal dominant']
313,Lamellar ichthyosis,Disease,['Neonatal'],"['Autosomal dominant', 'Autosomal recessive']"
314,Erythroderma desquamativum,Disease,['Infancy'],['Autosomal recessive']
315,Erythrokeratoderma ''en cocardes'',Disease,['Childhood'],['Autosomal dominant']
316,Progressive symmetric erythrokeratodermia,Disease,"['Infancy', 'Neonatal']",['Autosomal dominant']
317,Erythrokeratodermia variabilis,Disease,"['Infancy', 'Neonatal']","['Autosomal dominant', 'Autosomal recessive']"
318,Acute erythroid leukemia,Disease,"['Adolescent', 'Adult', 'Childhood', 'Elderly']",['Not applicable']
319,Skeletal Ewing sarcoma,Disease,['All ages'],['Not applicable']
320,Apparent mineralocorticoid excess,Disease,"['Infancy', 'Neonatal']",['Autosomal recessive']
321,Multiple osteochondromas,Disease,['Childhood'],['Autosomal dominant']
322,Exstrophy-epispadias complex,Malformation syndrome,"['Antenatal', 'Neonatal']",['Multigenic/multifactorial']
324,Fabry disease,Disease,"['Adolescent', 'Adult', 'Childhood']","['X-linked dominant', 'X-linked recessive']"
325,Congenital factor II deficiency,Disease,['All ages'],['Autosomal recessive']
326,Congenital factor V deficiency,Disease,['All ages'],['Autosomal recessive']
327,Congenital factor VII deficiency,Disease,['All ages'],"['Autosomal dominant', 'Autosomal recessive']"
328,Congenital factor X deficiency,Disease,['All ages'],['Autosomal recessive']
329,Congenital factor XI deficiency,Disease,['All ages'],"['Autosomal dominant', 'Autosomal recessive']"
330,Congenital factor XII deficiency,Disease,['All ages'],['Autosomal recessive']
331,Congenital factor XIII deficiency,Disease,['All ages'],"['Autosomal recessive', 'Not applicable']"
332,Congenital intrinsic factor deficiency,Disease,['Childhood'],"['Autosomal recessive', 'Not applicable']"
333,Farber disease,Disease,"['Antenatal', 'Childhood', 'Infancy', 'Neonatal']",['Autosomal recessive']
334,Familial atrial fibrillation,Disease,"['Adult', 'Elderly']",['Autosomal dominant']
335,Congenital fibrinogen deficiency,Disease,['All ages'],"['Autosomal dominant', 'Autosomal recessive']"
337,Fibrodysplasia ossificans progressiva,Disease,['Childhood'],"['Autosomal dominant', 'Not applicable']"
340,Hemorrhagic fever-renal syndrome,Disease,['All ages'],['Not applicable']
341,Viral hemorrhagic fever,Category,['All ages'],['Not applicable']
342,Familial Mediterranean fever,Disease,"['Adolescent', 'Adult', 'Childhood', 'Infancy']","['Autosomal dominant', 'Autosomal recessive']"
343,Hyperimmunoglobulinemia D with periodic fever,Clinical subtype,['Infancy'],['Autosomal recessive']
345,Dissecting cellulitis of the scalp,Disease,['Adult'],['Not applicable']
346,Quinquaud folliculitis decalvans,Disease,['Adult'],['Not applicable']
347,Frasier syndrome,Disease,"['Adolescent', 'Adult', 'Childhood']",['Autosomal dominant']
348,"Fructose-1,6-bisphosphatase deficiency",Disease,['All ages'],['Autosomal recessive']
349,Fucosidosis,Disease,"['Childhood', 'Infancy']",['Autosomal recessive']
351,Galactosialidosis,Disease,['All ages'],['Autosomal recessive']
352,Galactosemia,Category,"['Childhood', 'Infancy', 'Neonatal']",['Autosomal recessive']
353,Gamma-sarcoglycan-related limb-girdle muscular dystrophy R5,Disease,['Childhood'],['Autosomal recessive']
354,GM1 gangliosidosis,Disease,['Childhood'],['Autosomal recessive']
355,Gaucher disease,Disease,['All ages'],['Autosomal recessive']
356,Gerstmann-Straussler-Scheinker syndrome,Disease,['Adult'],"['Autosomal dominant', 'Not applicable']"
358,Gitelman syndrome,Disease,['Childhood'],['Autosomal recessive']
359,Pediatric-onset glaucoma of genetic origin,Category,['Childhood'],"['Autosomal dominant', 'Autosomal recessive']"
360,Glioblastoma,Disease,['All ages'],"['Multigenic/multifactorial', 'Not applicable']"
361,Familial glucocorticoid deficiency,Disease,"['Childhood', 'Infancy']",['Autosomal recessive']
364,Glycogen storage disease due to glucose-6-phosphatase deficiency,Disease,"['Infancy', 'Neonatal']",['Autosomal recessive']
365,Glycogen storage disease due to acid maltase deficiency,Disease,"['Adolescent', 'Adult', 'Antenatal', 'Childhood', 'Infancy', 'Neonatal']",['Autosomal recessive']
366,Glycogen storage disease due to glycogen debranching enzyme deficiency,Disease,"['Childhood', 'Infancy']",['Autosomal recessive']
367,Glycogen storage disease due to glycogen branching enzyme deficiency,Disease,['All ages'],['Autosomal recessive']
368,Glycogen storage disease due to muscle glycogen phosphorylase deficiency,Disease,"['Childhood', 'Infancy']",['Autosomal recessive']
369,Glycogen storage disease due to liver glycogen phosphorylase deficiency,Disease,['Childhood'],['Autosomal recessive']
370,Glycogen storage disease due to phosphorylase kinase deficiency,Clinical group,['All ages'],"['Autosomal recessive', 'X-linked recessive']"
371,Glycogen storage disease due to muscle phosphofructokinase deficiency,Disease,"['Adolescent', 'Adult', 'Childhood', 'Infancy']",['Autosomal recessive']
373,Simpson-Golabi-Behmel syndrome,Malformation syndrome,"['Antenatal', 'Childhood', 'Infancy', 'Neonatal']",['X-linked recessive']
375,Anti-glomerular basement membrane disease,Disease,"['Adolescent', 'Adult', 'Elderly']",['Not applicable']
376,Gordon syndrome,Malformation syndrome,"['Antenatal', 'Neonatal']",['Autosomal dominant']
377,Gorlin syndrome,Malformation syndrome,"['Adolescent', 'Adult']",['Autosomal dominant']
379,Chronic granulomatous disease,Disease,"['Adolescent', 'Adult', 'Childhood', 'Infancy']","['Autosomal recessive', 'X-linked recessive']"
380,Greig cephalopolysyndactyly syndrome,Malformation syndrome,['Antenatal'],['Autosomal dominant']
381,Griscelli syndrome,Disease,"['Childhood', 'Infancy']",['Autosomal recessive']
382,Guanidinoacetate methyltransferase deficiency,Disease,"['Childhood', 'Infancy']",['Autosomal recessive']
384,Huriez syndrome,Disease,"['Infancy', 'Neonatal']",['Autosomal dominant']
385,Neurodegeneration with brain iron accumulation,Clinical group,"['Adolescent', 'Adult', 'Childhood', 'Infancy']","['Autosomal dominant', 'Autosomal recessive', 'X-linked dominant']"
388,Hirschsprung disease,Disease,"['Childhood', 'Infancy', 'Neonatal']","['Autosomal dominant', 'Autosomal recessive', 'Multigenic/multifactorial', 'Not applicable']"
389,Langerhans cell histiocytosis,Disease,['All ages'],['Unknown']
391,Classic Hodgkin lymphoma,Disease,['All ages'],['Unknown']
392,Holt-Oram syndrome,Malformation syndrome,['Neonatal'],['Autosomal dominant']
393,"46,XX testicular difference of sex development",Malformation syndrome,"['Adolescent', 'Antenatal', 'Neonatal']",['Autosomal dominant']
394,Homocystinuria due to cystathionine beta-synthase deficiency,Disease,"['Adolescent', 'Adult', 'Childhood']",['Autosomal recessive']
395,Homocystinuria due to methylene tetrahydrofolate reductase deficiency,Disease,"['Infancy', 'Neonatal']",['Autosomal recessive']
396,Chronic hiccup,Disease,['All ages'],['Not applicable']
397,Giant cell arteritis,Disease,['Adult'],['Multigenic/multifactorial']
399,Huntington disease,Disease,"['Adolescent', 'Adult', 'Childhood', 'Elderly']",['Autosomal dominant']
400,Cystic echinococcosis,Disease,['Adult'],['Not applicable']
401,Hymenolepiasis,Disease,['All ages'],['Not applicable']
403,Familial hyperaldosteronism type I,Disease,"['Adolescent', 'Adult', 'Childhood']",['Autosomal dominant']
404,Familial hyperaldosteronism type II,Disease,['Adult'],['Autosomal dominant']
405,Familial hypocalciuric hypercalcemia,Disease,['All ages'],['Autosomal dominant']
407,Glycine encephalopathy,Disease,"['Infancy', 'Neonatal']",['Autosomal recessive']
408,Isolated glycerol kinase deficiency,Disease,['All ages'],['X-linked recessive']
409,Hyperkeratosis lenticularis perstans,Disease,['Adult'],"['Autosomal dominant', 'Not applicable']"
412,Dysbetalipoproteinemia,Disease,"['Adolescent', 'Adult', 'Childhood', 'Elderly']","['Autosomal dominant', 'Multigenic/multifactorial']"
414,Gyrate atrophy of choroid and retina,Disease,['Childhood'],['Autosomal recessive']
415,Hyperornithinemia-hyperammonemia-homocitrullinuria syndrome,Disease,"['Adolescent', 'Adult', 'Childhood', 'Infancy', 'Neonatal']",['Autosomal recessive']
416,Primary hyperoxaluria,Disease,['All ages'],['Autosomal recessive']
417,Neonatal severe primary hyperparathyroidism,Disease,['Neonatal'],"['Autosomal recessive', 'Not applicable']"
418,Congenital adrenal hyperplasia,Clinical group,[],['Autosomal recessive']
419,Hyperprolinemia type 1,Disease,['All ages'],['Autosomal recessive']
422,Idiopathic/heritable pulmonary arterial hypertension,Disease,['All ages'],"['Autosomal dominant', 'Autosomal recessive', 'Not applicable']"
423,Malignant hyperthermia of anesthesia,Disease,['All ages'],['Autosomal dominant']
424,Familial hyperthyroidism due to mutations in TSH receptor,Disease,['All ages'],['Autosomal dominant']
425,Apolipoprotein A-I deficiency,Disease,['All ages'],['Autosomal dominant']
427,Familial hypoaldosteronism,Disease,"['Adolescent', 'Adult', 'Infancy', 'Neonatal']",['Autosomal recessive']
428,Autosomal dominant hypocalcemia,Clinical subtype,['All ages'],['Autosomal dominant']
429,Hypochondroplasia,Disease,"['Adolescent', 'Adult', 'Antenatal', 'Childhood', 'Infancy', 'Neonatal']",['Autosomal dominant']
432,Normosmic congenital hypogonadotropic hypogonadism,Clinical subtype,"['Infancy', 'Neonatal']","['Autosomal dominant', 'Autosomal recessive', 'Multigenic/multifactorial', 'X-linked recessive']"
436,Hypophosphatasia,Disease,['All ages'],"['Autosomal dominant', 'Autosomal recessive']"
437,Hypophosphatemic rickets,Clinical group,['All ages'],"['Autosomal dominant', 'Autosomal recessive', 'X-linked dominant']"
439,Isolated right ventricular hypoplasia,Morphological anomaly,"['Infancy', 'Neonatal']","['Autosomal recessive', 'Not applicable']"
441,Pure autonomic failure,Disease,"['Adult', 'Elderly']",['Not applicable']
442,Congenital hypothyroidism,Category,"['Antenatal', 'Neonatal']",['Autosomal recessive']
444,Marie Unna hereditary hypotrichosis,Disease,"['Infancy', 'Neonatal']",['Autosomal dominant']
446,Neonatal hemochromatosis,Disease,['Neonatal'],['Autosomal recessive']
447,Paroxysmal nocturnal hemoglobinuria,Disease,['All ages'],['Not applicable']
448,Hemophilia,Clinical group,"['Antenatal', 'Infancy', 'Neonatal']",['X-linked recessive']
449,Hepatoblastoma,Disease,"['Childhood', 'Infancy', 'Neonatal']",['Not applicable']
450,Heterotaxia,Category,"['Infancy', 'Neonatal']","['Autosomal dominant', 'Autosomal recessive', 'X-linked recessive']"
452,X-linked lissencephaly with abnormal genitalia,Malformation syndrome,['Neonatal'],['X-linked recessive']
454,Acquired ichthyosis,Disease,['Adult'],['Not applicable']
455,Superficial epidermolytic ichthyosis,Disease,"['Infancy', 'Neonatal']",['Autosomal dominant']
457,Harlequin ichthyosis,Disease,['Neonatal'],['Autosomal recessive']
461,Recessive X-linked ichthyosis,Disease,['Neonatal'],['X-linked recessive']
464,Incontinentia pigmenti,Malformation syndrome,['Neonatal'],['X-linked dominant']
465,Congenital plasminogen activator inhibitor type 1 deficiency,Disease,"['Adolescent', 'Adult', 'Childhood', 'Elderly']",['Autosomal recessive']
466,Fatal familial insomnia,Disease,['Adult'],['Autosomal dominant']
467,Non-acquired combined pituitary hormone deficiency,Category,['All ages'],[]
469,Hereditary fructose intolerance,Disease,['All ages'],['Autosomal recessive']
470,Lysinuric protein intolerance,Disease,"['Infancy', 'Neonatal']",['Autosomal recessive']
472,Isosporiasis,Disease,['All ages'],['Not applicable']
474,Jeune syndrome,Malformation syndrome,"['Antenatal', 'Neonatal']",['Autosomal recessive']
475,Joubert syndrome,Malformation syndrome,['Antenatal'],['Autosomal recessive']
477,KID syndrome,Disease,['Neonatal'],"['Autosomal dominant', 'Autosomal recessive', 'Not applicable']"
478,Kallmann syndrome,Clinical subtype,"['Adolescent', 'Childhood']","['Autosomal dominant', 'Autosomal recessive', 'Multigenic/multifactorial', 'X-linked recessive']"
480,Kearns-Sayre syndrome,Disease,"['Adolescent', 'Adult', 'Childhood', 'Infancy']","['Autosomal recessive', 'Mitochondrial inheritance', 'Not applicable']"
481,Kennedy disease,Disease,['Adult'],['X-linked recessive']
482,Kimura disease,Disease,['Adult'],['Unknown']
483,Congenital high-molecular-weight kininogen deficiency,Disease,[],['Autosomal recessive']
485,Kniest dysplasia,Disease,"['Infancy', 'Neonatal']",['Autosomal dominant']
486,Autosomal dominant severe congenital neutropenia,Disease,"['Infancy', 'Neonatal']",['Autosomal dominant']
487,Krabbe disease,Disease,"['Adolescent', 'Adult', 'Childhood', 'Infancy', 'Neonatal']",['Autosomal recessive']
488,Urachal cyst,Morphological anomaly,"['Infancy', 'Neonatal']",['Not applicable']
492,Proliferating trichilemmal cyst,Disease,['Adult'],[]
493,Familial keratoacanthoma,Disease,['All ages'],['Autosomal dominant']
494,Keratoderma hereditarium mutilans,Disease,"['Childhood', 'Infancy']",['Autosomal dominant']
495,Transgrediens et progrediens palmoplantar keratoderma,Disease,['Childhood'],[]
499,Kerion celsi,Disease,['All ages'],['Not applicable']
500,Noonan syndrome with multiple lentigines,Malformation syndrome,['Neonatal'],['Autosomal dominant']
501,Lafora disease,Disease,['Adolescent'],['Autosomal recessive']
502,Trichorhinophalangeal syndrome type 2,Malformation syndrome,"['Childhood', 'Infancy', 'Neonatal']",['Autosomal dominant']
503,Larsen syndrome,Malformation syndrome,"['Infancy', 'Neonatal']",['Autosomal dominant']
504,Creeping myiasis,Disease,[],['Not applicable']
505,Graham Little-Piccardi-Lassueur syndrome,Disease,['Adult'],[]
506,Leigh syndrome,Disease,['All ages'],"['Autosomal recessive', 'Mitochondrial inheritance', 'X-linked recessive']"
507,Leishmaniasis,Disease,['All ages'],['Not applicable']
508,Leprechaunism,Malformation syndrome,"['Antenatal', 'Neonatal']",['Autosomal recessive']
509,Leptospirosis,Disease,['All ages'],['Not applicable']
510,Lesch-Nyhan syndrome,Disease,['Infancy'],['X-linked recessive']
511,Maple syrup urine disease,Disease,"['Childhood', 'Infancy', 'Neonatal']",['Autosomal recessive']
512,Metachromatic leukodystrophy,Disease,"['Adolescent', 'Adult', 'Childhood', 'Infancy']",['Autosomal recessive']
513,Acute lymphoblastic leukemia,Clinical group,['All ages'],[]
514,Acute monoblastic/monocytic leukemia,Disease,['Childhood'],['Not applicable']
517,Acute myelomonocytic leukemia,Disease,['Adult'],['Not applicable']
518,Acute megakaryoblastic leukemia,Disease,"['Adult', 'Childhood']",['Not applicable']
519,Acute myeloid leukemia,Clinical group,['All ages'],[]
520,Acute promyelocytic leukemia,Disease,"['Adolescent', 'Adult', 'Childhood', 'Elderly']",['Not applicable']
521,Chronic myeloid leukemia,Disease,"['Adolescent', 'Adult', 'Childhood', 'Infancy']",['Not applicable']
523,Hereditary leiomyomatosis and renal cell cancer,Disease,"['Adolescent', 'Adult', 'Elderly']",['Autosomal dominant']
524,Li-Fraumeni syndrome,Disease,['All ages'],['Autosomal dominant']
525,Lichen planopilaris,Disease,['Adult'],['Not applicable']
526,Liddle syndrome,Disease,"['Adolescent', 'Adult', 'Childhood', 'Infancy']",['Autosomal dominant']
528,Congenital generalized lipodystrophy,Disease,"['Childhood', 'Infancy', 'Neonatal']",['Autosomal recessive']
529,Roch-Leri mesosomatous lipomatosis,Disease,['No data available'],['Autosomal dominant']
530,Lipoid proteinosis,Malformation syndrome,['All ages'],['Autosomal recessive']
531,Miller-Dieker syndrome,Malformation syndrome,"['Infancy', 'Neonatal']",['Autosomal dominant']
533,Listeriosis,Disease,['All ages'],['Not applicable']
534,Oculocerebrorenal syndrome of Lowe,Malformation syndrome,['Neonatal'],['X-linked recessive']
535,Rare cutaneous lupus erythematosus,Clinical group,['All ages'],['Multigenic/multifactorial']
536,Systemic lupus erythematosus,Disease,"['Adolescent', 'Adult', 'Childhood', 'Infancy']",['Not applicable']
537,Toxic epidermal necrolysis,Clinical subtype,['All ages'],['Not applicable']
538,Lymphangioleiomyomatosis,Disease,['Adult'],['Not applicable']
540,Familial hemophagocytic lymphohistiocytosis,Disease,"['Adolescent', 'Infancy']",['Autosomal recessive']
541,Primary cutaneous CD30+ T-cell lymphoproliferative disease,Clinical group,['Adult'],[]
543,Burkitt lymphoma,Disease,['All ages'],['Not applicable']
544,Diffuse large B-cell lymphoma,Clinical group,['Adult'],"['Multigenic/multifactorial', 'Not applicable']"
545,Follicular lymphoma,Disease,['Adult'],"['Multigenic/multifactorial', 'Not applicable']"
547,Non-Hodgkin lymphoma,Category,"['Adolescent', 'Adult', 'Childhood', 'Elderly', 'Infancy']",[]
548,Leprosy,Disease,['All ages'],['Multigenic/multifactorial']
549,Legionnaires disease,Disease,['All ages'],['Not applicable']
550,MELAS,Disease,"['Adolescent', 'Adult', 'Childhood']","['Mitochondrial inheritance', 'Not applicable']"
551,MERRF,Disease,"['Adult', 'Childhood']",['Mitochondrial inheritance']
552,MODY,Disease,"['Adolescent', 'Adult', 'Childhood']","['Autosomal dominant', 'Not applicable']"
556,Malakoplakia,Disease,['Adult'],['Unknown']
557,Non-syndromic anorectal malformation,Clinical group,"['Antenatal', 'Neonatal']",[]
558,Marfan syndrome,Disease,['All ages'],['Autosomal dominant']
559,Marinesco-Sjögren syndrome,Disease,"['Childhood', 'Infancy']",['Autosomal recessive']
560,Marshall syndrome,Malformation syndrome,['Neonatal'],"['Autosomal dominant', 'Autosomal recessive']"
561,Marshall-Smith syndrome,Malformation syndrome,"['Infancy', 'Neonatal']",['Autosomal dominant']
562,McCune-Albright syndrome,Disease,['Childhood'],['Not applicable']
563,Peripartum cardiomyopathy,Disease,['Adult'],['Unknown']
564,Meckel syndrome,Malformation syndrome,['Antenatal'],['Autosomal recessive']
565,Menkes disease,Disease,['Neonatal'],['X-linked recessive']
566,Congenital microcoria,Malformation syndrome,"['Infancy', 'Neonatal']",['Autosomal dominant']
567,22q11.2 deletion syndrome,Malformation syndrome,['All ages'],['Autosomal dominant']
568,"Microphthalmia, Lenz type",Malformation syndrome,['Neonatal'],['X-linked recessive']
569,Familial or sporadic hemiplegic migraine,Disease,['Childhood'],['Autosomal dominant']
570,Moebius syndrome,Disease,"['Antenatal', 'Neonatal']",['Autosomal dominant']
572,Immunodeficiency by defective expression of MHC class II,Disease,"['Infancy', 'Neonatal']",['Autosomal recessive']
573,Monilethrix,Disease,"['Infancy', 'Neonatal']","['Autosomal dominant', 'Autosomal recessive']"
574,21q deletion syndrome,Malformation syndrome,"['Antenatal', 'Neonatal']",[]
575,Muckle-Wells syndrome,Disease,"['Childhood', 'Infancy', 'Neonatal']",['Autosomal dominant']
576,Mucolipidosis type II,Disease,"['Antenatal', 'Neonatal']",['Autosomal recessive']
577,Mucolipidosis type III,Disease,['Childhood'],['Autosomal recessive']
578,Mucolipidosis type IV,Disease,['Infancy'],['Autosomal recessive']
579,Mucopolysaccharidosis type 1,Disease,['All ages'],['Autosomal recessive']
580,Mucopolysaccharidosis type 2,Disease,['Childhood'],['X-linked recessive']
581,Mucopolysaccharidosis type 3,Disease,['Childhood'],['Autosomal recessive']
582,Mucopolysaccharidosis type 4,Disease,"['Childhood', 'Infancy']",['Autosomal recessive']
583,Mucopolysaccharidosis type 6,Disease,['Childhood'],['Autosomal recessive']
584,Mucopolysaccharidosis type 7,Disease,"['Adolescent', 'Antenatal', 'Childhood', 'Infancy', 'Neonatal']",['Autosomal recessive']
585,Multiple sulfatase deficiency,Disease,"['Adolescent', 'Antenatal', 'Childhood', 'Infancy', 'Neonatal']",['Autosomal recessive']
586,Cystic fibrosis,Disease,['All ages'],['Autosomal recessive']
588,Muscle-eye-brain disease,Malformation syndrome,"['Infancy', 'Neonatal']",['Autosomal recessive']
589,Myasthenia gravis,Disease,['All ages'],"['Multigenic/multifactorial', 'Not applicable']"
590,Congenital myasthenic syndrome,Disease,"['Infancy', 'Neonatal']","['Autosomal dominant', 'Autosomal recessive']"
591,Furuncular myiasis,Disease,['All ages'],['Not applicable']
592,Macrophagic myofasciitis,Disease,"['Adolescent', 'Adult', 'Childhood', 'Elderly']",['Not applicable']
593,Myofibrillar myopathy,Category,['Adult'],"['Autosomal dominant', 'Autosomal recessive']"
595,Centronuclear myopathy,Clinical group,"['Adolescent', 'Adult', 'Childhood', 'Infancy', 'Neonatal']","['Autosomal dominant', 'Autosomal recessive', 'X-linked recessive']"
596,X-linked centronuclear myopathy,Disease,"['Antenatal', 'Neonatal']",['X-linked recessive']
597,Central core disease,Disease,['Childhood'],['Autosomal dominant']
598,Multiminicore myopathy,Disease,"['Antenatal', 'Childhood', 'Infancy', 'Neonatal']","['Autosomal dominant', 'Autosomal recessive']"
599,Distal myopathy,Category,['All ages'],"['Autosomal dominant', 'Autosomal recessive']"
600,Vocal cord and pharyngeal distal myopathy,Disease,['Adult'],['Autosomal dominant']
602,GNE myopathy,Disease,"['Adolescent', 'Adult']","['Autosomal dominant', 'Autosomal recessive']"
603,"Distal myopathy, Welander type",Disease,['Adult'],['Autosomal dominant']
606,Proximal myotonic myopathy,Disease,"['Adolescent', 'Adult', 'Elderly']",['Autosomal dominant']
607,Nemaline myopathy,Clinical group,['All ages'],"['Autosomal dominant', 'Autosomal recessive', 'Not applicable']"
609,Tibial muscular dystrophy,Disease,['Adult'],"['Autosomal dominant', 'Autosomal recessive']"
610,Bethlem muscular dystrophy,Disease,"['Childhood', 'Infancy']","['Autosomal dominant', 'Autosomal recessive']"
611,Inclusion body myositis,Disease,"['Adult', 'Elderly']",['Not applicable']
612,Potassium-aggravated myotonia,Clinical group,['Childhood'],['Autosomal dominant']
614,Thomsen and Becker disease,Disease,"['Adolescent', 'Adult', 'Childhood', 'Infancy']","['Autosomal dominant', 'Autosomal recessive']"
615,Familial atrial myxoma,Disease,"['Adolescent', 'Adult']",['Autosomal dominant']
616,Medulloblastoma,Disease,['All ages'],['Not applicable']
617,Congenital primary megaureter,Morphological anomaly,"['Adolescent', 'Adult', 'Childhood', 'Infancy', 'Neonatal']",['Unknown']
618,Familial melanoma,Disease,['Adult'],"['Autosomal dominant', 'Multigenic/multifactorial']"
621,Hereditary methemoglobinemia,Disease,"['Infancy', 'Neonatal']",['Autosomal recessive']
622,Homocystinuria without methylmalonic aciduria,Disease,['All ages'],['Autosomal recessive']
624,Familial multiple nevi flammei,Morphological anomaly,['Neonatal'],[]
626,Large/giant congenital melanocytic nevus,Disease,"['Infancy', 'Neonatal']",['Multigenic/multifactorial']
627,Nance-Horan syndrome,Malformation syndrome,['Neonatal'],['X-linked dominant']
628,Diastrophic dysplasia,Disease,['Neonatal'],['Autosomal recessive']
629,Short stature due to growth hormone qualitative anomaly,Clinical subtype,"['Infancy', 'Neonatal']",['Autosomal recessive']
631,Non-acquired isolated growth hormone deficiency,Disease,['Neonatal'],"['Autosomal dominant', 'Autosomal recessive', 'X-linked recessive']"
632,Short stature due to isolated growth hormone deficiency with X-linked hypogammaglobulinemia,Clinical subtype,"['Infancy', 'Neonatal']",['X-linked recessive']
633,Laron syndrome,Disease,"['Infancy', 'Neonatal']",['Autosomal recessive']
634,Netherton syndrome,Disease,"['Infancy', 'Neonatal']",['Autosomal recessive']
635,Neuroblastoma,Disease,['Childhood'],['Not applicable']
636,Neurofibromatosis type 1,Disease,"['Infancy', 'Neonatal']",['Autosomal dominant']
637,Full NF2-related schwannomatosis,Disease,['All ages'],['Autosomal dominant']
638,Neurofibromatosis-Noonan syndrome,Malformation syndrome,"['Infancy', 'Neonatal']",['Autosomal dominant']
639,Polyneuropathy associated with IgM monoclonal gammopathy with anti-MAG,Disease,['Adult'],['Unknown']
640,Hereditary neuropathy with liability to pressure palsies,Malformation syndrome,"['Adolescent', 'Adult', 'Childhood', 'Elderly', 'Infancy']",['Autosomal dominant']
641,Multifocal motor neuropathy,Disease,['Adult'],['Unknown']
642,Hereditary sensory and autonomic neuropathy type 4,Disease,"['Childhood', 'Infancy', 'Neonatal']",['Autosomal recessive']
643,Giant axonal neuropathy,Disease,"['Childhood', 'Infancy']",['Autosomal recessive']
644,NARP syndrome,Disease,['Childhood'],['Mitochondrial inheritance']
646,Niemann-Pick disease type C,Disease,['All ages'],['Autosomal recessive']
647,Nijmegen breakage syndrome,Malformation syndrome,"['Infancy', 'Neonatal']",['Autosomal recessive']
648,Noonan syndrome,Malformation syndrome,"['Antenatal', 'Childhood', 'Infancy', 'Neonatal']","['Autosomal dominant', 'Autosomal recessive']"
649,Norrie disease,Malformation syndrome,"['Antenatal', 'Neonatal']",['X-linked recessive']
650,LCAT deficiency,Disease,['All ages'],['Autosomal recessive']
652,Multiple endocrine neoplasia type 1,Disease,['All ages'],"['Autosomal dominant', 'Not applicable']"
653,Multiple endocrine neoplasia type 2,Disease,"['Adolescent', 'Adult', 'Childhood', 'Infancy']",['Autosomal dominant']
654,Nephroblastoma,Disease,['Childhood'],"['Autosomal dominant', 'Not applicable']"
655,Nephronophthisis,Disease,"['Adolescent', 'Adult', 'Antenatal', 'Childhood', 'Infancy', 'Neonatal']",['Autosomal recessive']
656,Hereditary steroid-resistant nephrotic syndrome,Disease,"['Adolescent', 'Adult', 'Antenatal', 'Childhood', 'Infancy', 'Neonatal']","['Autosomal dominant', 'Autosomal recessive']"
657,Congenital isolated hyperinsulinism,Clinical group,"['Childhood', 'Infancy', 'Neonatal']","['Autosomal dominant', 'Autosomal recessive']"
658,Non-histaminic angioedema,Clinical group,['All ages'],"['Autosomal dominant', 'Not applicable']"
659,Mutilating palmoplantar keratoderma with periorificial keratotic plaques,Disease,"['Childhood', 'Infancy', 'Neonatal']","['Autosomal dominant', 'Not applicable', 'X-linked recessive']"
660,Omphalocele,Morphological anomaly,['Antenatal'],['Not applicable']
661,Congenital central hypoventilation syndrome,Disease,"['Infancy', 'Neonatal']","['Autosomal dominant', 'Not applicable']"
662,Lymphedema with yellow nails,Disease,"['Adult', 'Childhood', 'Neonatal']",[]
663,Mitochondrial DNA-related progressive external ophthalmoplegia,Disease,"['Adolescent', 'Adult']","['Mitochondrial inheritance', 'Not applicable']"
664,Ornithine transcarbamylase deficiency,Disease,['All ages'],['X-linked recessive']
666,Osteogenesis imperfecta,Disease,['All ages'],"['Autosomal dominant', 'Autosomal recessive', 'X-linked recessive']"
667,Autosomal recessive malignant osteopetrosis,Malformation syndrome,"['Infancy', 'Neonatal']",['Autosomal recessive']
668,Osteosarcoma,Disease,['Childhood'],['Not applicable']
671,Primary cutis verticis gyrata,Clinical group,['All ages'],[]
672,Pallister-Hall syndrome,Malformation syndrome,"['Infancy', 'Neonatal']","['Autosomal dominant', 'Not applicable']"
673,Malaria,Disease,['All ages'],['Not applicable']
674,Accessory pancreas,Morphological anomaly,"['Infancy', 'Neonatal']",['Not applicable']
675,Annular pancreas,Morphological anomaly,"['Infancy', 'Neonatal']","['Autosomal dominant', 'Not applicable']"
676,Hereditary chronic pancreatitis,Disease,"['Adolescent', 'Childhood']",['Autosomal dominant']
677,Pancreatoblastoma,Disease,"['Adult', 'Childhood']",['Not applicable']
678,Papillon-Lefèvre syndrome,Disease,"['Childhood', 'Infancy', 'Neonatal']",['Autosomal recessive']
679,Malignant atrophic papulosis,Clinical subtype,['Adult'],['Autosomal dominant']
681,Hypokalemic periodic paralysis,Disease,"['Adolescent', 'Childhood']",['Autosomal dominant']
682,Hyperkalemic periodic paralysis,Disease,['Childhood'],['Autosomal dominant']
683,Progressive supranuclear palsy,Disease,"['Adult', 'Elderly']",['Not applicable']
684,Paramyotonia congenita of Von Eulenburg,Disease,"['Adolescent', 'Childhood', 'Infancy', 'Neonatal']",['Autosomal dominant']
685,Hereditary spastic paraplegia,Clinical group,['All ages'],"['Autosomal dominant', 'Autosomal recessive', 'X-linked recessive']"
699,Pearson syndrome,Disease,"['Childhood', 'Infancy', 'Neonatal']","['Mitochondrial inheritance', 'Not applicable']"
700,Alopecia totalis,Disease,['All ages'],['Multigenic/multifactorial']
701,Alopecia universalis,Disease,['All ages'],"['Autosomal recessive', 'Multigenic/multifactorial']"
702,Pelizaeus-Merzbacher disease,Disease,['All ages'],"['X-linked dominant', 'X-linked recessive']"
703,Bullous pemphigoid,Disease,['All ages'],['Not applicable']
704,Pemphigus vulgaris,Disease,"['Adult', 'Childhood', 'Elderly']",['Not applicable']
705,Pendred syndrome,Malformation syndrome,"['Infancy', 'Neonatal']",['Autosomal recessive']
707,Plague,Disease,['All ages'],[]
708,Peters anomaly,Morphological anomaly,"['Infancy', 'Neonatal']","['Autosomal dominant', 'Autosomal recessive']"
709,Peters plus syndrome,Malformation syndrome,['Neonatal'],['Autosomal recessive']
710,Pfeiffer syndrome,Malformation syndrome,"['Antenatal', 'Neonatal']",['Autosomal dominant']
712,Hemolytic anemia due to glucophosphate isomerase deficiency,Disease,"['Infancy', 'Neonatal']",['Autosomal recessive']
713,Glycogen storage disease due to phosphoglycerate kinase 1 deficiency,Disease,"['Adolescent', 'Adult', 'Childhood']",['X-linked recessive']
714,Hemolytic anemia due to diphosphoglycerate mutase deficiency,Disease,['Infancy'],[]
715,Glycogen storage disease due to muscle phosphorylase kinase deficiency,Disease,"['Adolescent', 'Adult']","['Autosomal recessive', 'X-linked recessive']"
716,Phenylketonuria,Disease,['Infancy'],['Autosomal recessive']
718,Isolated Pierre Robin sequence,Malformation syndrome,"['Antenatal', 'Neonatal']","['Autosomal dominant', 'Multigenic/multifactorial', 'Not applicable', 'Unknown']"
720,Pili bifurcati,Disease,['Childhood'],[]
721,Gray platelet syndrome,Disease,['Childhood'],"['Autosomal dominant', 'Autosomal recessive']"
722,Hypoplasminogenemia,Disease,['All ages'],['Autosomal recessive']
723,Pneumocystosis,Disease,['All ages'],['Not applicable']
724,Idiopathic acute eosinophilic pneumonia,Disease,['All ages'],['Unknown']
725,Developmental and epileptic encephalopathy with spike-wave activation in sleep,Disease,['Childhood'],"['Autosomal dominant', 'Not applicable']"
726,Alpers-Huttenlocher syndrome,Disease,"['Adolescent', 'Adult', 'Childhood', 'Infancy']",['Autosomal recessive']
727,Microscopic polyangiitis,Disease,"['Adult', 'Childhood']",['Not applicable']
728,Relapsing polychondritis,Disease,['All ages'],['Unknown']
729,Polycythemia vera,Disease,['All ages'],['Not applicable']
730,Autosomal dominant polycystic kidney disease,Disease,"['Adolescent', 'Adult', 'Childhood']",['Autosomal dominant']
731,Autosomal recessive polycystic kidney disease,Disease,['All ages'],['Autosomal recessive']
732,Polymyositis,Disease,"['Adult', 'Elderly']",['Not applicable']
733,Familial adenomatous polyposis,Disease,['Adult'],"['Autosomal dominant', 'Autosomal recessive']"
734,Alpha delta granule deficiency,Disease,[],"['Autosomal dominant', 'Autosomal recessive']"
735,Porokeratosis of Mibelli,Disease,"['Adolescent', 'Adult', 'Childhood']","['Autosomal dominant', 'Not applicable']"
737,Porokeratosis plantaris palmaris et disseminata,Disease,"['Adolescent', 'Adult']","['Autosomal dominant', 'X-linked dominant']"
738,Porphyria,Clinical group,['All ages'],"['Autosomal dominant', 'Autosomal recessive']"
739,Prader-Willi syndrome,Disease,"['Antenatal', 'Neonatal']","['Autosomal dominant', 'Not applicable']"
740,Hutchinson-Gilford progeria syndrome,Disease,"['Infancy', 'Neonatal']","['Autosomal dominant', 'Autosomal recessive']"
741,Familial mitral valve prolapse,Morphological anomaly,[],['Autosomal dominant']
742,Prolidase deficiency,Disease,"['Adolescent', 'Adult', 'Childhood', 'Infancy', 'Neonatal']",['Autosomal recessive']
743,Severe hereditary thrombophilia due to congenital protein S deficiency,Disease,"['Infancy', 'Neonatal']",['Autosomal recessive']
744,Proteus syndrome,Malformation syndrome,['Infancy'],['Not applicable']
745,Severe hereditary thrombophilia due to congenital protein C deficiency,Disease,['Neonatal'],"['Autosomal dominant', 'Autosomal recessive']"
746,Mitochondrial trifunctional protein deficiency,Disease,"['Infancy', 'Neonatal']",['Autosomal recessive']
747,Autoimmune pulmonary alveolar proteinosis,Disease,"['Adolescent', 'Adult', 'Childhood']","['Multigenic/multifactorial', 'Not applicable']"
748,Mendelian susceptibility to mycobacterial diseases,Clinical group,['All ages'],"['Autosomal dominant', 'Autosomal recessive', 'X-linked recessive']"
749,Congenital prekallikrein deficiency,Disease,"['Infancy', 'Neonatal']",['Autosomal recessive']
750,Pseudoachondroplasia,Disease,"['Infancy', 'Neonatal']",['Autosomal dominant']
752,"46,XY difference of sex development due to 17-beta-hydroxysteroid dehydrogenase 3 deficiency",Disease,"['Adolescent', 'Neonatal']",['Autosomal recessive']
753,"46,XY difference of sex development due to 5-alpha-reductase 2 deficiency",Disease,"['Adolescent', 'Childhood', 'Infancy', 'Neonatal']",['Autosomal recessive']
754,Androgen insensitivity syndrome,Clinical group,"['Antenatal', 'Neonatal']",['X-linked recessive']
755,Leydig cell hypoplasia,Disease,['Neonatal'],[]
756,Pseudohypoaldosteronism type 1,Disease,"['Infancy', 'Neonatal']","['Autosomal dominant', 'Autosomal recessive']"
757,Pseudohypoaldosteronism type 2,Disease,['All ages'],"['Autosomal dominant', 'Autosomal recessive']"
758,Pseudoxanthoma elasticum,Disease,['All ages'],['Autosomal recessive']
760,Purine nucleoside phosphorylase deficiency,Disease,"['Adolescent', 'Childhood', 'Infancy']",['Autosomal recessive']
761,Immunoglobulin A vasculitis,Disease,['Childhood'],['Not applicable']
763,Pycnodysostosis,Disease,"['Adolescent', 'Adult', 'Childhood', 'Infancy']",['Autosomal recessive']
764,Pyomyositis,Disease,['All ages'],['Not applicable']
765,Pyruvate dehydrogenase deficiency,Disease,"['Childhood', 'Infancy', 'Neonatal']","['Autosomal recessive', 'Not applicable', 'X-linked dominant']"
766,Hemolytic anemia due to red cell pyruvate kinase deficiency,Disease,"['Infancy', 'Neonatal']",['Autosomal recessive']
767,Polyarteritis nodosa,Disease,['All ages'],['Not applicable']
768,Familial long QT syndrome,Clinical group,"['Adolescent', 'Adult', 'Childhood']","['Autosomal dominant', 'Autosomal recessive']"
769,Rabson-Mendenhall syndrome,Malformation syndrome,"['Infancy', 'Neonatal']",['Autosomal recessive']
770,Rabies,Disease,['All ages'],['Not applicable']
772,Infantile Refsum disease,Disease,['All ages'],['Autosomal recessive']
773,Refsum disease,Disease,"['Adolescent', 'Adult', 'Childhood']",['Autosomal recessive']
774,Hereditary hemorrhagic telangiectasia,Disease,['All ages'],['Autosomal dominant']
776,Lujan-Fryns syndrome,Malformation syndrome,"['Infancy', 'Neonatal']",['X-linked recessive']
777,X-linked non-syndromic intellectual disability,Etiological subtype,"['Childhood', 'Infancy']",['X-linked recessive']
778,Rett syndrome,Disease,['Infancy'],['X-linked dominant']
779,Reynolds syndrome,Disease,['Adult'],['Not applicable']
780,Rhabdomyosarcoma,Disease,['Childhood'],['Multigenic/multifactorial']
781,Q fever,Disease,['All ages'],['Not applicable']
782,Axenfeld-Rieger syndrome,Malformation syndrome,"['Infancy', 'Neonatal']",['Autosomal dominant']
783,Rubinstein-Taybi syndrome,Malformation syndrome,"['Antenatal', 'Neonatal']","['Autosomal dominant', 'Unknown']"
785,Estrogen resistance syndrome,Disease,['Adolescent'],['Autosomal recessive']
786,Generalized glucocorticoid resistance syndrome,Disease,['All ages'],"['Autosomal dominant', 'Autosomal recessive', 'Not applicable']"
790,Retinoblastoma,Disease,"['Antenatal', 'Childhood', 'Infancy']","['Autosomal dominant', 'Not applicable']"
791,Retinitis pigmentosa,Disease,"['Adolescent', 'Adult', 'Childhood']","['Autosomal dominant', 'Autosomal recessive', 'Mitochondrial inheritance', 'X-linked recessive']"
792,X-linked retinoschisis,Malformation syndrome,"['Adolescent', 'Adult', 'Childhood', 'Infancy']",['X-linked recessive']
793,SAPHO syndrome,Disease,"['Adolescent', 'Adult', 'Elderly']","['Multigenic/multifactorial', 'Not applicable']"
794,Saethre-Chotzen syndrome,Malformation syndrome,"['Antenatal', 'Neonatal']",['Autosomal dominant']
795,Rare form of salmonellosis,Category,['All ages'],['Not applicable']
796,Sandhoff disease,Disease,"['Adolescent', 'Adult', 'Childhood', 'Infancy']",['Autosomal recessive']
797,Sarcoidosis,Disease,"['Adolescent', 'Adult', 'Childhood', 'Elderly']",['Multigenic/multifactorial']
798,Schinzel-Giedion syndrome,Malformation syndrome,"['Antenatal', 'Infancy', 'Neonatal']","['Autosomal dominant', 'Not applicable']"
799,Schizencephaly,Disease,['All ages'],"['Autosomal dominant', 'Autosomal recessive']"
800,Schwartz-Jampel syndrome,Disease,"['Infancy', 'Neonatal']",['Autosomal recessive']
801,Scleroderma,Clinical group,['All ages'],['Not applicable']
803,Amyotrophic lateral sclerosis,Disease,['Adult'],"['Autosomal dominant', 'Autosomal recessive', 'Not applicable']"
805,Tuberous sclerosis complex,Disease,['All ages'],['Autosomal dominant']
806,Scott syndrome,Disease,['All ages'],['Autosomal recessive']
808,Seckel syndrome,Malformation syndrome,['Antenatal'],['Autosomal recessive']
809,Mixed connective tissue disease,Disease,"['Adolescent', 'Adult', 'Childhood']",['Multigenic/multifactorial']
810,Shigellosis,Disease,['All ages'],['Not applicable']
811,Shwachman-Diamond syndrome,Disease,"['Antenatal', 'Childhood', 'Infancy', 'Neonatal']",['Autosomal recessive']
812,Sialidosis type 1,Disease,"['Adolescent', 'Childhood']",['Autosomal recessive']
813,Silver-Russell syndrome,Disease,"['Antenatal', 'Neonatal']","['Autosomal dominant', 'Not applicable']"
816,Sjögren-Larsson syndrome,Disease,"['Infancy', 'Neonatal']",['Autosomal recessive']
817,Peeling skin syndrome,Clinical group,"['Infancy', 'Neonatal']",['Autosomal recessive']
818,Smith-Lemli-Opitz syndrome,Malformation syndrome,"['Infancy', 'Neonatal']",['Autosomal recessive']
819,Smith-Magenis syndrome,Malformation syndrome,"['Adolescent', 'Adult', 'Childhood', 'Infancy', 'Neonatal']",['Autosomal dominant']
820,Sneddon syndrome,Disease,['Adult'],"['Autosomal dominant', 'Not applicable']"
821,Sotos syndrome,Disease,"['Antenatal', 'Neonatal']","['Autosomal dominant', 'Autosomal recessive']"
822,Hereditary spherocytosis,Disease,['All ages'],"['Autosomal dominant', 'Autosomal recessive']"
823,Spina bifida and other spinal dysraphisms,Category,"['Infancy', 'Neonatal']","['Multigenic/multifactorial', 'Not applicable']"
824,Primary myelofibrosis,Disease,['Adult'],['Not applicable']
826,Sporotrichosis,Disease,['All ages'],['Not applicable']
827,Stargardt disease,Disease,"['Adolescent', 'Adult', 'Childhood', 'Elderly']","['Autosomal dominant', 'Autosomal recessive']"
828,Stickler syndrome,Disease,"['Childhood', 'Infancy', 'Neonatal']","['Autosomal dominant', 'Autosomal recessive']"
829,Adult-onset Still disease,Disease,"['Adult', 'Elderly']",['Not applicable']
831,Congenital cervical spinal stenosis,Disease,"['Adolescent', 'Adult']",[]
832,Succinyl-CoA:3-oxoacid CoA transferase deficiency,Disease,"['Infancy', 'Neonatal']",['Autosomal recessive']
833,Encephalopathy due to sulfite oxidase deficiency,Disease,"['Antenatal', 'Infancy', 'Neonatal']",['Autosomal recessive']
834,Free sialic acid storage disease,Disease,"['Infancy', 'Neonatal']",['Autosomal recessive']
838,Susac syndrome,Disease,['All ages'],['Unknown']
839,"Congenital nephrotic syndrome, Finnish type",Disease,"['Antenatal', 'Infancy', 'Neonatal']",['Autosomal recessive']
840,Syringocystadenoma papilliferum,Disease,"['Adolescent', 'Childhood', 'Infancy', 'Neonatal']",['Unknown']
841,Sebocystomatosis,Disease,"['Adolescent', 'Adult', 'Childhood']","['Autosomal dominant', 'Not applicable']"
842,Testicular seminomatous germ cell tumor,Disease,['Adult'],['Not applicable']
844,Lown-Ganong-Levine syndrome,Disease,['All ages'],"['Autosomal dominant', 'Not applicable']"
845,Tay-Sachs disease,Disease,['All ages'],['Autosomal recessive']
846,Alpha-thalassemia,Disease,['All ages'],['Autosomal recessive']
847,X-linked alpha-thalassemia-intellectual disability syndrome,Malformation syndrome,"['Infancy', 'Neonatal']",['X-linked recessive']
848,Beta-thalassemia,Disease,"['Childhood', 'Infancy']","['Autosomal dominant', 'Autosomal recessive']"
849,Glanzmann thrombasthenia,Disease,"['Infancy', 'Neonatal']",['Autosomal recessive']
851,Paris-Trousseau thrombocytopenia,Disease,"['Infancy', 'Neonatal']",[]
852,X-linked thrombocytopenia with normal platelets,Etiological subtype,[],['X-linked recessive']
853,Fetal and neonatal alloimmune thrombocytopenia,Disease,"['Antenatal', 'Neonatal']",['Not applicable']
854,Non-malignant and non-cirrhotic portal vein thrombosis,Clinical syndrome,['All ages'],['Not applicable']
857,Townes-Brocks syndrome,Malformation syndrome,['All ages'],['Autosomal dominant']
858,Congenital toxoplasmosis,Disease,"['Antenatal', 'Infancy', 'Neonatal']",['Not applicable']
859,Transcobalamin deficiency,Disease,"['Infancy', 'Neonatal']",['Autosomal recessive']
860,Congenitally uncorrected transposition of the great arteries,Morphological anomaly,"['Infancy', 'Neonatal']","['Multigenic/multifactorial', 'Not applicable']"
861,Treacher-Collins syndrome,Malformation syndrome,['Neonatal'],"['Autosomal dominant', 'Autosomal recessive']"
863,Trichinellosis,Disease,['All ages'],['Not applicable']
864,Trichofolliculoma,Disease,['Adult'],['Not applicable']
867,Familial multiple trichoepithelioma,Clinical subtype,['Childhood'],['Autosomal dominant']
868,Triose phosphate-isomerase deficiency,Disease,['Neonatal'],['Autosomal recessive']
869,Triple A syndrome,Disease,['All ages'],['Autosomal recessive']
870,Down syndrome,Malformation syndrome,"['Antenatal', 'Neonatal']",['Not applicable']
871,Familial progressive cardiac conduction defect,Disease,['Adult'],['Autosomal dominant']
873,Desmoid tumor,Disease,"['Adolescent', 'Adult']","['Not applicable', 'Unknown']"
874,Primary adult heart tumor,Disease,['Adult'],['Not applicable']
875,Primary pediatric heart tumor,Disease,['Childhood'],['Not applicable']
876,Yolk sac tumor,Disease,"['Adolescent', 'Adult']",['Not applicable']
877,Neuroendocrine neoplasm,Category,['Adult'],['Unknown']
879,Tungiasis,Disease,['All ages'],['Not applicable']
881,Turner syndrome,Malformation syndrome,"['Antenatal', 'Childhood', 'Infancy', 'Neonatal']","['Not applicable', 'Unknown']"
882,Tyrosinemia type 1,Disease,['All ages'],['Autosomal recessive']
884,Tetrasomy 12p syndrome,Malformation syndrome,"['Antenatal', 'Neonatal']","['Not applicable', 'Unknown']"
886,Usher syndrome,Disease,"['Childhood', 'Infancy', 'Neonatal']",['Autosomal recessive']
887,VACTERL/VATER association,Malformation syndrome,['Neonatal'],['Not applicable']
888,Van der Woude syndrome,Malformation syndrome,['Neonatal'],"['Autosomal dominant', 'Not applicable']"
889,Cutaneous small vessel vasculitis,Disease,['All ages'],['Not applicable']
890,Hepatic veno-occlusive disease,Disease,['All ages'],['Not applicable']
891,Familial exudative vitreoretinopathy,Disease,"['Infancy', 'Neonatal']","['Autosomal dominant', 'Autosomal recessive', 'X-linked recessive']"
892,Von Hippel-Lindau disease,Disease,"['Adolescent', 'Adult', 'Childhood']",['Autosomal dominant']
893,WAGR syndrome,Malformation syndrome,['Neonatal'],['Autosomal dominant']
894,Waardenburg syndrome type 1,Clinical subtype,['Neonatal'],['Autosomal dominant']
895,Waardenburg syndrome type 2,Clinical subtype,['Neonatal'],['Autosomal dominant']
896,Waardenburg syndrome type 3,Clinical subtype,['Neonatal'],"['Autosomal dominant', 'Autosomal recessive']"
897,Waardenburg-Shah syndrome,Disease,['Neonatal'],"['Autosomal dominant', 'Autosomal recessive']"
898,Wagner disease,Disease,['Childhood'],['Autosomal dominant']
899,Walker-Warburg syndrome,Disease,"['Infancy', 'Neonatal']",['Autosomal recessive']
900,Granulomatosis with polyangiitis,Disease,"['Adolescent', 'Adult', 'Childhood', 'Elderly']",['Not applicable']
901,Wells syndrome,Disease,['Adult'],['Not applicable']
902,Werner syndrome,Disease,"['Adolescent', 'Adult']",['Autosomal recessive']
903,Von Willebrand disease,Disease,['All ages'],"['Autosomal dominant', 'Autosomal recessive']"
904,Williams syndrome,Malformation syndrome,"['Antenatal', 'Neonatal']",['Autosomal dominant']
905,Wilson disease,Disease,"['Adolescent', 'Adult', 'Childhood', 'Elderly']",['Autosomal recessive']
906,Wiskott-Aldrich syndrome,Disease,"['Infancy', 'Neonatal']","['Autosomal dominant', 'Autosomal recessive', 'Not applicable', 'X-linked recessive']"
908,Fragile X syndrome,Malformation syndrome,"['Childhood', 'Infancy', 'Neonatal']",['X-linked dominant']
909,Cerebrotendinous xanthomatosis,Disease,"['Infancy', 'Neonatal']",['Autosomal recessive']
910,Xeroderma pigmentosum,Disease,['All ages'],['Autosomal recessive']
911,Combined immunodeficiency due to ZAP70 deficiency,Disease,['Childhood'],['Autosomal recessive']
912,Zellweger syndrome,Disease,['Neonatal'],['Autosomal recessive']
913,Zollinger-Ellison syndrome,Disease,"['Adult', 'Elderly']",['Not applicable']
915,Aarskog-Scott syndrome,Malformation syndrome,['Childhood'],"['Autosomal dominant', 'Autosomal recessive', 'X-linked recessive']"
916,Aase-Smith syndrome,Malformation syndrome,"['Antenatal', 'Neonatal']",['Autosomal dominant']
920,Ablepharon macrostomia syndrome,Malformation syndrome,"['Antenatal', 'Neonatal']",['Autosomal dominant']
921,Abruzzo-Erickson syndrome,Malformation syndrome,['Antenatal'],['X-linked recessive']
922,Familial nasal acilia,Disease,['Neonatal'],[]
926,Acatalasemia,Disease,['All ages'],['Autosomal recessive']
927,Hyperammonemia due to N-acetylglutamate synthase deficiency,Disease,['All ages'],['Autosomal recessive']
929,Achalasia-microcephaly syndrome,Malformation syndrome,['Neonatal'],['Autosomal recessive']
930,Idiopathic achalasia,Disease,['All ages'],"['Autosomal recessive', 'Not applicable']"
931,Isolated acheiropodia,Morphological anomaly,"['Antenatal', 'Neonatal']",['Autosomal recessive']
932,Achondrogenesis,Disease,"['Antenatal', 'Neonatal']","['Autosomal dominant', 'Autosomal recessive']"
935,Short-limb skeletal dysplasia with severe combined immunodeficiency,Disease,"['Infancy', 'Neonatal']",['Not applicable']
939,3-hydroxyisobutyric aciduria,Disease,"['Antenatal', 'Neonatal']",[]
941,D-glyceric aciduria,Disease,['All ages'],['Autosomal recessive']
943,Malonic aciduria,Disease,['Childhood'],['Autosomal recessive']
945,Acalvaria,Malformation syndrome,"['Antenatal', 'Neonatal']",['Not applicable']
949,Acrocraniofacial dysostosis,Malformation syndrome,"['Antenatal', 'Neonatal']",['Autosomal recessive']
950,Acrodysostosis,Malformation syndrome,"['Antenatal', 'Neonatal']",['Autosomal dominant']
952,"Acrofacial dysostosis, Weyers type",Malformation syndrome,['Neonatal'],['Autosomal dominant']
955,Hajdu-Cheney syndrome,Malformation syndrome,"['Childhood', 'Infancy']",['Autosomal dominant']
957,Acropectorovertebral dysplasia,Malformation syndrome,"['Antenatal', 'Neonatal']",['Autosomal dominant']
958,Acro-renal-mandibular syndrome,Malformation syndrome,"['Antenatal', 'Neonatal']",['Autosomal recessive']
959,Acro-renal-ocular syndrome,Malformation syndrome,"['Antenatal', 'Neonatal']",['Autosomal dominant']
963,Acromegaly,Disease,"['Adolescent', 'Adult', 'Childhood', 'Elderly', 'Infancy']",['Not applicable']
968,"Acromesomelic dysplasia, Hunter-Thompson type",Malformation syndrome,['Neonatal'],['Autosomal recessive']
969,Acromicric dysplasia,Malformation syndrome,['Neonatal'],['Autosomal dominant']
970,Hereditary sensory and autonomic neuropathy type 2,Disease,"['Infancy', 'Neonatal']",['Autosomal recessive']
971,Acrorenal syndrome,Malformation syndrome,['Neonatal'],['Autosomal recessive']
972,Hereditary continuous muscle fiber activity,Disease,"['Childhood', 'Infancy']",[]
973,"Isolated absence/hypoplasia of fingers excluding thumb, unilateral",Morphological anomaly,"['Antenatal', 'Neonatal']","['Autosomal dominant', 'Not applicable']"
974,Adams-Oliver syndrome,Malformation syndrome,['Neonatal'],"['Autosomal dominant', 'Autosomal recessive']"
976,Adenine phosphoribosyltransferase deficiency,Disease,"['Adolescent', 'Adult', 'Childhood', 'Elderly', 'Infancy']",['Autosomal recessive']
977,Adrenomyodystrophy,Disease,"['Infancy', 'Neonatal']",['Unknown']
978,ADULT syndrome,Malformation syndrome,"['Antenatal', 'Neonatal']",['Autosomal dominant']
980,Absence of the pulmonary artery,Morphological anomaly,['All ages'],['Not applicable']
981,Internal carotid absence,Morphological anomaly,['All ages'],['Not applicable']
982,Pulmonary valve agenesis,Clinical group,"['Infancy', 'Neonatal']",['Not applicable']
983,Testicular regression syndrome,Morphological anomaly,['Neonatal'],['Autosomal recessive']
988,Tibial hemimelia-polysyndactyly-triphalangeal thumb syndrome,Malformation syndrome,"['Antenatal', 'Neonatal']",[]
989,Hypoglossia-hypodactyly syndrome,Malformation syndrome,"['Antenatal', 'Neonatal']",['Unknown']
990,Agnathia-holoprosencephaly-situs inversus syndrome,Malformation syndrome,"['Antenatal', 'Neonatal']","['Autosomal dominant', 'Autosomal recessive', 'Not applicable']"
991,PAGOD syndrome,Malformation syndrome,['Neonatal'],['Not applicable']
994,Fetal akinesia deformation sequence,Malformation syndrome,"['Antenatal', 'Neonatal']",['Autosomal recessive']
998,Albinism-deafness syndrome,Malformation syndrome,['Neonatal'],['X-linked recessive']
999,Ermine phenotype,Malformation syndrome,['Neonatal'],['Autosomal recessive']
1000,Ocular albinism with late-onset sensorineural deafness,Disease,['Adult'],['X-linked recessive']
1001,2q37 microdeletion syndrome,Malformation syndrome,['Neonatal'],"['Autosomal dominant', 'Not applicable']"
1003,Scalp defects-postaxial polydactyly syndrome,Malformation syndrome,['Neonatal'],['Autosomal dominant']
1005,Alopecia-contractures-dwarfism-intellectual disability syndrome,Malformation syndrome,"['Antenatal', 'Neonatal']",['Autosomal recessive']
1006,Alopecia antibody deficiency,Disease,"['Childhood', 'Infancy']",['Unknown']
1008,Alopecia-epilepsy-pyorrhea-intellectual disability syndrome,Disease,['Neonatal'],['Autosomal dominant']
1010,Autosomal dominant palmoplantar keratoderma and congenital alopecia,Disease,"['Infancy', 'Neonatal']",['Autosomal dominant']
1014,Alopecia-intellectual disability-hypergonadotropic hypogonadism syndrome,Disease,['Neonatal'],['Unknown']
1018,X-linked Alport syndrome-diffuse leiomyomatosis,Clinical subtype,"['Adolescent', 'Adult', 'Childhood']",['X-linked dominant']
1020,Early-onset autosomal dominant Alzheimer disease,Disease,['Adult'],['Autosomal dominant']
1021,Amaurosis-hypertrichosis syndrome,Disease,['Neonatal'],['Autosomal recessive']
1023,"Congenital generalized hypertrichosis, Ambras type",Clinical subtype,['Neonatal'],['Unknown']
1028,Amelo-onycho-hypohidrotic syndrome,Malformation syndrome,['No data available'],[]
1031,Enamel-renal syndrome,Malformation syndrome,['Childhood'],['Autosomal recessive']
1035,Beta-mercaptolactate cysteine disulfiduria,Biological anomaly,['No data available'],[]
1037,Arthrogryposis multiplex congenita,Clinical group,['Neonatal'],"['Autosomal dominant', 'Autosomal recessive', 'Not applicable', 'X-linked recessive']"
1040,Metaphyseal anadysplasia,Disease,"['Infancy', 'Neonatal']","['Autosomal dominant', 'Autosomal recessive']"
1041,Hydrops fetalis,Malformation syndrome,['Antenatal'],['Not applicable']
1046,Lethal hemolytic anemia-genital anomalies syndrome,Malformation syndrome,['Neonatal'],['Unknown']
1047,Sideroblastic anemia,Category,['All ages'],"['Autosomal dominant', 'Autosomal recessive', 'Mitochondrial inheritance', 'Not applicable', 'X-linked dominant', 'X-linked recessive']"
1048,Isolated anencephaly/exencephaly,Morphological anomaly,"['Infancy', 'Neonatal']","['Multigenic/multifactorial', 'Not applicable']"
1051,Ramos-Arroyo syndrome,Malformation syndrome,"['Infancy', 'Neonatal']",['Autosomal dominant']
1052,Mosaic variegated aneuploidy syndrome,Malformation syndrome,"['Antenatal', 'Neonatal']","['Autosomal dominant', 'Autosomal recessive']"
1053,Vein of Galen aneurysmal malformation,Morphological anomaly,"['Antenatal', 'Infancy', 'Neonatal']",['Not applicable']
1054,Aneurysm of sinus of Valsalva,Morphological anomaly,['Adult'],['Unknown']
1055,Congenital left ventricular aneurysm,Malformation syndrome,"['Antenatal', 'Neonatal']",[]
1059,Blue rubber bleb nevus,Malformation syndrome,['Childhood'],"['Autosomal dominant', 'Not applicable']"
1062,Hereditary neurocutaneous malformation,Disease,"['Childhood', 'Infancy']",['Autosomal dominant']
1063,Tufted angioma,Disease,['Childhood'],"['Multigenic/multifactorial', 'Not applicable']"
1064,Aniridia-renal agenesis-psychomotor retardation syndrome,Malformation syndrome,['Neonatal'],['Autosomal recessive']
1065,Aniridia-cerebellar ataxia-intellectual disability syndrome,Malformation syndrome,"['Infancy', 'Neonatal']","['Autosomal dominant', 'Autosomal recessive', 'Not applicable']"
1067,Aniridia-ptosis-intellectual disability-familial obesity syndrome,Malformation syndrome,['Childhood'],['Autosomal dominant']
1068,Aniridia-intellectual disability syndrome,Malformation syndrome,['Childhood'],['Autosomal dominant']
1069,Aniridia-absent patella syndrome,Malformation syndrome,"['Antenatal', 'Neonatal']",['Autosomal dominant']
1070,Anisakiasis,Disease,"['Adolescent', 'Adult', 'Childhood', 'Elderly']",[]
1071,Ankyloblepharon-ectodermal defects-cleft lip/palate syndrome,Malformation syndrome,['Neonatal'],['Autosomal dominant']
1072,Ankyloblepharon filiforme adnatum-cleft palate syndrome,Clinical subtype,['Neonatal'],['Autosomal dominant']
1074,Ankyloblepharon filiforme adnatum-imperforate anus syndrome,Clinical subtype,['Neonatal'],['Unknown']
1077,Dental ankylosis,Malformation syndrome,"['Adolescent', 'Adult', 'Childhood', 'Elderly']",[]
1078,Thumb stiffness-brachydactyly-intellectual disability syndrome,Malformation syndrome,"['Infancy', 'Neonatal']",['Autosomal dominant']
1083,Microlissencephaly,Morphological anomaly,"['Infancy', 'Neonatal']",['Autosomal recessive']
1084,Isolated lissencephaly type 1 without known genetic defects,Disease,"['Infancy', 'Neonatal']",['Unknown']
1094,Anonychia-microcephaly syndrome,Malformation syndrome,['Neonatal'],['Autosomal recessive']
1101,Anophthalmia-megalocornea-cardiopathy-skeletal anomalies syndrome,Malformation syndrome,"['Infancy', 'Neonatal']",['Autosomal recessive']
1104,Anophthalmia plus syndrome,Malformation syndrome,"['Antenatal', 'Neonatal']",['Autosomal recessive']
1106,Microphthalmia with limb anomalies,Malformation syndrome,"['Antenatal', 'Neonatal']",['Autosomal recessive']
1110,Aortic arch anomaly-facial dysmorphism-intellectual disability syndrome,Malformation syndrome,"['Infancy', 'Neonatal']",['Autosomal dominant']
1112,Aphalangy-hemivertebrae-urogenital-intestinal dysgenesis syndrome,Malformation syndrome,['Neonatal'],['Autosomal recessive']
1113,Aphalangy-syndactyly-microcephaly syndrome,Malformation syndrome,"['Antenatal', 'Neonatal']",['Autosomal dominant']
1114,Aplasia cutis congenita,Malformation syndrome,"['Antenatal', 'Neonatal']","['Autosomal dominant', 'Autosomal recessive', 'Not applicable']"
1116,Aplasia cutis congenita-intestinal lymphangiectasia syndrome,Disease,['Neonatal'],['Autosomal recessive']
1117,Aplasia cutis-myopia syndrome,Disease,['Neonatal'],['Autosomal recessive']
1118,Fibular aplasia-ectrodactyly syndrome,Malformation syndrome,['Neonatal'],['Autosomal dominant']
1120,Lung agenesis-heart defect-thumb anomalies syndrome,Malformation syndrome,['Antenatal'],[]
1121,Radial deficiency-tibial hypoplasia syndrome,Malformation syndrome,['Antenatal'],[]
1122,Ulnar hypoplasia-split foot syndrome,Malformation syndrome,['Neonatal'],[]
1123,Caudal appendage-deafness syndrome,Malformation syndrome,['Neonatal'],[]
1125,"Ocular motor apraxia, Cogan type",Disease,['Childhood'],['Autosomal recessive']
1126,Aprosencephaly cerebellar dysgenesis,Malformation syndrome,['Antenatal'],[]
1129,Arachnodactyly-abnormal ossification-intellectual disability syndrome,Malformation syndrome,"['Infancy', 'Neonatal']",['Unknown']
1130,Arachnodactyly-intellectual disability-dysmorphism syndrome,Malformation syndrome,"['Infancy', 'Neonatal']",['Unknown']
1131,X-linked mandibulofacial dysostosis,Malformation syndrome,['Neonatal'],['X-linked recessive']
1132,Aortic arch defects,Category,['Childhood'],['Not applicable']
1133,AREDYLD syndrome,Malformation syndrome,['Neonatal'],['Autosomal recessive']
1134,Isolated arrhinia,Malformation syndrome,"['Antenatal', 'Neonatal']",['Not applicable']
1143,Neurogenic arthrogryposis multiplex congenita,Disease,['Neonatal'],['Autosomal recessive']
1144,Arthrogryposis-like hand anomaly-sensorineural deafness syndrome,Malformation syndrome,['Neonatal'],['Unknown']
1145,Infantile-onset X-linked spinal muscular atrophy,Disease,['Neonatal'],['X-linked recessive']
1146,Distal arthrogryposis type 1,Malformation syndrome,"['Antenatal', 'Neonatal']",['Autosomal dominant']
1147,Sheldon-Hall syndrome,Malformation syndrome,['Neonatal'],"['Autosomal dominant', 'Not applicable']"
1149,Kuskokwim syndrome,Malformation syndrome,"['Childhood', 'Neonatal']",['Autosomal recessive']
1150,Arthrogryposis multiplex congenita-whistling face syndrome,Malformation syndrome,['Neonatal'],['Autosomal recessive']
1154,Arthrogryposis-oculomotor limitation-electroretinal anomalies syndrome,Malformation syndrome,['Neonatal'],"['Autosomal dominant', 'Autosomal recessive']"
1159,Progressive pseudorheumatoid dysplasia,Disease,['Childhood'],['Autosomal recessive']
1160,Chylous ascites,Disease,['All ages'],[]
1163,Aspergillosis,Disease,['All ages'],['Not applicable']
1164,Allergic bronchopulmonary aspergillosis,Disease,['Childhood'],['Not applicable']
1166,Congenital unilateral hypoplasia of depressor anguli oris,Morphological anomaly,['Neonatal'],['Autosomal dominant']
1168,Ataxia-oculomotor apraxia type 1,Disease,['Childhood'],['Autosomal recessive']
1170,Autosomal recessive cerebelloparenchymal disorder type 3,Disease,"['Adolescent', 'Childhood', 'Infancy']",['Autosomal recessive']
1171,Cerebellar ataxia-areflexia-pes cavus-optic atrophy-sensorineural hearing loss syndrome,Disease,"['Infancy', 'Neonatal']","['Autosomal dominant', 'Mitochondrial inheritance']"
1172,Autosomal recessive cerebellar ataxia,Category,['All ages'],['Autosomal recessive']
1173,Cerebellar ataxia-hypogonadism syndrome,Disease,"['Adolescent', 'Adult', 'Childhood']",['Autosomal recessive']
1174,Cerebellar ataxia-ectodermal dysplasia syndrome,Malformation syndrome,['Neonatal'],['Autosomal recessive']
1175,X-linked progressive cerebellar ataxia,Disease,['Childhood'],['X-linked recessive']
1177,Early-onset cerebellar ataxia with retained tendon reflexes,Disease,"['Adolescent', 'Adult', 'Childhood']",['Autosomal recessive']
1178,Ataxia-tapetoretinal degeneration syndrome,Disease,"['Adolescent', 'Childhood', 'Infancy']",['Unknown']
1179,Benign paroxysmal tonic upgaze of childhood with ataxia,Disease,"['Infancy', 'Neonatal']",[]
1180,Ataxia-hypogonadism-choroidal dystrophy syndrome,Disease,['Childhood'],['Autosomal recessive']
1182,Spastic ataxia with congenital miosis,Disease,"['Adolescent', 'Childhood', 'Infancy', 'Neonatal']",['Autosomal dominant']
1183,Opsoclonus-myoclonus syndrome,Disease,"['Childhood', 'Infancy']",['Not applicable']
1184,Ataxia-photosensitivity-short stature syndrome,Malformation syndrome,"['Childhood', 'Infancy']",['Unknown']
1185,Spinocerebellar ataxia-dysmorphism syndrome,Disease,['Infancy'],['Autosomal recessive']
1186,Infantile-onset spinocerebellar ataxia,Disease,['Infancy'],['Autosomal recessive']
1187,Lethal ataxia with deafness and optic atrophy,Disease,"['Infancy', 'Neonatal']",['X-linked recessive']
1188,Ataxia-deafness-intellectual disability syndrome,Malformation syndrome,"['Childhood', 'Infancy']",['Unknown']
1190,Atelosteogenesis type I,Malformation syndrome,"['Antenatal', 'Neonatal']",['Autosomal dominant']
1192,Atherosclerosis-deafness-diabetes-epilepsy-nephropathy syndrome,Malformation syndrome,['Childhood'],['Autosomal recessive']
1193,Atkin-Flaitz syndrome,Malformation syndrome,['Neonatal'],['X-linked dominant']
1194,TMEM70-related mitochondrial encephalo-cardio-myopathy,Disease,"['Infancy', 'Neonatal']",['Autosomal recessive']
1195,Congenital atransferrinemia,Disease,"['Childhood', 'Infancy']",['Autosomal recessive']
1198,Colonic atresia,Morphological anomaly,"['Antenatal', 'Neonatal']",['Not applicable']
1199,Esophageal atresia,Morphological anomaly,['Neonatal'],['Not applicable']
1200,Burn-McKeown syndrome,Malformation syndrome,['Neonatal'],['Autosomal recessive']
1201,Small bowel atresia,Morphological anomaly,['Antenatal'],"['Autosomal recessive', 'Not applicable', 'Unknown']"
1202,Larynx atresia,Malformation syndrome,['All ages'],['Autosomal dominant']
1203,Duodenal atresia,Morphological anomaly,"['Antenatal', 'Childhood', 'Infancy', 'Neonatal']",['Unknown']
1208,Pulmonary atresia-intact ventricular septum syndrome,Morphological anomaly,"['Antenatal', 'Infancy', 'Neonatal']",[]
1209,Tricuspid atresia,Morphological anomaly,"['Antenatal', 'Neonatal']",['Not applicable']
1214,Progressive hemifacial atrophy,Disease,"['Adolescent', 'Adult', 'Childhood']",['Not applicable']
1215,Autosomal dominant optic atrophy plus syndrome,Disease,"['Adolescent', 'Adult', 'Childhood']",['Autosomal dominant']
1216,Autosomal dominant congenital benign spinal muscular atrophy,Disease,"['Antenatal', 'Neonatal']",['Autosomal dominant']
1217,Spinal atrophy-ophthalmoplegia-pyramidal syndrome,Disease,['Neonatal'],[]
1221,Cheilitis glandularis,Disease,"['Adolescent', 'Adult', 'Childhood', 'Elderly']",['Not applicable']
1223,Balantidiasis,Disease,['All ages'],['Not applicable']
1225,Baller-Gerold syndrome,Malformation syndrome,['Neonatal'],['Autosomal recessive']
1226,Bamforth-Lazarus syndrome,Malformation syndrome,"['Antenatal', 'Neonatal']",['Autosomal recessive']
1227,Bangstad syndrome,Malformation syndrome,['Neonatal'],['Autosomal recessive']
1228,Banki syndrome,Malformation syndrome,['Neonatal'],['Autosomal dominant']
1229,Congenital intrauterine infection-like syndrome,Malformation syndrome,"['Antenatal', 'Neonatal']",['Autosomal recessive']
1231,Barber-Say syndrome,Malformation syndrome,['Neonatal'],"['Autosomal dominant', 'Autosomal recessive', 'Not applicable']"
1234,Bartsocas-Papas syndrome,Malformation syndrome,"['Antenatal', 'Neonatal']",['Autosomal recessive']
1236,Severe microbrachycephaly-intellectual disability-athetoid cerebral palsy syndrome,Malformation syndrome,['Neonatal'],['No data available']
1237,Beemer-Ertbruggen syndrome,Malformation syndrome,['Neonatal'],['Autosomal recessive']
1239,Behr syndrome,Malformation syndrome,[],['Autosomal recessive']
1241,Bencze syndrome,Malformation syndrome,['Childhood'],['Autosomal dominant']
1243,Best vitelliform macular dystrophy,Disease,"['Adolescent', 'Childhood']",['Autosomal dominant']
1246,Brachydactyly-nystagmus-cerebellar ataxia syndrome,Malformation syndrome,['Infancy'],['Unknown']
1247,Schistosomiasis,Disease,['All ages'],['Not applicable']
1248,Maxillonasal dysplasia,Malformation syndrome,['Neonatal'],"['Autosomal dominant', 'Autosomal recessive', 'Multigenic/multifactorial']"
1252,Blepharonasofacial malformation syndrome,Malformation syndrome,['Childhood'],"['Autosomal dominant', 'X-linked dominant']"
1253,Ascher syndrome,Malformation syndrome,['Neonatal'],['Not applicable']
1259,Blepharoptosis-myopia-ectopia lentis syndrome,Disease,['Childhood'],['Autosomal dominant']
1261,Bonnemann-Meinecke-Reich syndrome,Malformation syndrome,"['Infancy', 'Neonatal']",['Autosomal recessive']
1262,Böök syndrome,Malformation syndrome,['Adult'],['Autosomal dominant']
1263,Boomerang dysplasia,Disease,"['Antenatal', 'Neonatal']",['Not applicable']
1264,Tricho-retino-dento-digital syndrome,Malformation syndrome,['Neonatal'],['Autosomal dominant']
1267,Botulism,Disease,['All ages'],['Not applicable']
1270,Bowen-Conradi syndrome,Malformation syndrome,"['Antenatal', 'Neonatal']",['Autosomal recessive']
1272,Aymé-Gripp syndrome,Malformation syndrome,"['Infancy', 'Neonatal']",['Autosomal recessive']
1275,Brachydactyly-elbow wrist dysplasia syndrome,Malformation syndrome,"['Antenatal', 'Infancy', 'Neonatal']",['Autosomal dominant']
1276,Brachydactyly-arterial hypertension syndrome,Malformation syndrome,['Neonatal'],['Autosomal dominant']
1277,Brachydactyly-mesomelia-intellectual disability-heart defects syndrome,Malformation syndrome,['Neonatal'],[]
1278,Brachydactyly-preaxial hallux varus syndrome,Malformation syndrome,['Neonatal'],['Autosomal dominant']
1292,Brachymorphism-onychodysplasia-dysphalangism syndrome,Malformation syndrome,['Neonatal'],['Autosomal dominant']
1293,Brachyolmia,Clinical group,['Childhood'],"['Autosomal dominant', 'Autosomal recessive']"
1295,Brachytelephalangy-dysmorphism-Kallmann syndrome,Malformation syndrome,['Neonatal'],['Autosomal dominant']
1296,Lambert syndrome,Malformation syndrome,['Neonatal'],['Unknown']
1297,Branchio-oculo-facial syndrome,Malformation syndrome,['Neonatal'],['Autosomal dominant']
1299,Branchioskeletogenital syndrome,Malformation syndrome,['Neonatal'],"['Autosomal recessive', 'X-linked dominant']"
1300,Autosomal dominant popliteal pterygium syndrome,Malformation syndrome,"['Antenatal', 'Neonatal']",['Autosomal dominant']
1302,Cryptogenic organizing pneumonia,Disease,"['Adolescent', 'Adult', 'Childhood', 'Elderly']",['Not applicable']
1303,Bronchiolitis obliterans,Clinical group,['All ages'],['Not applicable']
1304,Brucellosis,Disease,['All ages'],['Not applicable']
1305,Feingold syndrome,Malformation syndrome,['Neonatal'],['Autosomal dominant']
1307,Distal limb deficiencies-micrognathia syndrome,Malformation syndrome,['Neonatal'],['Autosomal recessive']
1308,C syndrome,Malformation syndrome,"['Antenatal', 'Neonatal']","['Not applicable', 'Unknown']"
1309,Medullary sponge kidney,Morphological anomaly,"['Adult', 'Childhood']","['Autosomal dominant', 'Not applicable']"
1310,Caffey disease,Malformation syndrome,"['Antenatal', 'Childhood', 'Infancy', 'Neonatal']","['Autosomal dominant', 'Unknown']"
1313,Infantile choroidocerebral calcification syndrome,Disease,"['Infancy', 'Neonatal']",['Autosomal recessive']
1314,Symmetrical thalamic calcifications,Disease,['Neonatal'],['Not applicable']
1318,"Campomelia, Cumming type",Malformation syndrome,['Neonatal'],['Autosomal recessive']
1319,Camptobrachydactyly,Malformation syndrome,['Neonatal'],['Autosomal dominant']
1320,Idiopathic camptocormia,Morphological anomaly,"['Adult', 'Elderly']",['Not applicable']
1321,Camptodactyly-fibrous tissue hyperplasia-skeletal anomalies syndrome,Malformation syndrome,['Neonatal'],[]
1323,Camptodactyly-joint contractures-facial skeletal defects syndrome,Malformation syndrome,['Neonatal'],"['Autosomal dominant', 'Autosomal recessive']"
1325,Camptodactyly-taurinuria syndrome,Malformation syndrome,['Infancy'],['Autosomal dominant']
1326,"Camptodactyly syndrome, Guadalajara type 2",Malformation syndrome,['Neonatal'],['Autosomal recessive']
1327,"Camptodactyly syndrome, Guadalajara type 1",Malformation syndrome,['Neonatal'],['Autosomal recessive']
1328,Camurati-Engelmann disease,Malformation syndrome,"['Adolescent', 'Adult', 'Childhood']",['Autosomal dominant']
1329,Complete atrioventricular septal defect,Morphological anomaly,"['Infancy', 'Neonatal']",['Not applicable']
1330,Partial atrioventricular septal defect,Morphological anomaly,['All ages'],['Not applicable']
1331,Familial prostate cancer,Disease,['Adult'],['Not applicable']
1332,Medullary thyroid carcinoma,Disease,['Adult'],['Not applicable']
1333,Familial pancreatic carcinoma,Disease,['Adult'],"['Autosomal dominant', 'Multigenic/multifactorial']"
1334,Chronic mucocutaneous candidiasis,Disease,"['Childhood', 'Infancy']","['Autosomal dominant', 'Autosomal recessive']"
1335,Pentalogy of Cantrell,Malformation syndrome,"['Antenatal', 'Neonatal']",['Not applicable']
1336,Hyperkeratosis-hyperpigmentation syndrome,Disease,"['Adolescent', 'Childhood', 'Infancy']",['Autosomal dominant']
1338,Heart defect-tongue hamartoma-polysyndactyly syndrome,Malformation syndrome,['Neonatal'],[]
1340,Cardiofaciocutaneous syndrome,Malformation syndrome,"['Antenatal', 'Neonatal']",['Autosomal dominant']
1342,Heart-hand syndrome type 3,Malformation syndrome,['Neonatal'],[]
1344,Atrial standstill,Disease,['Adult'],"['Autosomal dominant', 'Not applicable']"
1345,Cardiomyopathy-cataract-hip spine disease syndrome,Disease,"['Adolescent', 'Adult']",['Autosomal recessive']
1349,Mitochondrial DNA-related cardiomyopathy and hearing loss,Malformation syndrome,"['Adult', 'Childhood']",['Mitochondrial inheritance']
1350,Heart-hand syndrome type 2,Malformation syndrome,"['Infancy', 'Neonatal']",[]
1352,Atrioventricular defect-blepharophimosis-radial and anal defect syndrome,Malformation syndrome,['Neonatal'],[]
1354,Heart defects-limb shortening syndrome,Malformation syndrome,['Neonatal'],['Autosomal recessive']
1355,Congenital heart defect-round face-developmental delay syndrome,Malformation syndrome,"['Infancy', 'Neonatal']",[]
1358,Carey-Fineman-Ziter syndrome,Malformation syndrome,['Neonatal'],['Autosomal recessive']
1359,Carney complex,Disease,"['Infancy', 'Neonatal']",['Autosomal dominant']
1361,Carnosinase deficiency,Biological anomaly,['Infancy'],['Autosomal recessive']
1366,Autosomal recessive palmoplantar keratoderma and congenital alopecia,Disease,['Neonatal'],['Autosomal recessive']
1368,Cataract-ataxia-deafness syndrome,Disease,['Neonatal'],['Autosomal recessive']
1369,Congenital cataract-hypertrophic cardiomyopathy-mitochondrial myopathy syndrome,Disease,"['Infancy', 'Neonatal']",['Autosomal recessive']
1373,Cataract-aberrant oral frenula-growth delay syndrome,Malformation syndrome,['Childhood'],[]
1375,Cataract-hypertrichosis-intellectual disability syndrome,Malformation syndrome,['Neonatal'],['Autosomal recessive']
1377,Cataract-microcornea syndrome,Malformation syndrome,['Neonatal'],"['Autosomal dominant', 'Autosomal recessive']"
1380,Cataract-nephropathy-encephalopathy syndrome,Malformation syndrome,['Neonatal'],['Autosomal recessive']
1381,Cataract-intellectual disability-anal atresia-urinary defects syndrome,Malformation syndrome,"['Antenatal', 'Neonatal']",[]
1383,Cataract-deafness-hypogonadism syndrome,Malformation syndrome,"['Infancy', 'Neonatal']",['Autosomal recessive']
1387,Cataract-intellectual disability-hypogonadism syndrome,Malformation syndrome,['Neonatal'],['Autosomal recessive']
1388,Catel-Manzke syndrome,Malformation syndrome,['Neonatal'],['Autosomal recessive']
1389,Cortical blindness-intellectual disability-polydactyly syndrome,Malformation syndrome,"['Antenatal', 'Neonatal']",['Autosomal recessive']
1390,Night blindness-skeletal anomalies-dysmorphism syndrome,Malformation syndrome,['Childhood'],[]
1393,Cerebrocostomandibular syndrome,Malformation syndrome,"['Antenatal', 'Neonatal']","['Autosomal dominant', 'Autosomal recessive', 'Not applicable']"
1394,Cerebrofaciothoracic dysplasia,Malformation syndrome,"['Antenatal', 'Neonatal']",['Autosomal recessive']
1397,Hydrocephaly-cerebellar agenesis syndrome,Malformation syndrome,['Neonatal'],['X-linked recessive']
1398,Isolated cerebellar agenesis,Morphological anomaly,['Childhood'],[]
1399,Richards-Rundle syndrome,Malformation syndrome,['Infancy'],['Autosomal recessive']
1401,CHAND syndrome,Malformation syndrome,['Neonatal'],[]
1406,Charlie M syndrome,Malformation syndrome,['Neonatal'],['Not applicable']
1410,Uncombable hair syndrome,Disease,['Childhood'],['Autosomal recessive']
1412,Tarsal-carpal coalition syndrome,Malformation syndrome,['Neonatal'],['Autosomal dominant']
1414,Cholestasis-lymphedema syndrome,Disease,"['Infancy', 'Neonatal']",['Autosomal recessive']
1415,Hardikar syndrome,Malformation syndrome,['Neonatal'],['Not applicable']
1416,Familial calcium pyrophosphate deposition,Disease,['Adult'],"['Autosomal dominant', 'Not applicable']"
1422,Chondrodysplasia-difference of sex development syndrome,Malformation syndrome,"['Antenatal', 'Neonatal']",['Autosomal recessive']
1423,Lethal recessive chondrodysplasia,Malformation syndrome,"['Infancy', 'Neonatal']",['Autosomal recessive']
1425,Desbuquois syndrome,Malformation syndrome,"['Antenatal', 'Neonatal']",['Autosomal recessive']
1426,Greenberg dysplasia,Disease,"['Antenatal', 'Neonatal']",['Autosomal recessive']
1427,Autosomal recessive otospondylomegaepiphyseal dysplasia,Disease,['Neonatal'],['Autosomal recessive']
1429,Benign hereditary chorea,Disease,"['Childhood', 'Infancy']",['Autosomal dominant']
1431,Paroxysmal dyskinesia,Clinical group,['Childhood'],"['Autosomal dominant', 'Not applicable']"
1433,Choroidal atrophy-alopecia syndrome,Malformation syndrome,['Neonatal'],['Unknown']
1435,Xq21 microdeletion syndrome,Malformation syndrome,"['Infancy', 'Neonatal']",['X-linked recessive']
1436,X-linked skeletal dysplasia-intellectual disability syndrome,Malformation syndrome,['Neonatal'],['X-linked recessive']
1437,Ring chromosome 1 syndrome,Malformation syndrome,['Neonatal'],[]
1438,Ring chromosome 10 syndrome,Malformation syndrome,"['Antenatal', 'Neonatal']","['Not applicable', 'Unknown']"
1439,Ring chromosome 12 syndrome,Malformation syndrome,"['Infancy', 'Neonatal']",[]
1440,Ring chromosome 14 syndrome,Malformation syndrome,['Childhood'],"['Not applicable', 'Unknown']"
1441,Ring chromosome 17 syndrome,Malformation syndrome,['Childhood'],"['Not applicable', 'Unknown']"
1442,Ring chromosome 18 syndrome,Malformation syndrome,"['Antenatal', 'Infancy', 'Neonatal']",[]
1443,Ring chromosome 19 syndrome,Malformation syndrome,['Antenatal'],[]
1444,Ring chromosome 20 syndrome,Malformation syndrome,"['Adolescent', 'Adult', 'Childhood', 'Infancy']",['Unknown']
1445,Ring chromosome 21 syndrome,Malformation syndrome,"['Antenatal', 'Neonatal']",[]
1446,Ring chromosome 22 syndrome,Malformation syndrome,"['Infancy', 'Neonatal']",[]
1447,Ring chromosome 4 syndrome,Malformation syndrome,"['Infancy', 'Neonatal']",[]
1448,Ring chromosome 6 syndrome,Malformation syndrome,"['Antenatal', 'Infancy', 'Neonatal']",[]
1449,Ring chromosome 7 syndrome,Malformation syndrome,"['Antenatal', 'Neonatal']",[]
1450,Ring chromosome 8 syndrome,Malformation syndrome,['Neonatal'],[]
1451,CINCA syndrome,Disease,"['Infancy', 'Neonatal']","['Autosomal dominant', 'Not applicable']"
1452,Cleidocranial dysplasia,Malformation syndrome,['Neonatal'],"['Autosomal dominant', 'Not applicable']"
1453,Cleidorhizomelic syndrome,Malformation syndrome,['Neonatal'],['Autosomal dominant']
1454,Joubert syndrome with hepatic defect,Disease,['Neonatal'],['Autosomal recessive']
1456,Middle aortic syndrome,Morphological anomaly,['Childhood'],['Not applicable']
1457,Aorta coarctation,Morphological anomaly,"['Infancy', 'Neonatal']",['Not applicable']
1458,CODAS syndrome,Malformation syndrome,"['Infancy', 'Neonatal']",['Autosomal recessive']
1459,Celiac disease-epilepsy-cerebral calcification syndrome,Disease,['Childhood'],['Not applicable']
1460,Isolated complex III deficiency,Disease,"['Childhood', 'Infancy', 'Neonatal']","['Autosomal recessive', 'Mitochondrial inheritance']"
1461,Criss-cross heart,Morphological anomaly,"['Infancy', 'Neonatal']",['Unknown']
1464,Univentricular heart,Morphological anomaly,"['Infancy', 'Neonatal']",['Not applicable']
1465,Coffin-Siris syndrome,Malformation syndrome,['Neonatal'],['Autosomal dominant']
1466,COFS syndrome,Clinical subtype,"['Antenatal', 'Neonatal']",['Autosomal recessive']
1467,Cogan syndrome,Disease,"['Adolescent', 'Adult', 'Childhood']",['Not applicable']
1471,Coloboma of macula-brachydactyly type B syndrome,Malformation syndrome,"['Antenatal', 'Neonatal']",['Autosomal dominant']
1473,Uveal coloboma-cleft lip and palate-intellectual disability,Malformation syndrome,['Neonatal'],['Autosomal dominant']
1475,Renal coloboma syndrome,Malformation syndrome,['Childhood'],['Autosomal dominant']
1478,Interatrial communication,Morphological anomaly,"['Adolescent', 'Adult', 'Childhood', 'Elderly']",['Not applicable']
1479,Atrial septal defect-atrioventricular conduction defects syndrome,Malformation syndrome,['No data available'],['Autosomal dominant']
1482,Gonococcal conjunctivitis,Disease,['All ages'],[]
1484,Contractures-ectodermal dysplasia-cleft lip/palate syndrome,Malformation syndrome,['Neonatal'],"['Autosomal recessive', 'X-linked recessive']"
1485,"Arthrogryposis-hyperkeratosis syndrome, lethal form",Malformation syndrome,['Neonatal'],['Unknown']
1486,Lethal congenital contracture syndrome type 1,Malformation syndrome,"['Antenatal', 'Neonatal']",['Autosomal recessive']
1487,Cooks syndrome,Malformation syndrome,['Neonatal'],['Autosomal dominant']
1488,Cooper-Jabs syndrome,Malformation syndrome,['Neonatal'],['Autosomal recessive']
1489,Whooping cough,Disease,['All ages'],[]
1490,Corneal dystrophy-perceptive deafness syndrome,Malformation syndrome,['Neonatal'],['Autosomal recessive']
1493,Vici syndrome,Malformation syndrome,"['Antenatal', 'Neonatal']",['Autosomal recessive']
1495,Intellectual disability-hypoplastic corpus callosum-preauricular tag syndrome,Malformation syndrome,['Neonatal'],['Autosomal recessive']
1496,Corpus callosum agenesis-neuronopathy syndrome,Disease,"['Antenatal', 'Neonatal']",['Autosomal recessive']
1497,X-linked complicated corpus callosum dysgenesis,Clinical subtype,"['Antenatal', 'Neonatal']",['X-linked recessive']
1501,Adrenocortical carcinoma,Disease,['Childhood'],['Not applicable']
1505,Short rib-polydactyly syndrome,Clinical group,"['Antenatal', 'Neonatal']",['Autosomal recessive']
1506,Thin ribs-tubular bones-dysmorphism syndrome,Malformation syndrome,['Neonatal'],[]
1507,Autosomal recessive Robinow syndrome,Clinical subtype,"['Infancy', 'Neonatal']",['Autosomal recessive']
1508,Coxoauricular syndrome,Malformation syndrome,['Neonatal'],['Unknown']
1509,Coxopodopatellar syndrome,Disease,"['Infancy', 'Neonatal']",['Autosomal dominant']
1512,Crane-Heise syndrome,Malformation syndrome,"['Antenatal', 'Neonatal']",['Autosomal recessive']
1513,Craniodiaphyseal dysplasia,Malformation syndrome,['Childhood'],"['Autosomal dominant', 'Autosomal recessive', 'Not applicable']"
1514,Craniodigital-intellectual disability syndrome,Malformation syndrome,['Neonatal'],"['Autosomal recessive', 'X-linked recessive']"
1515,Cranioectodermal dysplasia,Malformation syndrome,"['Antenatal', 'Neonatal']",['Autosomal recessive']
1516,Non-syndromic bilambdoid and sagittal craniosynostosis,Malformation syndrome,['Neonatal'],['Autosomal recessive']
1517,Cantú syndrome,Malformation syndrome,['Neonatal'],"['Autosomal dominant', 'Not applicable']"
1519,SPECC1L-related hypertelorism syndrome,Malformation syndrome,['Neonatal'],['Autosomal dominant']
1520,Craniofrontonasal dysplasia,Malformation syndrome,['Neonatal'],['X-linked dominant']
1521,Craniofrontonasal dysplasia-Poland anomaly syndrome,Malformation syndrome,['Neonatal'],['Unknown']
1522,Craniometaphyseal dysplasia,Malformation syndrome,['Childhood'],"['Autosomal dominant', 'Autosomal recessive']"
1524,Craniomicromelic syndrome,Malformation syndrome,"['Infancy', 'Neonatal']",[]
1525,Cranio-osteoarthropathy,Malformation syndrome,['Childhood'],['Autosomal recessive']
1527,"Craniosynostosis, Philadelphia type",Malformation syndrome,['Neonatal'],['Autosomal dominant']
1528,Craniotelencephalic dysplasia,Malformation syndrome,['Neonatal'],[]
1529,Craniofacial-deafness-hand syndrome,Malformation syndrome,['Neonatal'],['Autosomal dominant']
1531,Craniosynostosis,Category,"['Infancy', 'Neonatal']","['Autosomal dominant', 'Autosomal recessive', 'Not applicable', 'Unknown', 'X-linked recessive']"
1532,Gómez-López-Hernández syndrome,Malformation syndrome,['Neonatal'],['Not applicable']
1538,Craniosynostosis-Dandy-Walker malformation-hydrocephalus syndrome,Malformation syndrome,['Infancy'],['Autosomal dominant']
1540,Jackson-Weiss syndrome,Malformation syndrome,['Neonatal'],['Autosomal dominant']
1541,"Craniosynostosis, Boston type",Malformation syndrome,"['Infancy', 'Neonatal']",['Autosomal dominant']
1545,Crisponi syndrome,Malformation syndrome,['Neonatal'],['Autosomal recessive']
1546,Cryptococcosis,Disease,['All ages'],['Not applicable']
1547,Cryptomicrotia-brachydactyly-excess fingertip arch syndrome,Malformation syndrome,['Neonatal'],['Autosomal dominant']
1548,Cryptorchidism-arachnodactyly-intellectual disability syndrome,Malformation syndrome,"['Infancy', 'Neonatal']",[]
1551,Familial benign copper deficiency,Disease,['Infancy'],[]
1552,Currarino syndrome,Malformation syndrome,['All ages'],"['Autosomal dominant', 'Not applicable']"
1553,Curry-Jones syndrome,Malformation syndrome,['Neonatal'],['Not applicable']
1555,Cutis gyrata-acanthosis nigricans-craniosynostosis syndrome,Malformation syndrome,['Neonatal'],['Autosomal dominant']
1556,Cutis marmorata telangiectatica congenita,Malformation syndrome,['Neonatal'],['Not applicable']
1560,Cysticercosis,Disease,['All ages'],['Not applicable']
1561,Fatal infantile cytochrome C oxidase deficiency,Disease,"['Infancy', 'Neonatal']",[]
1563,Dahlberg-Borer-Newcomer syndrome,Malformation syndrome,['Childhood'],"['Autosomal recessive', 'X-linked recessive']"
1566,Dandy-Walker malformation-postaxial polydactyly syndrome,Malformation syndrome,"['Antenatal', 'Neonatal']",['Autosomal recessive']
1568,X-linked intellectual disability-Dandy-Walker malformation-basal ganglia disease-seizures syndrome,Malformation syndrome,"['Antenatal', 'Neonatal']",['X-linked recessive']
1570,Symbrachydactyly of hands and feet,Malformation syndrome,['Neonatal'],[]
1571,Knobloch syndrome,Malformation syndrome,"['Infancy', 'Neonatal']",['Autosomal recessive']
1572,Common variable immunodeficiency,Disease,['All ages'],"['Autosomal dominant', 'Autosomal recessive', 'Not applicable']"
1573,Hypotrichosis with juvenile macular degeneration,Malformation syndrome,"['Infancy', 'Neonatal']",['Autosomal recessive']
1574,Retinal degeneration-nanophthalmos-glaucoma syndrome,Malformation syndrome,['Adult'],['Autosomal recessive']
1576,Infantile bilateral striatal necrosis,Clinical group,['All ages'],"['Autosomal dominant', 'Autosomal recessive', 'Mitochondrial inheritance', 'Not applicable']"
1578,Pterin-4 alpha-carbinolamine dehydratase deficiency,Clinical subtype,['Neonatal'],['Autosomal recessive']
1580,Distal deletion 10p syndrome,Clinical group,['Childhood'],"['Not applicable', 'Unknown']"
1581,Non-distal deletion 10q syndrome,Malformation syndrome,"['Antenatal', 'Neonatal']",[]
1587,Monosomy 13q14 syndrome,Malformation syndrome,"['Infancy', 'Neonatal']",['Not applicable']
1590,Distal deletion 13q syndrome,Malformation syndrome,"['Antenatal', 'Infancy', 'Neonatal']",[]
1596,Distal deletion 15q syndrome,Malformation syndrome,"['Antenatal', 'Neonatal']",[]
1597,Distal deletion 17q syndrome,Malformation syndrome,['Neonatal'],"['Not applicable', 'Unknown']"
1598,Monosomy 18p syndrome,Disease,['Neonatal'],"['Not applicable', 'Unknown']"
1600,Monosomy 18q syndrome,Malformation syndrome,"['Antenatal', 'Neonatal']",['Not applicable']
1606,1p36 deletion syndrome,Malformation syndrome,"['Antenatal', 'Neonatal']","['Multigenic/multifactorial', 'Not applicable']"
1617,Developmental delay-language impairment-dopa responsive dystonia-parkinsonism syndrome due to 2q24 microdeletion,Etiological subtype,"['Antenatal', 'Neonatal']",['Not applicable']
1620,Distal deletion 3p syndrome,Malformation syndrome,"['Antenatal', 'Neonatal']",[]
1621,3q13 microdeletion syndrome,Malformation syndrome,"['Antenatal', 'Neonatal']",['Not applicable']
1627,Deletion 5q35 syndrome,Malformation syndrome,"['Antenatal', 'Neonatal']","['Not applicable', 'Unknown']"
1636,Distal monosomy 7q36 syndrome,Malformation syndrome,"['Antenatal', 'Neonatal']",[]
1642,Distal deletion 9p syndrome,Malformation syndrome,"['Infancy', 'Neonatal']",[]
1643,Xp22.3 microdeletion syndrome,Malformation syndrome,['Neonatal'],['Not applicable']
1646,Chromosome Y microdeletion syndrome,Malformation syndrome,['Adult'],"['Not applicable', 'Y-linked']"
1647,Oculocerebrocutaneous syndrome,Malformation syndrome,['Neonatal'],['Not applicable']
1652,Dent disease,Disease,['Childhood'],['X-linked recessive']
1653,Dentin dysplasia,Disease,['All ages'],['Autosomal dominant']
1655,Müllerian derivatives-lymphangiectasia-polydactyly syndrome,Malformation syndrome,"['Antenatal', 'Neonatal']",['Unknown']
1656,Dermatitis herpetiformis,Disease,['All ages'],['Not applicable']
1657,"Dermatoosteolysis, Kirghizian type",Malformation syndrome,['Infancy'],['Autosomal recessive']
1658,Absence of fingerprints-congenital milia syndrome,Disease,['Childhood'],['Autosomal dominant']
1659,Dermatoleukodystrophy,Disease,['Neonatal'],['Autosomal recessive']
1660,Dermoodontodysplasia,Malformation syndrome,['Childhood'],['Autosomal dominant']
1661,X-linked corneal dermoid,Disease,['Neonatal'],['X-linked recessive']
1662,Restrictive dermopathy,Disease,"['Antenatal', 'Neonatal']","['Autosomal dominant', 'Autosomal recessive']"
1665,Sporadic fetal brain disruption sequence,Malformation syndrome,['Antenatal'],['Not applicable']
1666,Dextrocardia,Morphological anomaly,"['Infancy', 'Neonatal']",[]
1667,Wolcott-Rallison syndrome,Disease,"['Infancy', 'Neonatal']",['Autosomal recessive']
1670,Chronic diarrhea with villous atrophy,Disease,['Infancy'],[]
1671,Split cord malformation type I,Morphological anomaly,"['Adolescent', 'Adult', 'Childhood', 'Infancy']",[]
1672,Diencephalic syndrome,Disease,"['Adolescent', 'Adult', 'Childhood', 'Infancy']",['Not applicable']
1675,Dihydropyrimidine dehydrogenase deficiency,Disease,['All ages'],[]
1677,Familial idiopathic dilatation of the right atrium,Morphological anomaly,['All ages'],['Unknown']
1679,Diphtheria,Disease,['All ages'],[]
1681,Diprosopus,Morphological anomaly,['Antenatal'],['No data available']
1682,Arterial dissection-lentiginosis syndrome,Malformation syndrome,['Childhood'],['Unknown']
1685,Distomatosis,Clinical group,['All ages'],['Not applicable']
1686,Cardiac diverticulum,Morphological anomaly,"['Infancy', 'Neonatal']",['Not applicable']
1692,Mosaic trisomy 1 syndrome,Malformation syndrome,['Neonatal'],[]
1695,Non-distal duplication 10q syndrome,Malformation syndrome,['Neonatal'],[]
1698,Mosaic trisomy 12 syndrome,Malformation syndrome,"['Antenatal', 'Neonatal']",[]
1699,Trisomy 12p syndrome,Malformation syndrome,['Neonatal'],"['Not applicable', 'Unknown']"
1702,Non-distal duplication 13q syndrome,Malformation syndrome,"['Antenatal', 'Neonatal']",[]
1703,Mosaic trisomy 14 syndrome,Malformation syndrome,"['Antenatal', 'Neonatal']",[]
1705,Distal duplication 14q syndrome,Malformation syndrome,"['Antenatal', 'Neonatal']",[]
1706,Mosaic trisomy 15 syndrome,Malformation syndrome,"['Antenatal', 'Neonatal']",[]
1707,Distal duplication 15q syndrome,Etiological subtype,"['Antenatal', 'Neonatal']",[]
1708,Mosaic trisomy 16 syndrome,Malformation syndrome,"['Antenatal', 'Neonatal']",[]
1711,Mosaic trisomy 17 syndrome,Malformation syndrome,"['Antenatal', 'Neonatal']",[]
1713,17p11.2 microduplication syndrome,Malformation syndrome,"['Childhood', 'Infancy', 'Neonatal']",['Not applicable']
1715,Trisomy 18p syndrome,Malformation syndrome,"['Adolescent', 'Adult', 'Childhood', 'Infancy']",[]
1716,Distal duplication 18q syndrome,Malformation syndrome,"['Antenatal', 'Neonatal']",[]
1717,Distal duplication 19q syndrome,Malformation syndrome,"['Infancy', 'Neonatal']",[]
1723,Mosaic trisomy 2 syndrome,Malformation syndrome,"['Antenatal', 'Neonatal']",[]
1724,Mosaic trisomy 20 syndrome,Malformation syndrome,"['Antenatal', 'Neonatal']",[]
1727,22q11.2 duplication syndrome,Malformation syndrome,['All ages'],['Autosomal dominant']
1738,Trisomy 4p syndrome,Malformation syndrome,"['Infancy', 'Neonatal']",[]
1742,Trisomy 5p syndrome,Malformation syndrome,"['Antenatal', 'Neonatal']","['Not applicable', 'Unknown']"
1745,Distal duplication 6p syndrome,Malformation syndrome,"['Antenatal', 'Neonatal']",[]
1747,Mosaic trisomy 7 syndrome,Malformation syndrome,"['Antenatal', 'Neonatal']",[]
1752,Trisomy 8q syndrome,Malformation syndrome,['Neonatal'],['Unknown']
1756,Caudal duplication,Malformation syndrome,"['Antenatal', 'Neonatal']",['Not applicable']
1757,Fibular dimelia-diplopodia syndrome,Malformation syndrome,['Neonatal'],['Not applicable']
1759,Thoraco-abdominal enteric duplication,Malformation syndrome,['Infancy'],[]
1762,Proximal Xq28 duplication syndrome,Malformation syndrome,"['Antenatal', 'Neonatal']",[]
1764,Familial dysautonomia,Disease,"['Childhood', 'Infancy', 'Neonatal']",['Autosomal recessive']
1766,Dysequilibrium syndrome,Disease,['Neonatal'],['Autosomal recessive']
1768,Familial caudal dysgenesis,Malformation syndrome,"['Infancy', 'Neonatal']",['Autosomal dominant']
1770,XY type gonadal dysgenesis-associated anomalies syndrome,Malformation syndrome,['Neonatal'],['Autosomal recessive']
1772,"45,X/46,XY mixed gonadal dysgenesis",Malformation syndrome,['All ages'],"['Not applicable', 'Unknown']"
1775,Dyskeratosis congenita,Disease,"['Adolescent', 'Adult', 'Childhood', 'Infancy', 'Neonatal']","['Autosomal dominant', 'Autosomal recessive', 'X-linked recessive']"
1777,Temtamy syndrome,Malformation syndrome,"['Infancy', 'Neonatal']",['Autosomal recessive']
1778,Facial dysmorphism-shawl scrotum-joint laxity syndrome,Malformation syndrome,['Neonatal'],[]
1779,Dysmorphism-cleft palate-loose skin syndrome,Malformation syndrome,"['Antenatal', 'Neonatal']",[]
1780,Thakker-Donnai syndrome,Malformation syndrome,"['Antenatal', 'Neonatal']",['Autosomal recessive']
1782,Dysosteosclerosis,Malformation syndrome,"['Infancy', 'Neonatal']","['Autosomal recessive', 'X-linked recessive']"
1784,Acrofrontofacionasal dysostosis,Malformation syndrome,['Neonatal'],['Autosomal recessive']
1786,"Acrofacial dysostosis, Catania type",Malformation syndrome,"['Antenatal', 'Neonatal']","['Autosomal dominant', 'X-linked dominant']"
1787,"Acrofacial dysostosis, Palagonia type",Malformation syndrome,"['Infancy', 'Neonatal']",['Unknown']
1788,"Acrofacial dysostosis, Rodríguez type",Malformation syndrome,"['Antenatal', 'Neonatal']","['Autosomal dominant', 'Autosomal recessive']"
1790,Hypomandibular faciocranial dysostosis,Malformation syndrome,"['Antenatal', 'Neonatal']",['Unknown']
1791,Frontofacionasal dysplasia,Malformation syndrome,['Neonatal'],[]
1794,Oculomaxillofacial dysostosis,Malformation syndrome,['Neonatal'],[]
1797,Autosomal dominant spondylocostal dysostosis,Malformation syndrome,['No data available'],['Autosomal dominant']
1798,Craniofacial dysostosis-diaphyseal hyperplasia syndrome,Malformation syndrome,['Neonatal'],['Autosomal dominant']
1799,Familial developmental dysphasia,Clinical syndrome,['Childhood'],['Autosomal dominant']
1801,Kyphomelic dysplasia,Malformation syndrome,"['Antenatal', 'Neonatal']",[]
1802,Ghosal hematodiaphyseal dysplasia,Malformation syndrome,"['Infancy', 'Neonatal']",['Autosomal recessive']
1803,Thoracomelic dysplasia,Disease,['Infancy'],[]
1806,Ectodermal dysplasia-blindness syndrome,Malformation syndrome,['Neonatal'],['Autosomal recessive']
1807,Focal facial dermal dysplasia type III,Clinical subtype,"['Antenatal', 'Neonatal']","['Autosomal dominant', 'Autosomal recessive']"
1808,"Hidrotic ectodermal dysplasia, Christianson-Fourie type",Malformation syndrome,"['Infancy', 'Neonatal']",['Autosomal dominant']
1809,"Hidrotic ectodermal dysplasia, Halal type",Malformation syndrome,"['Infancy', 'Neonatal']",['Autosomal recessive']
1810,Autosomal dominant hypohidrotic ectodermal dysplasia,Etiological subtype,"['Infancy', 'Neonatal']",['Autosomal dominant']
1811,Odontomicronychial dysplasia,Malformation syndrome,['Childhood'],['Autosomal recessive']
1812,Ectodermal dysplasia-intellectual disability-central nervous system malformation syndrome,Malformation syndrome,"['Antenatal', 'Neonatal']",['X-linked recessive']
1816,Leukomelanoderma-infantilism-intellectual disability-hypodontia-hypotrichosis syndrome,Malformation syndrome,['Neonatal'],['Autosomal recessive']
1818,"Ectodermal dysplasia, trichoodontoonychial type",Malformation syndrome,"['Antenatal', 'Infancy', 'Neonatal']",[]
1822,Dysplasia epiphysealis hemimelica,Malformation syndrome,"['Adolescent', 'Childhood']",['Autosomal dominant']
1824,Lowry-Wood syndrome,Disease,['Neonatal'],['Autosomal recessive']
1825,Epiphyseal dysplasia-hearing loss-dysmorphism syndrome,Malformation syndrome,['Neonatal'],[]
1826,Frontometaphyseal dysplasia,Disease,['Neonatal'],"['Autosomal dominant', 'X-linked dominant']"
1827,Acromelic frontonasal dysplasia,Malformation syndrome,"['Antenatal', 'Neonatal']",['Autosomal dominant']
1830,Schimke immuno-osseous dysplasia,Disease,"['Antenatal', 'Infancy', 'Neonatal']",['Autosomal recessive']
1832,Osteosclerotic bone dysplasia,Malformation syndrome,['Neonatal'],['Autosomal recessive']
1834,Axial mesodermal dysplasia spectrum,Malformation syndrome,['Antenatal'],[]
1836,"Mesomelic dysplasia, Kantaputra type",Malformation syndrome,['Neonatal'],['Autosomal dominant']
1837,"Metaphyseal chondrodysplasia, Rosenberg type",Disease,['Adolescent'],[]
1839,Hereditary mucoepithelial dysplasia,Malformation syndrome,['Childhood'],['Autosomal dominant']
1842,"Bone dysplasia, lethal Holmgren type",Malformation syndrome,"['Antenatal', 'Neonatal']",['Autosomal recessive']
1848,"Renal agenesis, bilateral",Clinical subtype,"['Antenatal', 'Neonatal']",['Autosomal recessive']
1851,Multicystic dysplastic kidney,Morphological anomaly,"['Infancy', 'Neonatal']",['Not applicable']
1852,X-linked retinal dysplasia,Disease,['Childhood'],['X-linked recessive']
1855,Spondyloenchondrodysplasia,Malformation syndrome,['Childhood'],['Autosomal recessive']
1856,Spondyloperipheral dysplasia-short ulna syndrome,Disease,"['Infancy', 'Neonatal']",['Autosomal dominant']
1858,Skeletal dysplasia-epilepsy-short stature syndrome,Malformation syndrome,['Neonatal'],[]
1860,Thanatophoric dysplasia type 1,Clinical subtype,"['Antenatal', 'Neonatal']","['Autosomal dominant', 'Not applicable']"
1861,Thoracic dysplasia-hydrocephalus syndrome,Malformation syndrome,['Antenatal'],[]
1865,"Dyssegmental dysplasia, Silverman-Handmaker type",Disease,"['Antenatal', 'Neonatal']",['Autosomal recessive']
1866,"Focal, segmental or multifocal dystonia",Category,['Adult'],['Autosomal dominant']
1867,"Hereditary bullous dystrophy, macular type",Disease,['Neonatal'],['X-linked recessive']
1871,Progressive cone dystrophy,Disease,['Adult'],"['Autosomal dominant', 'Autosomal recessive']"
1872,Cone rod dystrophy,Disease,"['Adolescent', 'Adult', 'Childhood']","['Autosomal dominant', 'Autosomal recessive', 'X-linked recessive']"
1873,Jalili syndrome,Malformation syndrome,['Childhood'],['Autosomal recessive']
1875,Congenital muscular dystrophy-infantile cataract-hypogonadism syndrome,Disease,['Neonatal'],['Autosomal recessive']
1876,Oculogastrointestinal muscular dystrophy,Disease,['Childhood'],['Autosomal recessive']
1878,TRIM32-related limb-girdle muscular dystrophy R8,Disease,"['Adolescent', 'Adult', 'Childhood']",['Autosomal recessive']
1879,Melorheostosis with osteopoikilosis,Malformation syndrome,['All ages'],['Autosomal dominant']
1880,Ebstein malformation of the tricuspid valve,Morphological anomaly,['All ages'],"['Autosomal dominant', 'Not applicable']"
1882,Hypohidrotic ectodermal dysplasia-hypothyroidism-ciliary dyskinesia syndrome,Malformation syndrome,['Childhood'],['Autosomal recessive']
1883,Ectodermal dysplasia-sensorineural deafness syndrome,Malformation syndrome,"['Childhood', 'Infancy']",['Autosomal recessive']
1884,Ectopia lentis-chorioretinal dystrophy-myopia syndrome,Disease,"['Infancy', 'Neonatal']",['Autosomal recessive']
1885,Isolated ectopia lentis,Malformation syndrome,['All ages'],"['Autosomal dominant', 'Autosomal recessive']"
1891,Intellectual disability-spasticity-ectrodactyly syndrome,Malformation syndrome,"['Infancy', 'Neonatal']",[]
1892,Ectrodactyly-polydactyly syndrome,Malformation syndrome,['Antenatal'],[]
1895,Edinburgh malformation syndrome,Malformation syndrome,['Neonatal'],['Unknown']
1896,EEC syndrome,Malformation syndrome,"['Antenatal', 'Neonatal']",['Autosomal dominant']
1897,EEM syndrome,Malformation syndrome,['Neonatal'],['Autosomal recessive']
1899,Arthrochalasia Ehlers-Danlos syndrome,Disease,"['Infancy', 'Neonatal']",['Autosomal dominant']
1900,Kyphoscoliotic Ehlers-Danlos syndrome due to lysyl hydroxylase 1 deficiency,Clinical subtype,"['Infancy', 'Neonatal']",['Autosomal recessive']
1901,Dermatosparaxis Ehlers-Danlos syndrome,Disease,"['Infancy', 'Neonatal']",['Autosomal recessive']
1902,Ehrlichiosis,Disease,['All ages'],[]
1906,Fetal valproate spectrum disorder,Malformation syndrome,"['Antenatal', 'Childhood', 'Infancy', 'Neonatal']",['Not applicable']
1908,Aminopterin/methotrexate embryofetopathy,Malformation syndrome,"['Antenatal', 'Neonatal']",['Not applicable']
1909,Indomethacin embryofetopathy,Malformation syndrome,"['Antenatal', 'Neonatal']",['Not applicable']
1910,Fetal iodine syndrome,Malformation syndrome,"['Antenatal', 'Neonatal']",['Not applicable']
1911,Cocaine embryofetopathy,Malformation syndrome,"['Antenatal', 'Neonatal']",['Not applicable']
1912,Fetal hydantoin syndrome,Malformation syndrome,"['Antenatal', 'Neonatal']",['Not applicable']
1913,Fetal trimethadione syndrome,Malformation syndrome,"['Antenatal', 'Neonatal']",['Not applicable']
1914,Vitamin K antagonist embryofetopathy,Malformation syndrome,"['Antenatal', 'Neonatal']",['Not applicable']
1915,Fetal alcohol syndrome,Malformation syndrome,"['Antenatal', 'Neonatal']",['Not applicable']
1916,Diethylstilbestrol syndrome,Malformation syndrome,['All ages'],['Not applicable']
1917,Fetal methylmercury syndrome,Malformation syndrome,"['Antenatal', 'Neonatal']",['Not applicable']
1918,Fetal minoxidil syndrome,Malformation syndrome,"['Antenatal', 'Neonatal']",['Not applicable']
1919,Phenobarbital embryopathy,Malformation syndrome,"['Antenatal', 'Neonatal']",['Not applicable']
1920,Toluene embryopathy,Malformation syndrome,"['Antenatal', 'Neonatal']",['Not applicable']
1923,Methimazole embryofetopathy,Malformation syndrome,"['Antenatal', 'Neonatal']",['Not applicable']
1926,Diabetic embryopathy,Malformation syndrome,"['Antenatal', 'Neonatal']",['Not applicable']
1927,Emery-Nelson syndrome,Malformation syndrome,"['Infancy', 'Neonatal']",[]
1928,Congenital lobar emphysema,Morphological anomaly,"['Adult', 'Childhood', 'Infancy', 'Neonatal']",['Not applicable']
1929,Rasmussen subacute encephalitis,Disease,['Childhood'],['Not applicable']
1930,Herpes simplex virus encephalitis,Disease,['All ages'],"['Multigenic/multifactorial', 'Not applicable']"
1931,Frontal encephalocele,Clinical subtype,"['Antenatal', 'Infancy', 'Neonatal']",[]
1933,"Mitochondrial DNA depletion syndrome, encephalomyopathic form with methylmalonic aciduria",Disease,['Infancy'],['Mitochondrial inheritance']
1934,Early infantile epileptic encephalopathy,Clinical syndrome,['Neonatal'],"['Autosomal dominant', 'Autosomal recessive', 'Not applicable', 'X-linked recessive']"
1937,Eng-Strom syndrome,Malformation syndrome,['Antenatal'],['Autosomal dominant']
1941,Juvenile absence epilepsy,Disease,['Adolescent'],"['Multigenic/multifactorial', 'Unknown']"
1942,Myoclonic-astatic epilepsy,Disease,['Childhood'],['Unknown']
1943,Early-onset progressive encephalopathy with migrant continuous myoclonus,Disease,['Childhood'],['Unknown']
1945,Self-limited epilepsy with centrotemporal spikes,Disease,['Childhood'],['Autosomal dominant']
1946,Amelocerebrohypohidrotic syndrome,Malformation syndrome,"['Childhood', 'Infancy', 'Neonatal']",['Autosomal recessive']
1947,"Progressive epilepsy-intellectual disability syndrome, Finnish type",Disease,['Childhood'],['Autosomal recessive']
1948,Epilepsy-microcephaly-skeletal dysplasia syndrome,Malformation syndrome,['Neonatal'],['Autosomal recessive']
1949,Self-limited neonatal epilepsy,Disease,['Neonatal'],['Autosomal dominant']
1951,Epilepsy-telangiectasia syndrome,Disease,['Childhood'],['Autosomal recessive']
1952,Epiphyseal stippling-osteoclastic hyperplasia syndrome,Malformation syndrome,"['Antenatal', 'Neonatal']",['Autosomal recessive']
1954,Congenital lethal erythroderma,Disease,['Neonatal'],['Autosomal recessive']
1955,Spinocerebellar ataxia type 34,Disease,"['Adolescent', 'Adult', 'Neonatal']",['Autosomal dominant']
1957,Esthesioneuroblastoma,Disease,"['Adult', 'Elderly']",['Not applicable']
1959,Evans syndrome,Disease,"['Adult', 'Childhood']",['Not applicable']
1962,Exostoses-anetodermia-brachydactyly type E syndrome,Malformation syndrome,['Neonatal'],['Unknown']
1964,Extrasystoles-short stature-hyperpigmentation-microcephaly syndrome,Malformation syndrome,['Neonatal'],['Autosomal dominant']
1968,Flat face-microstomia-ear anomaly syndrome,Malformation syndrome,['Neonatal'],['Unknown']
1969,Facial dysmorphism-anorexia-cachexia-eye and skin anomalies syndrome,Malformation syndrome,['No data available'],['Unknown']
1970,Facial dysmorphism-macrocephaly-myopia-Dandy-Walker malformation syndrome,Malformation syndrome,['Neonatal'],['Autosomal recessive']
1972,Lethal faciocardiomelic dysplasia,Malformation syndrome,['Neonatal'],['Autosomal recessive']
1973,Faciocardiorenal syndrome,Malformation syndrome,['Neonatal'],['Autosomal recessive']
1974,Autosomal recessive faciodigitogenital syndrome,Malformation syndrome,['Neonatal'],['Autosomal recessive']
1979,Lipodystrophy due to peptidic growth factors deficiency,Disease,['Neonatal'],['Unknown']
1980,Bilateral striopallidodentate calcinosis,Disease,['Adult'],"['Autosomal dominant', 'Not applicable']"
1986,Gollop-Wolfgang complex,Malformation syndrome,"['Antenatal', 'Neonatal']","['Autosomal dominant', 'Autosomal recessive']"
1987,Isolated femoral agenesis/hypoplasia,Morphological anomaly,"['Antenatal', 'Neonatal']",[]
1988,Femoral-facial syndrome,Malformation syndrome,"['Antenatal', 'Neonatal']",['Not applicable']
1993,Pai syndrome,Malformation syndrome,['Neonatal'],['Unknown']
1995,Cleft lip-retinopathy syndrome,Malformation syndrome,['Antenatal'],['Autosomal recessive']
1997,Blepharo-cheilo-odontic syndrome,Malformation syndrome,['Neonatal'],['Autosomal dominant']
2001,Cleft lip/palate-intestinal malrotation-cardiopathy syndrome,Malformation syndrome,['Neonatal'],['Autosomal recessive']
2003,Cleft lip/palate-deafness-sacral lipoma syndrome,Malformation syndrome,"['Infancy', 'Neonatal']",['Unknown']
2004,Laryngotracheoesophageal cleft,Morphological anomaly,"['Antenatal', 'Neonatal']","['Autosomal dominant', 'Not applicable']"
2006,Median cleft lip/mandible,Morphological anomaly,['Neonatal'],['Not applicable']
2007,Alar cartilages hypoplasia-coloboma-telecanthus syndrome,Malformation syndrome,['Neonatal'],['Autosomal recessive']
2008,Acrocardiofacial syndrome,Malformation syndrome,"['Antenatal', 'Neonatal']",['Autosomal recessive']
2010,Cleft palate-stapes fixation-oligodontia syndrome,Malformation syndrome,['Neonatal'],['Autosomal recessive']
2013,Cleft palate-large ears-small head syndrome,Malformation syndrome,"['Infancy', 'Neonatal']",[]
2014,Cleft palate,Clinical group,"['Antenatal', 'Neonatal']","['Multigenic/multifactorial', 'Not applicable']"
2015,Cleft palate-short stature-vertebral anomalies syndrome,Malformation syndrome,"['Infancy', 'Neonatal']",['Autosomal dominant']
2016,Cleft palate-lateral synechia syndrome,Malformation syndrome,"['Antenatal', 'Neonatal']",['Autosomal dominant']
2017,Sternal cleft,Morphological anomaly,"['Antenatal', 'Neonatal']",['Not applicable']
2019,Femur-fibula-ulna complex,Malformation syndrome,['Neonatal'],['Not applicable']
2020,Congenital fiber-type disproportion myopathy,Disease,"['Infancy', 'Neonatal']","['Autosomal dominant', 'Autosomal recessive', 'X-linked recessive']"
2021,Fibrochondrogenesis,Disease,['Neonatal'],"['Autosomal dominant', 'Autosomal recessive']"
2022,Endocardial fibroelastosis,Disease,['Neonatal'],['Unknown']
2023,Undifferentiated pleomorphic sarcoma,Disease,"['Adolescent', 'Adult', 'Childhood', 'Elderly']",['Not applicable']
2024,Hereditary gingival fibromatosis,Malformation syndrome,['All ages'],['Autosomal dominant']
2025,Gingival fibromatosis-facial dysmorphism syndrome,Malformation syndrome,['Neonatal'],['Autosomal recessive']
2026,Gingival fibromatosis-hypertrichosis syndrome,Malformation syndrome,"['Infancy', 'Neonatal']",['Autosomal dominant']
2027,Gingival fibromatosis-progressive deafness syndrome,Malformation syndrome,['Adult'],['Autosomal dominant']
2028,Juvenile hyaline fibromatosis,Clinical subtype,['Childhood'],['Autosomal recessive']
2030,Fibrosarcoma,Disease,['All ages'],['Not applicable']
2031,Hepatic fibrosis-renal cysts-intellectual disability syndrome,Malformation syndrome,"['Infancy', 'Neonatal']",[]
2032,Idiopathic pulmonary fibrosis,Disease,['Adult'],['Multigenic/multifactorial']
2034,Filariasis,Category,['All ages'],['Not applicable']
2035,Lymphatic filariasis,Disease,['All ages'],['Not applicable']
2036,Scalp-ear-nipple syndrome,Malformation syndrome,['Neonatal'],['Autosomal dominant']
2038,Pulmonary arteriovenous malformation,Morphological anomaly,['Infancy'],"['Multigenic/multifactorial', 'Unknown']"
2040,Congenital respiratory-biliary fistula,Morphological anomaly,['Childhood'],['Not applicable']
2041,Coronary arterial fistula,Morphological anomaly,['All ages'],['Not applicable']
2044,Floating-Harbor syndrome,Malformation syndrome,"['Infancy', 'Neonatal']",['Autosomal dominant']
2045,FLOTCH syndrome,Disease,"['Childhood', 'Infancy']",[]
2047,Flynn-Aird syndrome,Disease,['Childhood'],['Autosomal dominant']
2048,Foix-Chavany-Marie syndrome,Malformation syndrome,['All ages'],['Not applicable']
2050,Cole-Carpenter syndrome,Malformation syndrome,['Neonatal'],"['Autosomal dominant', 'Autosomal recessive', 'Not applicable']"
2052,Fraser syndrome,Malformation syndrome,"['Antenatal', 'Neonatal']",['Autosomal recessive']
2053,Freeman-Sheldon syndrome,Malformation syndrome,['Neonatal'],"['Autosomal dominant', 'Autosomal recessive']"
2056,Essential fructosuria,Disease,['All ages'],['Autosomal recessive']
2057,Blepharophimosis-ptosis-esotropia-syndactyly-short stature syndrome,Malformation syndrome,['Neonatal'],['Autosomal recessive']
2058,Fryns-Smeets-Thiry syndrome,Malformation syndrome,['Childhood'],[]
2059,Fryns syndrome,Malformation syndrome,"['Antenatal', 'Neonatal']",['Autosomal recessive']
2062,Progressive non-infectious anterior vertebral fusion,Malformation syndrome,['Childhood'],['Not applicable']
2063,Splenogonadal fusion-limb defects-micrognathia syndrome,Malformation syndrome,"['Antenatal', 'Neonatal']",[]
2064,Posterior fusion of lumbosacral vertebrae-blepharoptosis syndrome,Malformation syndrome,['Childhood'],['Autosomal dominant']
2065,Galloway-Mowat syndrome,Malformation syndrome,"['Childhood', 'Infancy', 'Neonatal']","['Autosomal recessive', 'X-linked recessive']"
2066,Gamma-aminobutyric acid transaminase deficiency,Disease,"['Infancy', 'Neonatal']",['Autosomal recessive']
2067,GAPO syndrome,Malformation syndrome,['Neonatal'],['Autosomal recessive']
2069,Gastrocutaneous syndrome,Disease,"['Adolescent', 'Adult']",[]
2070,Eosinophilic gastroenteritis,Disease,['All ages'],['Not applicable']
2072,Gaucher disease-ophthalmoplegia-cardiovascular calcification syndrome,Clinical subtype,['Childhood'],['Autosomal recessive']
2073,Narcolepsy type 1,Disease,"['Adolescent', 'Adult', 'Childhood']",['Unknown']
2074,Gemignani syndrome,Malformation syndrome,['Adult'],['Autosomal recessive']
2075,Genitopalatocardiac syndrome,Malformation syndrome,"['Antenatal', 'Neonatal']",[]
2076,X-linked intellectual disability-epilepsy syndrome,Clinical group,['Childhood'],"['X-linked dominant', 'X-linked recessive']"
2077,German syndrome,Malformation syndrome,['Neonatal'],['Autosomal recessive']
2078,Geroderma osteodysplastica,Malformation syndrome,['Neonatal'],['Autosomal recessive']
2083,Prominent glabella-microcephaly-hypogenitalism syndrome,Malformation syndrome,"['Antenatal', 'Neonatal']",[]
2084,Glaucoma-ectopia lentis-microspherophakia-stiff joints-short stature syndrome,Malformation syndrome,['All ages'],['Autosomal dominant']
2085,Glaucoma-sleep apnea syndrome,Disease,['No data available'],['Unknown']
2086,Optic pathway glioma,Disease,['All ages'],['Not applicable']
2088,Fanconi-Bickel syndrome,Disease,"['Infancy', 'Neonatal']",['Autosomal recessive']
2089,Glycogen storage disease due to hepatic glycogen synthase deficiency,Disease,['Childhood'],['Autosomal recessive']
2090,GMS syndrome,Malformation syndrome,['Neonatal'],[]
2091,Multinodular goiter-cystic kidney-polydactyly syndrome,Malformation syndrome,"['Antenatal', 'Neonatal']",['Autosomal dominant']
2092,Focal dermal hypoplasia,Malformation syndrome,['Neonatal'],['X-linked dominant']
2095,Gorlin-Chaudhry-Moss syndrome,Malformation syndrome,['Neonatal'],['Autosomal recessive']
2097,Grant syndrome,Malformation syndrome,['Neonatal'],['Unknown']
2098,"Acromesomelic dysplasia, Grebe type",Malformation syndrome,['Neonatal'],['Autosomal recessive']
2101,Grubben-de Cock-Borghgraef syndrome,Malformation syndrome,"['Antenatal', 'Neonatal']",[]
2102,GTP cyclohydrolase I deficiency,Clinical subtype,"['Infancy', 'Neonatal']",['Autosomal recessive']
2103,Guillain-Barré syndrome,Clinical group,['All ages'],['Multigenic/multifactorial']
2104,Dysmorphism-pectus carinatum-joint laxity syndrome,Malformation syndrome,"['Infancy', 'Neonatal']",['Unknown']
2107,Hall-Riggs syndrome,Malformation syndrome,['Neonatal'],['Autosomal recessive']
2108,Hallermann-Streiff syndrome,Malformation syndrome,"['Infancy', 'Neonatal']","['Not applicable', 'Unknown']"
2109,Hallermann-Streiff-like syndrome,Malformation syndrome,"['Antenatal', 'Neonatal']",[]
2110,Hallux varus-preaxial polysyndactyly syndrome,Malformation syndrome,['Neonatal'],[]
2111,Cystic hamartoma of lung and kidney,Disease,['Infancy'],['Unknown']
2114,"Hip dysplasia, Beukes type",Disease,['Childhood'],['Autosomal dominant']
2115,Harrod syndrome,Malformation syndrome,"['Infancy', 'Neonatal']",[]
2116,Hartnup disease,Disease,['All ages'],['Autosomal recessive']
2117,Hartsfield syndrome,Malformation syndrome,['Antenatal'],"['Autosomal dominant', 'Autosomal recessive']"
2118,Hawkinsinuria,Disease,"['Infancy', 'Neonatal']",['Autosomal dominant']
2119,HEC syndrome,Malformation syndrome,['Neonatal'],['Unknown']
2122,Kaposiform hemangioendothelioma,Disease,['All ages'],['Not applicable']
2123,Multifocal infantile hemangioma with extracutenous involvement,Malformation syndrome,['Neonatal'],['Not applicable']
2126,Solitary fibrous tumor,Disease,['All ages'],['Not applicable']
2128,Isolated hemihyperplasia,Morphological anomaly,"['Adolescent', 'Childhood', 'Infancy']",[]
2130,Non-syndromic hemimelia,Clinical group,['Neonatal'],['Not applicable']
2131,Alternating hemiplegia of childhood,Disease,"['Infancy', 'Neonatal']","['Autosomal dominant', 'Not applicable']"
2132,Hemoglobin C disease,Disease,['All ages'],['Autosomal recessive']
2133,Hemoglobin E disease,Disease,['All ages'],['Autosomal recessive']
2134,Atypical hemolytic uremic syndrome,Disease,['All ages'],"['Autosomal dominant', 'Autosomal recessive', 'Not applicable']"
2135,Cutaneous mastocytosis-deafness-microtia syndrome,Malformation syndrome,"['Infancy', 'Neonatal']",['Autosomal recessive']
2136,Hennekam syndrome,Malformation syndrome,['Childhood'],['Autosomal recessive']
2137,Autoimmune hepatitis,Disease,"['Adolescent', 'Adult', 'Childhood', 'Elderly']",['Not applicable']
2138,"46,XX ovotesticular difference of sex development",Malformation syndrome,"['Adolescent', 'Antenatal', 'Neonatal']","['Autosomal dominant', 'Autosomal recessive']"
2139,Hernández-Aguirre Negrete syndrome,Malformation syndrome,['Childhood'],['Autosomal recessive']
2140,Congenital diaphragmatic hernia,Morphological anomaly,['Neonatal'],"['Multigenic/multifactorial', 'Not applicable']"
2141,Diaphragmatic defect-limb deficiency-skull defect syndrome,Malformation syndrome,['Antenatal'],['Unknown']
2143,Donnai-Barrow syndrome,Malformation syndrome,"['Antenatal', 'Neonatal']",['Autosomal recessive']
2145,"Craniosynostosis, Herrmann-Opitz type",Malformation syndrome,['Antenatal'],[]
2148,Lissencephaly type 1 due to doublecortin gene mutation,Disease,"['Adolescent', 'Childhood', 'Infancy', 'Neonatal']",['X-linked recessive']
2149,Nodular neuronal heterotopia,Morphological anomaly,['All ages'],"['Autosomal dominant', 'Autosomal recessive', 'X-linked dominant']"
2150,Hirschsprung disease-type D brachydactyly syndrome,Malformation syndrome,['Neonatal'],[]
2151,Hirschsprung disease-ganglioneuroblastoma syndrome,Malformation syndrome,['Neonatal'],[]
2152,Mowat-Wilson syndrome,Malformation syndrome,"['Antenatal', 'Neonatal']",['Autosomal dominant']
2153,Hirschsprung disease-nail hypoplasia-dysmorphism syndrome,Malformation syndrome,['Neonatal'],['Autosomal recessive']
2155,Hirschsprung disease-deafness-polydactyly syndrome,Malformation syndrome,['Neonatal'],['Autosomal recessive']
2157,Histidinemia,Disease,"['Infancy', 'Neonatal']",['Autosomal recessive']
2158,Histidinuria-renal tubular defect syndrome,Disease,"['Childhood', 'Infancy']",[]
2162,Holoprosencephaly,Malformation syndrome,"['Antenatal', 'Neonatal']","['Autosomal recessive', 'Multigenic/multifactorial', 'Not applicable', 'Oligogenic', 'X-linked dominant']"
2163,Holoprosencephaly-craniosynostosis syndrome,Malformation syndrome,"['Antenatal', 'Neonatal']",[]
2165,Holoprosencephaly-caudal dysgenesis syndrome,Malformation syndrome,"['Antenatal', 'Neonatal']",[]
2166,Holoprosencephaly-postaxial polydactyly syndrome,Malformation syndrome,"['Antenatal', 'Neonatal']",['Autosomal recessive']
2167,Holzgreve syndrome,Malformation syndrome,"['Antenatal', 'Neonatal']",[]
2169,Methylcobalamin deficiency type cblE,Clinical subtype,['Childhood'],['Autosomal recessive']
2170,Methylcobalamin deficiency type cblG,Clinical subtype,['All ages'],['Autosomal recessive']
2172,Microcephaly-glomerulonephritis-marfanoid habitus syndrome,Malformation syndrome,['Neonatal'],['Autosomal recessive']
2176,Infantile systemic hyalinosis,Clinical subtype,"['Infancy', 'Neonatal']",['Autosomal recessive']
2177,Hydranencephaly,Malformation syndrome,"['Antenatal', 'Neonatal']","['Autosomal recessive', 'Unknown']"
2180,Hydrocephalus-costovertebral dysplasia-Sprengel anomaly syndrome,Malformation syndrome,['Neonatal'],['Unknown']
2181,Hydrocephaly-tall stature-joint laxity syndrome,Malformation syndrome,['Infancy'],['Autosomal recessive']
2182,Hydrocephalus with stenosis of the aqueduct of Sylvius,Clinical subtype,"['Antenatal', 'Neonatal']",['X-linked recessive']
2183,Hydrocephalus-obesity-hypogonadism syndrome,Malformation syndrome,"['Infancy', 'Neonatal']",['X-linked recessive']
2184,Hydrocephaly-low insertion umbilicus syndrome,Malformation syndrome,['Neonatal'],[]
2185,Congenital hydrocephalus,Malformation syndrome,['Antenatal'],['Not applicable']
2186,Hydrocephalus-blue sclerae-nephropathy syndrome,Malformation syndrome,['No data available'],['Unknown']
2189,Hydrolethalus,Malformation syndrome,"['Antenatal', 'Neonatal']",['Autosomal recessive']
2195,Dicarboxylic aminoaciduria,Disease,"['Infancy', 'Neonatal']",[]
2196,Primary hypomagnesemia with hypercalciuria and nephrocalcinosis with severe ocular involvement,Clinical subtype,['Childhood'],['Autosomal recessive']
2197,Idiopathic hypercalciuria,Disease,"['Adolescent', 'Adult', 'Childhood']",['Autosomal dominant']
2198,Palmoplantar keratoderma-esophageal carcinoma syndrome,Disease,"['Adolescent', 'Adult']",['Autosomal dominant']
2199,Epidermolytic palmoplantar keratoderma,Disease,"['Infancy', 'Neonatal']",[]
2200,Focal palmoplantar and gingival keratoderma,Disease,['Childhood'],[]
2201,Palmoplantar keratoderma-spastic paralysis syndrome,Disease,['All ages'],['Autosomal dominant']
2202,Palmoplantar keratoderma-deafness syndrome,Disease,['Childhood'],"['Autosomal dominant', 'Mitochondrial inheritance']"
2203,Hyperlysinemia,Disease,['All ages'],['Autosomal recessive']
2204,"Dysplastic cortical hyperostosis, Kozlowski-Tsuruta type",Clinical subtype,['Antenatal'],[]
2206,Ankylosing vertebral hyperostosis with tylosis,Malformation syndrome,['Adult'],['Autosomal dominant']
2207,Familial primary hyperparathyroidism,Clinical group,['Childhood'],['Autosomal dominant']
2209,Maternal phenylketonuria,Malformation syndrome,"['Antenatal', 'Neonatal']",['Autosomal recessive']
2211,Hypertelorism-hypospadias-polysyndactyly syndrome,Malformation syndrome,['Neonatal'],['Autosomal recessive']
2213,Hypertelorism-microtia-facial clefting syndrome,Malformation syndrome,"['Antenatal', 'Neonatal']",['Autosomal recessive']
2215,Multiple pterygium-malignant hyperthermia syndrome,Malformation syndrome,['Neonatal'],['Autosomal recessive']
2216,Maternal hyperthermia-induced birth defects,Malformation syndrome,"['Antenatal', 'Neonatal']",[]
2218,Cervical hypertrichosis-peripheral neuropathy syndrome,Disease,['Childhood'],['Autosomal recessive']
2220,Hypertrichosis cubiti,Malformation syndrome,['Childhood'],['Autosomal dominant']
2221,Acquired hypertrichosis lanuginosa,Disease,['Adult'],['Not applicable']
2222,Hypertrichosis lanuginosa congenita,Disease,['Childhood'],['Autosomal dominant']
2224,Hypertryptophanemia,Disease,"['Childhood', 'Infancy', 'Neonatal']",['Autosomal recessive']
2228,Hypodontia-dysplasia of nails syndrome,Malformation syndrome,['Childhood'],['Autosomal dominant']
2229,Dilated cardiomyopathy-hypergonadotropic hypogonadism syndrome,Malformation syndrome,"['Infancy', 'Neonatal']",['Autosomal recessive']
2230,Hypogonadotropic hypogonadism-frontoparietal alopecia syndrome,Disease,['Childhood'],['Autosomal dominant']
2232,Primary hypergonadotropic hypogonadism-partial alopecia syndrome,Disease,['Neonatal'],['Autosomal recessive']
2233,Hypogonadism-mitral valve prolapse-intellectual disability syndrome,Disease,['Infancy'],['Unknown']
2234,Male hypergonadotropic hypogonadism-intellectual disability-skeletal anomalies syndrome,Malformation syndrome,['Neonatal'],['Unknown']
2235,Hypogonadotropic hypogonadism-retinitis pigmentosa syndrome,Disease,['No data available'],['Unknown']
2237,Hypoparathyroidism-sensorineural deafness-renal disease syndrome,Malformation syndrome,['All ages'],['Autosomal dominant']
2238,Familial isolated hypoparathyroidism,Disease,['All ages'],"['Autosomal dominant', 'Autosomal recessive', 'X-linked recessive']"
2239,Familial isolated hypoparathyroidism due to agenesis of parathyroid gland,Clinical subtype,"['Infancy', 'Neonatal']","['Autosomal recessive', 'X-linked recessive']"
2241,Megacystis-microcolon-intestinal hypoperistalsis syndrome,Malformation syndrome,"['Infancy', 'Neonatal']","['Autosomal dominant', 'Autosomal recessive']"
2246,Cerebellar hypoplasia-tapetoretinal degeneration syndrome,Malformation syndrome,['Infancy'],[]
2248,Hypoplastic left heart syndrome,Morphological anomaly,"['Antenatal', 'Neonatal']",['Unknown']
2249,Ulna hypoplasia-intellectual disability syndrome,Malformation syndrome,"['Infancy', 'Neonatal']",['Autosomal recessive']
2250,Hyposmia-nasal and ocular hypoplasia-hypogonadotropic hypogonadism syndrome,Disease,"['Antenatal', 'Neonatal']","['Autosomal dominant', 'Unknown']"
2251,Thumb deformity-alopecia-pigmentation anomaly syndrome,Malformation syndrome,"['Infancy', 'Neonatal']",[]
2252,Radial hypoplasia-triphalangeal thumbs-hypospadias-maxillary diastema syndrome,Malformation syndrome,['Neonatal'],[]
2253,Foveal hypoplasia-presenile cataract syndrome,Disease,['Adult'],['Autosomal dominant']
2254,Pontocerebellar hypoplasia type 1,Malformation syndrome,['Neonatal'],['Autosomal recessive']
2255,Pancreatic hypoplasia-diabetes-congenital heart disease syndrome,Disease,['All ages'],['Autosomal dominant']
2256,Fibulo-ulnar hypoplasia-renal anomalies syndrome,Malformation syndrome,"['Antenatal', 'Neonatal']",[]
2257,Primary pulmonary hypoplasia,Morphological anomaly,['Neonatal'],[]
2260,Oligomeganephronia,Morphological anomaly,['All ages'],['Multigenic/multifactorial']
2261,"Hypospadias-intellectual disability, Goldblatt type syndrome",Malformation syndrome,"['Infancy', 'Neonatal']",[]
2266,"Hypotrichosis-intellectual disability, Lopes type",Disease,"['Childhood', 'Infancy']",['Autosomal recessive']
2268,ICF syndrome,Malformation syndrome,['Childhood'],['Autosomal recessive']
2269,Ichthyosis-alopecia-eclabion-ectropion-intellectual disability syndrome,Disease,"['Infancy', 'Neonatal']",['Autosomal recessive']
2271,Congenital ichthyosis-microcephalus-tetraplegia syndrome,Disease,"['Infancy', 'Neonatal']",['Unknown']
2272,Ichthyosis-oral and digital anomalies syndrome,Malformation syndrome,"['Infancy', 'Neonatal']",['Autosomal recessive']
2273,Ichthyosis follicularis-alopecia-photophobia syndrome,Disease,"['Infancy', 'Neonatal']","['Autosomal dominant', 'Not applicable', 'X-linked recessive']"
2274,Ichthyosis-hepatosplenomegaly-cerebellar degeneration syndrome,Disease,"['Infancy', 'Neonatal']","['Autosomal recessive', 'X-linked recessive']"
2278,Ichthyosis-intellectual disability-dwarfism-renal impairment syndrome,Malformation syndrome,['Neonatal'],[]
2282,Dysmorphism-short stature-deafness-difference of sex development syndrome,Malformation syndrome,"['Infancy', 'Neonatal']",['Autosomal recessive']
2285,Primary basilar invagination,Morphological anomaly,['All ages'],['Autosomal dominant']
2287,Fused mandibular incisors,Morphological anomaly,"['Adolescent', 'Adult', 'Childhood']",[]
2289,Neuronal intranuclear inclusion disease,Disease,"['Adolescent', 'Adult', 'Childhood', 'Infancy']",[]
2290,Microvillus inclusion disease,Disease,"['Infancy', 'Neonatal']",['Autosomal recessive']
2291,Congenital velopharyngeal incompetence,Morphological anomaly,['Neonatal'],['Autosomal dominant']
2295,Familial articular hypermobility syndrome,Disease,"['Adolescent', 'Childhood', 'Infancy']",['Autosomal dominant']
2297,Insulin-resistance syndrome type A,Disease,['Childhood'],"['Autosomal dominant', 'Autosomal recessive']"
2298,Insulin-resistance syndrome type B,Disease,"['Adolescent', 'Adult', 'Childhood', 'Elderly']",['Not applicable']
2299,Aortic arch interruption,Morphological anomaly,"['Infancy', 'Neonatal']",['Not applicable']
2300,Multiple intestinal atresia,Morphological anomaly,"['Antenatal', 'Neonatal']",['Autosomal recessive']
2301,Congenital short bowel syndrome,Morphological anomaly,"['Infancy', 'Neonatal']","['Autosomal recessive', 'X-linked recessive']"
2302,Asbestos intoxication,Disease,['All ages'],[]
2305,Isotretinoin syndrome,Malformation syndrome,"['Infancy', 'Neonatal']",['Not applicable']
2306,Isotretinoin-like syndrome,Malformation syndrome,"['Infancy', 'Neonatal']","['Autosomal recessive', 'X-linked recessive']"
2307,IVIC syndrome,Malformation syndrome,"['Antenatal', 'Neonatal']",['Autosomal dominant']
2308,Jacobsen syndrome,Malformation syndrome,['Antenatal'],"['Not applicable', 'Unknown']"
2309,Pachyonychia congenita,Disease,['All ages'],"['Autosomal dominant', 'Autosomal recessive']"
2310,Absence deformity of leg-cataract syndrome,Malformation syndrome,['Antenatal'],[]
2311,Autosomal recessive spondylocostal dysostosis,Malformation syndrome,"['Antenatal', 'Neonatal']",['Autosomal recessive']
2312,Transient familial neonatal hyperbilirubinemia,Disease,['Neonatal'],[]
2314,Autosomal dominant hyper-IgE syndrome due to STAT3 deficiency,Disease,"['Infancy', 'Neonatal']",['Autosomal dominant']
2315,Johanson-Blizzard syndrome,Malformation syndrome,"['Infancy', 'Neonatal']",['Autosomal recessive']
2316,Johnson neuroectodermal syndrome,Malformation syndrome,['Childhood'],['Autosomal dominant']
2318,Joubert syndrome with oculorenal defect,Malformation syndrome,"['Infancy', 'Neonatal']",['Autosomal recessive']
2319,Juberg-Hayward syndrome,Malformation syndrome,"['Antenatal', 'Neonatal']","['Autosomal dominant', 'Autosomal recessive']"
2321,Jung syndrome,Malformation syndrome,"['Infancy', 'Neonatal']",[]
2322,Kabuki syndrome,Malformation syndrome,"['Antenatal', 'Infancy', 'Neonatal']","['Autosomal dominant', 'Not applicable']"
2323,Sanjad-Sakati syndrome,Malformation syndrome,"['Infancy', 'Neonatal']",['Autosomal recessive']
2324,Osteopenia-intellectual disability-sparse hair syndrome,Malformation syndrome,"['Infancy', 'Neonatal']",['Autosomal recessive']
2325,Epidermolysis bullosa simplex with anodontia/hypodontia,Malformation syndrome,"['Infancy', 'Neonatal']",[]
2326,Kallmann syndrome-heart disease syndrome,Malformation syndrome,"['Infancy', 'Neonatal']",['Autosomal recessive']
2328,Kapur-Toriello syndrome,Malformation syndrome,"['Infancy', 'Neonatal']",['Autosomal recessive']
2329,Karsch-Neugebauer syndrome,Malformation syndrome,"['Infancy', 'Neonatal']",['Autosomal dominant']
2330,Kasabach-Merritt phenomenon,Particular clinical situation in a disease or syndrome,"['Infancy', 'Neonatal']",['Not applicable']
2331,Kawasaki disease,Disease,"['Adolescent', 'Adult', 'Childhood', 'Infancy']",['Multigenic/multifactorial']
2332,KBG syndrome,Malformation syndrome,"['Adolescent', 'Childhood', 'Infancy', 'Neonatal']",['Autosomal dominant']
2333,Kenny-Caffey syndrome,Malformation syndrome,['Childhood'],"['Autosomal dominant', 'Autosomal recessive']"
2334,Autosomal dominant keratitis,Disease,['Childhood'],['Autosomal dominant']
2337,"Diffuse palmoplantar keratoderma, Bothnian type",Disease,"['Childhood', 'Infancy']",['Autosomal dominant']
2338,Isolated punctate palmoplantar keratoderma,Clinical group,[],['Autosomal dominant']
2339,Keratosis follicularis-dwarfism-cerebral atrophy syndrome,Malformation syndrome,"['Infancy', 'Neonatal']",['X-linked recessive']
2340,Keratosis follicularis spinulosa decalvans,Disease,['Childhood'],"['Autosomal dominant', 'Autosomal recessive', 'X-linked recessive']"
2342,Haim-Munk syndrome,Disease,"['Childhood', 'Infancy']",['Autosomal recessive']
2345,Isolated Klippel-Feil syndrome,Malformation syndrome,"['Infancy', 'Neonatal']","['Autosomal dominant', 'Autosomal recessive', 'Not applicable']"
2346,Angioosteohypertrophic syndrome,Clinical group,"['Adolescent', 'Childhood', 'Infancy']","['Autosomal dominant', 'Not applicable']"
2347,Lethal Kniest-like dysplasia,Malformation syndrome,['Neonatal'],['Autosomal recessive']
2348,"Familial partial lipodystrophy, Dunnigan type",Disease,"['Adolescent', 'Adult', 'Childhood', 'Elderly']",['Autosomal dominant']
2349,Muscular pseudohypertrophy-hypothyroidism syndrome,Disease,['Childhood'],[]
2351,Kousseff syndrome,Malformation syndrome,"['Antenatal', 'Infancy', 'Neonatal']",[]
2353,Schilbach-Rott syndrome,Malformation syndrome,"['Infancy', 'Neonatal']",['Autosomal dominant']
2356,Arachnoid cyst,Morphological anomaly,['Childhood'],"['Autosomal recessive', 'Not applicable']"
2357,Bronchogenic cyst,Morphological anomaly,['All ages'],['Unknown']
2363,Lacrimoauriculodentodigital syndrome,Malformation syndrome,"['Antenatal', 'Neonatal']",['Autosomal dominant']
2364,Glycogen storage disease due to lactate dehydrogenase deficiency,Disease,['Childhood'],[]
2368,Gastroschisis,Morphological anomaly,['Antenatal'],['Not applicable']
2369,Limb body wall complex,Malformation syndrome,"['Infancy', 'Neonatal']",['Not applicable']
2370,Larsen-like osseous dysplasia-short stature syndrome,Malformation syndrome,['Neonatal'],[]
2371,Lethal Larsen-like syndrome,Malformation syndrome,['Neonatal'],['Autosomal recessive']
2372,Laryngocele,Malformation syndrome,['All ages'],[]
2373,Congenital laryngomalacia,Malformation syndrome,"['Infancy', 'Neonatal']",[]
2374,Isolated congenital laryngeal web,Malformation syndrome,"['Infancy', 'Neonatal']",[]
2375,Laryngeal abductor paralysis-intellectual disability syndrome,Malformation syndrome,['Childhood'],['X-linked recessive']
2377,Laurence-Moon syndrome,Malformation syndrome,['Neonatal'],['Autosomal recessive']
2378,Laurin-Sandrow syndrome,Malformation syndrome,"['Antenatal', 'Neonatal']",['Autosomal dominant']
2379,Early-onset parkinsonism-intellectual disability syndrome,Disease,['Infancy'],['X-linked recessive']
2380,Legg-Calvé-Perthes disease,Disease,['Childhood'],"['Autosomal dominant', 'Multigenic/multifactorial']"
2382,Lennox-Gastaut syndrome,Disease,"['Childhood', 'Infancy']","['Autosomal dominant', 'Multigenic/multifactorial', 'Not applicable']"
2386,Leukoencephalopathy-palmoplantar keratoderma syndrome,Disease,['Childhood'],['Autosomal recessive']
2387,Leukonychia totalis,Disease,['Neonatal'],[]
2388,Choreoacanthocytosis,Disease,['Adult'],['Autosomal recessive']
2390,Lichtenstein syndrome,Disease,"['Infancy', 'Neonatal']",['Autosomal recessive']
2391,Congenitally short costocoracoid ligament,Malformation syndrome,"['Infancy', 'Neonatal']",['Autosomal dominant']
2394,Pyruvate dehydrogenase E3 deficiency,Clinical subtype,['Childhood'],['Autosomal recessive']
2396,Encephalocraniocutaneous lipomatosis,Disease,"['Antenatal', 'Neonatal']",['Not applicable']
2398,Multiple symmetric lipomatosis,Disease,"['Adolescent', 'Adult', 'Childhood', 'Elderly']","['Autosomal dominant', 'Autosomal recessive', 'Mitochondrial inheritance', 'Not applicable']"
2399,Nasopalpebral lipoma-coloboma syndrome,Malformation syndrome,['Neonatal'],['Autosomal dominant']
2400,Peripheral motor neuropathy-dysautonomia syndrome,Disease,['Childhood'],['Unknown']
2404,Loiasis,Disease,['All ages'],['Not applicable']
2405,Thickened earlobes-conductive deafness syndrome,Malformation syndrome,['All ages'],['Autosomal dominant']
2406,Locked-in syndrome,Clinical syndrome,['All ages'],['Not applicable']
2407,Laryngo-onycho-cutaneous syndrome,Disease,"['Infancy', 'Neonatal']",['Autosomal recessive']
2408,Lowe-Kohn-Cohen syndrome,Malformation syndrome,"['Antenatal', 'Neonatal']",[]
2409,Lowry-MacLean syndrome,Malformation syndrome,"['Infancy', 'Neonatal']",['Autosomal dominant']
2410,Hypergonadotropic hypogonadism-cataract syndrome,Malformation syndrome,['Adolescent'],['Autosomal recessive']
2412,Dislocation of the hip-dysmorphism syndrome,Malformation syndrome,"['Infancy', 'Neonatal']",[]
2414,Congenital pulmonary lymphangiectasia,Disease,['Neonatal'],['Autosomal recessive']
2415,Rare lymphatic malformation,Category,"['Infancy', 'Neonatal']",['Not applicable']
2420,Primary pulmonary lymphoma,Disease,"['Adult', 'Elderly']",['Not applicable']
2427,Macrocephaly-short stature-paraplegia syndrome,Malformation syndrome,['Adult'],['Unknown']
2429,Macrocephaly-spastic paraplegia-dysmorphism syndrome,Malformation syndrome,['Childhood'],['Autosomal recessive']
2430,Congenital macroglossia,Malformation syndrome,['Neonatal'],[]
2432,Macrosomia-microphthalmia-cleft palate syndrome,Malformation syndrome,"['Antenatal', 'Neonatal']",[]
2435,Hypo- and hypermelanotic cutaneous macules-retarded growth-intellectual disability syndrome,Disease,"['Infancy', 'Neonatal']",['Unknown']
2437,Czeizel-Losonci syndrome,Malformation syndrome,"['Infancy', 'Neonatal']",['Autosomal dominant']
2438,Hand-foot-genital syndrome,Malformation syndrome,"['Antenatal', 'Neonatal']",['Autosomal dominant']
2439,Patterson-Stevenson-Fontaine syndrome,Malformation syndrome,"['Antenatal', 'Neonatal']",['Autosomal dominant']
2440,Isolated split hand-split foot malformation,Malformation syndrome,"['Infancy', 'Neonatal']","['Autosomal dominant', 'Autosomal recessive', 'X-linked recessive']"
2442,X-linked lymphoproliferative disease,Clinical group,"['Adolescent', 'Adult', 'Childhood', 'Infancy']",['X-linked recessive']
2443,Mitochondrial oxidative phosphorylation disorder due to nuclear DNA anomalies,Category,['All ages'],['Autosomal recessive']
2444,Congenital pulmonary airway malformation,Malformation syndrome,"['Adolescent', 'Adult', 'Antenatal', 'Neonatal']",['Not applicable']
2451,Mucocutaneous venous malformations,Malformation syndrome,['All ages'],['Autosomal dominant']
2456,Familial supernumerary nipples,Morphological anomaly,"['Infancy', 'Neonatal']",[]
2457,Mandibuloacral dysplasia,Malformation syndrome,"['Infancy', 'Neonatal']",['Autosomal recessive']
2459,Mansonelliasis,Disease,['All ages'],['Not applicable']
2460,Van den Ende-Gupta syndrome,Malformation syndrome,"['Infancy', 'Neonatal']",['Autosomal recessive']
2461,Marden-Walker syndrome,Malformation syndrome,"['Infancy', 'Neonatal']",['Autosomal recessive']
2462,Shprintzen-Goldberg syndrome,Malformation syndrome,"['Infancy', 'Neonatal']","['Autosomal dominant', 'Multigenic/multifactorial', 'Not applicable']"
2463,Marfanoid habitus-autosomal recessive intellectual disability syndrome,Malformation syndrome,"['Childhood', 'Infancy']",['Autosomal recessive']
2464,"Marfanoid syndrome, De Silva type",Malformation syndrome,"['Adult', 'Childhood']",[]
2466,MASA syndrome,Clinical subtype,['Neonatal'],['X-linked recessive']
2467,Systemic mastocytosis,Clinical group,['All ages'],['Not applicable']
2470,Matthew-Wood syndrome,Malformation syndrome,"['Antenatal', 'Neonatal']","['Autosomal dominant', 'Autosomal recessive']"
2471,McDonough syndrome,Malformation syndrome,"['Infancy', 'Neonatal']",[]
2473,McKusick-Kaufman syndrome,Malformation syndrome,['Neonatal'],['Autosomal recessive']
2475,White forelock with malformations,Malformation syndrome,"['Infancy', 'Neonatal']",[]
2476,Dysraphism-cleft lip/palate-limb reduction defects syndrome,Malformation syndrome,['Antenatal'],[]
2477,Megalencephaly,Malformation syndrome,"['Antenatal', 'Neonatal']",[]
2478,Megalencephalic leukoencephalopathy with subcortical cysts,Disease,"['Infancy', 'Neonatal']","['Autosomal dominant', 'Autosomal recessive']"
2479,Megalocornea-intellectual disability syndrome,Malformation syndrome,"['Childhood', 'Infancy', 'Neonatal']",[]
2481,Neurocutaneous melanocytosis,Disease,['Childhood'],['Not applicable']
2482,Melhem-Fahl syndrome,Malformation syndrome,['Neonatal'],[]
2483,Melkersson-Rosenthal syndrome,Malformation syndrome,['Childhood'],[]
2484,Melnick-Needles syndrome,Malformation syndrome,['Childhood'],['X-linked dominant']
2485,Melorheostosis,Malformation syndrome,['All ages'],['Not applicable']
2487,Lower limb malformation-hypospadias syndrome,Malformation syndrome,['Neonatal'],[]
2489,Upper limb defect-eye and ear abnormalities syndrome,Malformation syndrome,"['Infancy', 'Neonatal']",[]
2491,Müllerian duct anomalies-limb anomalies syndrome,Malformation syndrome,['Neonatal'],[]
2492,FATCO syndrome,Malformation syndrome,"['Antenatal', 'Neonatal']",[]
2494,Ménétrier disease,Disease,"['Adolescent', 'Adult', 'Childhood']","['Autosomal dominant', 'Not applicable', 'Unknown']"
2495,Meningioma,Disease,['All ages'],['Not applicable']
2496,Mesomelia-synostoses syndrome,Malformation syndrome,"['Antenatal', 'Infancy', 'Neonatal']",['Autosomal dominant']
2497,"Upper limb mesomelic dysplasia, type Fryns",Malformation syndrome,['Neonatal'],[]
2498,Syndactyly type 8,Morphological anomaly,[],"['Autosomal dominant', 'X-linked recessive']"
2499,Metachondromatosis,Malformation syndrome,['Childhood'],['Autosomal dominant']
2500,Acrogeria,Malformation syndrome,"['Childhood', 'Infancy']",[]
2501,"Metaphyseal chondrodysplasia, Spahr type",Disease,['Childhood'],['Autosomal recessive']
2502,Metaphyseal dysostosis-intellectual disability-conductive deafness syndrome,Malformation syndrome,"['Infancy', 'Neonatal']",['Autosomal recessive']
2504,Metaphyseal dysplasia-maxillary hypoplasia-brachydacty syndrome,Malformation syndrome,"['Infancy', 'Neonatal']",['Autosomal dominant']
2505,Multiple benign circumferential skin creases on limbs,Disease,"['Infancy', 'Neonatal']","['Autosomal dominant', 'Autosomal recessive']"
2508,Corpus callosum agenesis-abnormal genitalia syndrome,Malformation syndrome,"['Infancy', 'Neonatal']",['X-linked recessive']
2510,Micro syndrome,Malformation syndrome,['Childhood'],['Autosomal recessive']
2511,Microbrachycephaly-ptosis-cleft lip syndrome,Malformation syndrome,"['Infancy', 'Neonatal']",['Autosomal recessive']
2512,Autosomal recessive primary microcephaly,Etiological subtype,"['Antenatal', 'Neonatal']",['Autosomal recessive']
2513,Microcephaly-albinism-digital anomalies syndrome,Malformation syndrome,"['Infancy', 'Neonatal']",['Unknown']
2514,Autosomal dominant primary microcephaly,Etiological subtype,"['Antenatal', 'Infancy', 'Neonatal']",['Autosomal dominant']
2515,Microcephaly-cardiomyopathy syndrome,Malformation syndrome,"['Infancy', 'Neonatal']",['Autosomal recessive']
2516,Microcephaly-cardiac defect-lung malsegmentation syndrome,Malformation syndrome,"['Infancy', 'Neonatal']",['Autosomal recessive']
2518,Autosomal recessive chorioretinopathy-microcephaly syndrome,Malformation syndrome,['Neonatal'],['Autosomal recessive']
2519,Microcephaly-seizures-intellectual disability-heart disease syndrome,Malformation syndrome,"['Infancy', 'Neonatal']",['Unknown']
2521,Microcephaly-cleft palate-abnormal retinal pigmentation syndrome,Malformation syndrome,"['Infancy', 'Neonatal']",['Unknown']
2522,Microcephaly-cervical spine fusion anomalies syndrome,Malformation syndrome,"['Antenatal', 'Neonatal']",['Autosomal recessive']
2523,Microcephaly-brain defect-spasticity-hypernatremia syndrome,Malformation syndrome,['Neonatal'],[]
2524,Pontocerebellar hypoplasia type 2,Malformation syndrome,"['Infancy', 'Neonatal']",['Autosomal recessive']
2526,Microcephaly-lymphedema-chorioretinopathy syndrome,Malformation syndrome,['Neonatal'],['Autosomal dominant']
2528,"Microcephaly-microcornea syndrome, Seemanova type",Malformation syndrome,"['Infancy', 'Neonatal']",[]
2533,Microcephaly-deafness-intellectual disability syndrome,Malformation syndrome,"['Infancy', 'Neonatal']",[]
2536,Microcornea-glaucoma-absent frontal sinuses syndrome,Malformation syndrome,"['Childhood', 'Infancy', 'Neonatal']",[]
2538,Microgastria-limb reduction defect syndrome,Malformation syndrome,"['Infancy', 'Neonatal']",['Not applicable']
2542,Isolated microphthalmia-anophthalmia-coloboma,Clinical group,"['Antenatal', 'Neonatal']","['Autosomal dominant', 'Autosomal recessive', 'X-linked recessive']"
2547,Microphthalmia-microtia-fetal akinesia syndrome,Malformation syndrome,"['Antenatal', 'Neonatal']",[]
2549,Oculoauriculovertebral spectrum with radial defects,Malformation syndrome,"['Antenatal', 'Neonatal']",[]
2551,Microspherophakia-metaphyseal dysplasia syndrome,Malformation syndrome,"['Infancy', 'Neonatal']",['Autosomal dominant']
2552,Microsporidiosis,Disease,['All ages'],['Not applicable']
2554,Ear-patella-short stature syndrome,Malformation syndrome,"['Antenatal', 'Neonatal']","['Autosomal dominant', 'Autosomal recessive']"
2556,Microphthalmia with linear skin defects syndrome,Malformation syndrome,['Neonatal'],['X-linked dominant']
2557,Mietens syndrome,Malformation syndrome,"['Infancy', 'Neonatal']",['Autosomal recessive']
2558,Mikati-Najjar-Sahli syndrome,Malformation syndrome,"['Infancy', 'Neonatal']",['Autosomal recessive']
2560,Moebius syndrome-axonal neuropathy-hypogonadotropic hypogonadism syndrome,Malformation syndrome,"['Infancy', 'Neonatal']",['Not applicable']
2561,Pyramidal molars-abnormal upper lip syndrome,Malformation syndrome,['Childhood'],['Autosomal recessive']
2563,MOMO syndrome,Malformation syndrome,"['Infancy', 'Neonatal']",['Autosomal recessive']
2564,Tetramelic monodactyly,Malformation syndrome,['Antenatal'],['Autosomal dominant']
2565,Mononen-Karnes-Senac syndrome,Malformation syndrome,"['Infancy', 'Neonatal']",['X-linked dominant']
2566,Chronic Epstein-Barr virus infection syndrome,Disease,"['Adolescent', 'Adult', 'Childhood']",['Unknown']
2570,Lethal intrauterine growth restriction-cortical malformation-congenital contractures syndrome,Malformation syndrome,['Antenatal'],[]
2571,X-linked immunoneurologic disorder,Disease,"['Infancy', 'Neonatal']",['X-linked dominant']
2572,Spastic ataxia-corneal dystrophy syndrome,Disease,['Childhood'],['Autosomal recessive']
2573,Moyamoya disease,Disease,['All ages'],"['Autosomal dominant', 'Autosomal recessive', 'Multigenic/multifactorial', 'X-linked recessive']"
2574,Moynahan syndrome,Malformation syndrome,['Neonatal'],[]
2575,Cystic fibrosis-gastritis-megaloblastic anemia syndrome,Disease,['Infancy'],['Autosomal recessive']
2576,Mulibrey nanism,Malformation syndrome,"['Childhood', 'Infancy', 'Neonatal']",['Autosomal recessive']
2578,Mayer-Rokitansky-Küster-Hauser syndrome type 2,Clinical subtype,"['Adolescent', 'Antenatal', 'Neonatal']","['Autosomal dominant', 'Not applicable']"
2579,Muscular atrophy-ataxia-retinitis pigmentosa-diabetes mellitus syndrome,Disease,['Childhood'],['Autosomal dominant']
2582,Myalgia-eosinophilia syndrome associated with tryptophan,Malformation syndrome,['All ages'],['Not applicable']
2583,Mycetoma,Disease,['All ages'],['Not applicable']
2584,Classic mycosis fungoides,Disease,['Adult'],"['Multigenic/multifactorial', 'Not applicable']"
2585,Ataxia-pancytopenia syndrome,Malformation syndrome,"['Adolescent', 'Adult', 'Childhood']",['Autosomal dominant']
2587,Myeloperoxidase deficiency,Disease,['All ages'],[]
2588,Myhre syndrome,Malformation syndrome,"['Antenatal', 'Infancy', 'Neonatal']",['Autosomal dominant']
2589,Myoclonus-cerebellar ataxia-deafness syndrome,Malformation syndrome,['Childhood'],['Autosomal dominant']
2590,Spinal muscular atrophy-progressive myoclonic epilepsy syndrome,Disease,['Childhood'],['Autosomal recessive']
2591,Infantile myofibromatosis,Disease,"['Infancy', 'Neonatal']","['Autosomal dominant', 'Autosomal recessive', 'Not applicable']"
2593,Tubular aggregate myopathy,Disease,"['Adolescent', 'Adult', 'Childhood']",['Autosomal dominant']
2596,Myopathy and diabetes mellitus,Disease,"['Adolescent', 'Adult', 'Childhood', 'Infancy', 'Neonatal']",[]
2597,Mitochondrial myopathy-lactic acidosis-deafness syndrome,Disease,['Childhood'],['No data available']
2598,Mitochondrial myopathy and sideroblastic anemia,Disease,"['Adolescent', 'Childhood', 'Infancy']",['Autosomal recessive']
2604,Familial visceral myopathy,Disease,['All ages'],['Autosomal dominant']
2608,N syndrome,Malformation syndrome,"['Infancy', 'Neonatal']",['X-linked recessive']
2609,Isolated complex I deficiency,Disease,['All ages'],"['Autosomal recessive', 'Mitochondrial inheritance', 'X-linked dominant']"
2611,Linear verrucous nevus syndrome,Disease,['Neonatal'],[]
2612,Linear nevus sebaceus syndrome,Disease,"['Childhood', 'Infancy', 'Neonatal']",['Not applicable']
2613,Nail-patella-like renal disease,Disease,"['Infancy', 'Neonatal']",['Autosomal dominant']
2614,Nail-patella syndrome,Malformation syndrome,"['Childhood', 'Infancy', 'Neonatal']",['Autosomal dominant']
2616,3M syndrome,Malformation syndrome,['Antenatal'],['Autosomal recessive']
2617,"Microcephalic primordial dwarfism, Montreal type",Malformation syndrome,"['Infancy', 'Neonatal']",[]
2619,"Brachydactylous dwarfism, Mseleni type",Disease,['Childhood'],['Unknown']
2623,Geleophysic dysplasia,Malformation syndrome,['Childhood'],"['Autosomal dominant', 'Autosomal recessive']"
2631,Mesomelic dwarfism-cleft palate-camptodactyly syndrome,Malformation syndrome,['Neonatal'],['Autosomal recessive']
2632,Langer mesomelic dysplasia,Malformation syndrome,['Antenatal'],['Autosomal recessive']
2633,"Mesomelic dysplasia, Nievergelt type",Malformation syndrome,"['Antenatal', 'Neonatal']",['Autosomal dominant']
2634,"Mesomelic dwarfism, Reinhardt-Pfeiffer type",Malformation syndrome,"['Infancy', 'Neonatal']",['Autosomal dominant']
2635,Metatropic dysplasia,Disease,"['Antenatal', 'Neonatal']","['Autosomal dominant', 'Not applicable']"
2636,Microcephalic osteodysplastic primordial dwarfism types I and III,Malformation syndrome,"['Infancy', 'Neonatal']",['Autosomal recessive']
2637,Microcephalic osteodysplastic primordial dwarfism type II,Malformation syndrome,"['Antenatal', 'Infancy', 'Neonatal']",['Autosomal recessive']
2639,Fibular aplasia-complex brachydactyly syndrome,Malformation syndrome,"['Antenatal', 'Neonatal']",['Autosomal recessive']
2643,"Microcephalic primordial dwarfism, Toriello type",Malformation syndrome,"['Antenatal', 'Neonatal']",[]
2645,Osteoglosphonic dysplasia,Malformation syndrome,['Neonatal'],['Autosomal dominant']
2655,Thanatophoric dysplasia,Disease,"['Antenatal', 'Neonatal']","['Autosomal dominant', 'Not applicable']"
2658,Lenz-Majewski hyperostotic dwarfism,Malformation syndrome,"['Infancy', 'Neonatal']",['Autosomal dominant']
2662,Keipert syndrome,Malformation syndrome,"['Antenatal', 'Infancy', 'Neonatal']",[]
2663,Nathalie syndrome,Malformation syndrome,['Childhood'],[]
2665,Congenital mesoblastic nephroma,Disease,"['Infancy', 'Neonatal']",[]
2666,Adult familial nephronophthisis-spastic quadriparesia syndrome,Disease,['Adult'],['Unknown']
2668,Nephropathy-deafness-hyperparathyroidism syndrome,Malformation syndrome,['Childhood'],['Autosomal recessive']
2669,Nephrosis-deafness-urinary tract-digital malformations syndrome,Malformation syndrome,"['Infancy', 'Neonatal']",['Unknown']
2670,Pierson syndrome,Malformation syndrome,"['Childhood', 'Neonatal']",['Autosomal recessive']
2671,Neu-Laxova syndrome,Malformation syndrome,['Antenatal'],['Autosomal recessive']
2672,Neuhauser-Eichner-Opitz syndrome,Malformation syndrome,"['Childhood', 'Infancy']",['Autosomal dominant']
2673,Neurofaciodigitorenal syndrome,Malformation syndrome,"['Antenatal', 'Neonatal']",[]
2674,Cyprus facial-neuromusculoskeletal syndrome,Malformation syndrome,"['Antenatal', 'Neonatal']",['Autosomal dominant']
2678,Familial isolated café-au-lait macules,Malformation syndrome,['Childhood'],['Autosomal dominant']
2680,Hypomyelination neuropathy-arthrogryposis syndrome,Malformation syndrome,['Antenatal'],['Autosomal recessive']
2686,Cyclic neutropenia,Disease,['All ages'],['Autosomal dominant']
2688,Adult idiopathic neutropenia,Disease,['Adult'],['Not applicable']
2690,Neutropenia-monocytopenia-deafness syndrome,Disease,"['Infancy', 'Neonatal']",['Unknown']
2695,Bifid nose,Malformation syndrome,"['Antenatal', 'Neonatal']","['Autosomal dominant', 'Autosomal recessive']"
2697,Arthrogryposis-renal dysfunction-cholestasis syndrome,Malformation syndrome,['Neonatal'],['Autosomal recessive']
2698,Knuckle pads-leukonychia-sensorineural deafness-palmoplantar hyperkeratosis syndrome,Disease,['Childhood'],[]
2699,Median nodule of the upper lip,Malformation syndrome,"['Infancy', 'Neonatal']",['Autosomal dominant']
2700,Noma,Disease,['Childhood'],[]
2701,Noonan syndrome-like disorder with loose anagen hair,Malformation syndrome,"['Antenatal', 'Infancy', 'Neonatal']",['Autosomal dominant']
2703,Port-wine nevi-mega cisterna magna-hydrocephalus syndrome,Malformation syndrome,['Antenatal'],[]
2704,Urofacial syndrome,Malformation syndrome,['Childhood'],['Autosomal recessive']
2707,"Oculocerebrofacial syndrome, Kaufman type",Malformation syndrome,"['Antenatal', 'Neonatal']",['Autosomal recessive']
2709,"Oculodental syndrome, Rutherfurd type",Malformation syndrome,"['Infancy', 'Neonatal']",['Autosomal dominant']
2710,Oculodentodigital dysplasia,Malformation syndrome,"['Infancy', 'Neonatal']","['Autosomal dominant', 'Autosomal recessive']"
2712,Oculofaciocardiodental syndrome,Malformation syndrome,"['Infancy', 'Neonatal']",['X-linked dominant']
2713,Oculoosteocutaneous syndrome,Malformation syndrome,"['Infancy', 'Neonatal']",['Autosomal recessive']
2714,Oculo-palato-cerebral syndrome,Malformation syndrome,"['Infancy', 'Neonatal']",['Autosomal recessive']
2715,Severe oculo-renal-cerebellar syndrome,Malformation syndrome,['Infancy'],[]
2717,Oculotrichoanal syndrome,Malformation syndrome,"['Infancy', 'Neonatal']",['Autosomal recessive']
2718,Oculotrichodysplasia,Malformation syndrome,['Childhood'],['Autosomal recessive']
2719,"Oculocerebral hypopigmentation syndrome, Cross type",Malformation syndrome,['Neonatal'],[]
2720,"Oculocerebral hypopigmentation syndrome, Preus type",Malformation syndrome,['Neonatal'],[]
2721,Odonto-onycho-dermal dysplasia,Disease,['Childhood'],['Autosomal recessive']
2722,Odonto-onycho dysplasia-alopecia syndrome,Malformation syndrome,['Neonatal'],[]
2723,Odontotrichomelic syndrome,Malformation syndrome,['Childhood'],['Autosomal recessive']
2724,Odontomatosis-aortae esophagus stenosis syndrome,Malformation syndrome,['No data available'],[]
2728,"Blepharophimosis-intellectual disability syndrome, Ohdo type",Malformation syndrome,"['Infancy', 'Neonatal']",['Not applicable']
2730,Postaxial tetramelic oligodactyly,Malformation syndrome,['Neonatal'],[]
2732,Olivopontocerebellar atrophy-deafness syndrome,Malformation syndrome,"['Infancy', 'Neonatal']",['Autosomal recessive']
2733,Omodysplasia,Malformation syndrome,"['Infancy', 'Neonatal']","['Autosomal dominant', 'Autosomal recessive']"
2736,Lethal omphalocele-cleft palate syndrome,Malformation syndrome,"['Antenatal', 'Neonatal']",['Autosomal recessive']
2737,Onchocerciasis,Disease,['All ages'],['Not applicable']
2741,Ophthalmomandibulomelic dysplasia,Malformation syndrome,['No data available'],[]
2743,Ophthalmoplegia-intellectual disability-lingua scrotalis syndrome,Malformation syndrome,['Neonatal'],[]
2744,Horizontal gaze palsy with progressive scoliosis,Disease,"['Adolescent', 'Childhood']",[]
2745,Opitz GBBB syndrome,Malformation syndrome,"['Antenatal', 'Infancy', 'Neonatal']",['X-linked recessive']
2746,Opsismodysplasia,Disease,['Neonatal'],['Autosomal recessive']
2749,Oromandibular-limb hypogenesis syndrome,Clinical group,"['Infancy', 'Neonatal']",[]
2750,Orofaciodigital syndrome type 1,Malformation syndrome,"['Infancy', 'Neonatal']","['Not applicable', 'X-linked dominant']"
2751,Orofaciodigital syndrome type 2,Malformation syndrome,"['Infancy', 'Neonatal']",['Autosomal recessive']
2753,Orofaciodigital syndrome type 4,Malformation syndrome,"['Infancy', 'Neonatal']",['Autosomal recessive']
2754,Orofaciodigital syndrome type 6,Malformation syndrome,"['Infancy', 'Neonatal']","['Autosomal recessive', 'X-linked recessive']"
2755,Orofaciodigital syndrome type 8,Malformation syndrome,"['Infancy', 'Neonatal']",['X-linked recessive']
2759,Imperforate oropharynx-costovertebral anomalies syndrome,Malformation syndrome,['Neonatal'],[]
2760,OSLAM syndrome,Malformation syndrome,['Neonatal'],['Autosomal dominant']
2762,Progressive osseous heteroplasia,Malformation syndrome,"['Childhood', 'Infancy']",['Autosomal dominant']
2763,Osteocraniostenosis,Malformation syndrome,"['Antenatal', 'Neonatal']",['Autosomal dominant']
2764,Osteochondritis dissecans,Disease,['All ages'],['Not applicable']
2767,Carpotarsal osteochondromatosis,Malformation syndrome,['Adult'],['Autosomal dominant']
2768,Blount disease,Malformation syndrome,"['Childhood', 'Infancy']",['Autosomal recessive']
2769,"Familial osteodysplasia, Anderson type",Malformation syndrome,['Neonatal'],[]
2770,Nasu-Hakola disease,Malformation syndrome,"['Adolescent', 'Adult']",['Autosomal recessive']
2771,Bruck syndrome,Malformation syndrome,"['Childhood', 'Infancy', 'Neonatal']",['Autosomal recessive']
2772,Congenital osteogenesis imperfecta-microcephaly-cataracts syndrome,Malformation syndrome,"['Antenatal', 'Neonatal']",['Autosomal recessive']
2773,Osteogenesis imperfecta-retinopathy-seizures-intellectual disability syndrome,Malformation syndrome,"['Infancy', 'Neonatal']",['Unknown']
2774,Multicentric carpo-tarsal osteolysis with or without nephropathy,Malformation syndrome,['Childhood'],['Autosomal dominant']
2776,Autosomal recessive distal osteolysis syndrome,Malformation syndrome,['Childhood'],['Autosomal recessive']
2777,Osteomesopyknosis,Malformation syndrome,"['Adolescent', 'Adult', 'Childhood']",['Autosomal dominant']
2779,Osteopathia striata-pigmentary dermopathy-white forelock syndrome,Malformation syndrome,['Neonatal'],"['Autosomal dominant', 'X-linked dominant']"
2780,Osteopathia striata-cranial sclerosis syndrome,Malformation syndrome,"['Infancy', 'Neonatal']",['X-linked dominant']
2781,Osteopetrosis and related disorders,Clinical group,['All ages'],"['Autosomal dominant', 'Autosomal recessive', 'X-linked recessive']"
2783,Autosomal dominant osteopetrosis type 1,Malformation syndrome,"['Adolescent', 'Childhood']",['Autosomal dominant']
2785,Osteopetrosis with renal tubular acidosis,Disease,"['Infancy', 'Neonatal']",['Autosomal recessive']
2786,Osteoporosis-oculocutaneous hypopigmentation syndrome,Malformation syndrome,"['Infancy', 'Neonatal']",['Autosomal recessive']
2788,Osteoporosis-pseudoglioma syndrome,Disease,['Childhood'],['Autosomal recessive']
2789,Lateral meningocele syndrome,Malformation syndrome,"['Infancy', 'Neonatal']",['Autosomal dominant']
2790,"Endosteal hyperostosis, Worth type",Malformation syndrome,['Adolescent'],['Autosomal dominant']
2791,Otodental syndrome,Malformation syndrome,['Childhood'],['Autosomal dominant']
2792,Otofaciocervical syndrome,Malformation syndrome,"['Antenatal', 'Neonatal']",[]
2793,Otoonychoperoneal syndrome,Malformation syndrome,"['Antenatal', 'Neonatal']",['Autosomal recessive']
2795,Fowler urethral sphincter dysfunction syndrome,Disease,"['Adolescent', 'Adult', 'Childhood']",['Unknown']
2796,Pachydermoperiostosis,Malformation syndrome,['Childhood'],"['Autosomal dominant', 'Autosomal recessive']"
2798,Pachygyria-intellectual disability-epilepsy syndrome,Malformation syndrome,['Childhood'],[]
2800,Extramammary Paget disease,Disease,"['Adult', 'Elderly']",[]
2801,Juvenile Paget disease,Malformation syndrome,['Childhood'],['Autosomal recessive']
2802,X-linked sideroblastic anemia and spinocerebellar ataxia,Disease,"['Childhood', 'Infancy']",['X-linked recessive']
2804,W syndrome,Malformation syndrome,"['Infancy', 'Neonatal']",['X-linked recessive']
2805,Partial pancreatic agenesis,Morphological anomaly,"['Infancy', 'Neonatal']",['Autosomal recessive']
2806,Subacute sclerosing leukoencephalitis,Disease,['All ages'],['Not applicable']
2807,Papilloma of choroid plexus,Disease,['All ages'],[]
2808,Laryngeal abductor paralysis,Malformation syndrome,['Neonatal'],[]
2809,Familial recurrent peripheral facial palsy,Disease,"['Adolescent', 'Adult', 'Childhood']",[]
2812,Parana hard skin syndrome,Disease,['Infancy'],[]
2815,Spastic paraparesis-deafness syndrome,Malformation syndrome,['Childhood'],[]
2818,Spastic paraplegia-glaucoma-intellectual disability syndrome,Disease,['Adult'],['Autosomal recessive']
2819,Spastic paraplegia-facial-cutaneous lesions syndrome,Malformation syndrome,['Infancy'],[]
2820,Spastic paraplegia-nephritis-deafness syndrome,Clinical syndrome,['No data available'],['Autosomal dominant']
2821,Spastic paraplegia-neuropathy-poikiloderma syndrome,Disease,['Childhood'],[]
2822,Autosomal recessive spastic paraplegia type 11,Disease,"['Adolescent', 'Adult', 'Childhood', 'Infancy']",['Autosomal recessive']
2824,Paraplegia-intellectual disability-hyperkeratosis syndrome,Malformation syndrome,['Infancy'],['X-linked recessive']
2825,PARC syndrome,Malformation syndrome,"['Infancy', 'Neonatal']",['Autosomal dominant']
2826,Spastic paraplegia-precocious puberty syndrome,Disease,['Childhood'],['Autosomal dominant']
2828,Young-onset Parkinson disease,Disease,['Adult'],['Autosomal recessive']
2831,"Rhizomelic dysplasia, Patterson-Lowry type",Malformation syndrome,"['Childhood', 'Infancy']",[]
2832,Short tarsus-absence of lower eyelashes syndrome,Malformation syndrome,"['Infancy', 'Neonatal']",['Autosomal dominant']
2833,Stiff skin syndrome,Disease,"['Childhood', 'Infancy', 'Neonatal']",[]
2834,Wrinkly skin syndrome,Clinical subtype,"['Infancy', 'Neonatal']",['Autosomal recessive']
2835,Pectus excavatum-macrocephaly-dysplastic nails syndrome,Malformation syndrome,['Neonatal'],['Unknown']
2836,PEHO syndrome,Disease,"['Infancy', 'Neonatal']","['Autosomal dominant', 'Autosomal recessive']"
2838,Renal caliceal diverticuli-deafness syndrome,Malformation syndrome,['Neonatal'],[]
2839,Pelvis-shoulder dysplasia,Malformation syndrome,"['Infancy', 'Neonatal']",['Autosomal dominant']
2840,Pelvic dysplasia-arthrogryposis of lower limbs syndrome,Malformation syndrome,"['Antenatal', 'Neonatal']",[]
2841,Hailey-Hailey disease,Disease,['Adult'],['Autosomal dominant']
2842,Penoscrotal transposition,Morphological anomaly,"['Infancy', 'Neonatal']","['Autosomal recessive', 'Not applicable', 'X-linked recessive']"
2843,Pentosuria,Disease,"['Infancy', 'Neonatal']",['Autosomal recessive']
2846,Congenital pericardium anomaly,Category,['All ages'],['Not applicable']
2847,Pericardial and diaphragmatic defect,Malformation syndrome,"['Infancy', 'Neonatal']","['Autosomal recessive', 'Not applicable']"
2848,Camptodactyly-arthropathy-coxa-vara-pericarditis syndrome,Disease,"['Childhood', 'Infancy', 'Neonatal']",[]
2849,Perlman syndrome,Malformation syndrome,"['Infancy', 'Neonatal']",['Autosomal recessive']
2850,Alopecia-intellectual disability syndrome,Disease,['Neonatal'],[]
2854,Fuhrmann syndrome,Malformation syndrome,"['Infancy', 'Neonatal']",['Autosomal recessive']
2855,Perrault syndrome,Disease,"['Adolescent', 'Adult', 'Childhood']",['Autosomal recessive']
2856,Persistent Müllerian duct syndrome,Malformation syndrome,"['Adolescent', 'Adult', 'Childhood', 'Infancy']",['Autosomal recessive']
2863,Short stature-wormian bones-dextrocardia syndrome,Malformation syndrome,"['Infancy', 'Neonatal']",[]
2865,Short stature-webbed neck-heart disease syndrome,Malformation syndrome,"['Infancy', 'Neonatal']",['Unknown']
2866,Short stature-deafness-neutrophil dysfunction-dysmorphism syndrome,Malformation syndrome,"['Antenatal', 'Neonatal']",[]
2867,"Short stature, Brussels type",Malformation syndrome,"['Infancy', 'Neonatal']",['Unknown']
2868,Short stature-valvular heart disease-characteristic facies syndrome,Malformation syndrome,"['Infancy', 'Neonatal']",['Autosomal dominant']
2869,Peutz-Jeghers syndrome,Disease,"['Adolescent', 'Adult', 'Childhood']",['Autosomal dominant']
2871,Pfeiffer-Palm-Teller syndrome,Malformation syndrome,['Neonatal'],[]
2872,"Cardiocranial syndrome, Pfeiffer type",Malformation syndrome,"['Infancy', 'Neonatal']","['Autosomal dominant', 'Autosomal recessive', 'Not applicable']"
2874,Phakomatosis pigmentokeratotica,Malformation syndrome,"['Infancy', 'Neonatal']",['Unknown']
2875,Phakomatosis pigmentovascularis,Disease,['Neonatal'],['Not applicable']
2876,PHAVER syndrome,Malformation syndrome,"['Infancy', 'Neonatal']",['Autosomal recessive']
2879,"Phocomelia, Schinzel type",Malformation syndrome,"['Infancy', 'Neonatal']",['Autosomal recessive']
2880,Phosphoenolpyruvate carboxykinase deficiency,Disease,"['Infancy', 'Neonatal']","['Autosomal recessive', 'Mitochondrial inheritance']"
2881,Cutaneous photosensitivity-lethal colitis syndrome,Disease,"['Infancy', 'Neonatal']",['Autosomal recessive']
2882,Sitosterolemia,Disease,['All ages'],['Autosomal recessive']
2884,Piebaldism,Disease,"['Infancy', 'Neonatal']",['Autosomal dominant']
2885,Piebald trait-neurologic defects syndrome,Malformation syndrome,['No data available'],[]
2886,TARP syndrome,Malformation syndrome,"['Antenatal', 'Neonatal']",[]
2888,Pierre Robin syndrome-faciodigital anomaly syndrome,Malformation syndrome,"['Infancy', 'Neonatal']",['X-linked recessive']
2889,Pili torti,Disease,"['Infancy', 'Neonatal']",['Autosomal recessive']
2890,Pili torti-onychodysplasia syndrome,Malformation syndrome,"['Infancy', 'Neonatal']",['Autosomal recessive']
2891,Pili torti-developmental delay-neurological abnormalities syndrome,Malformation syndrome,['Infancy'],[]
2892,Pilodental dysplasia-refractive errors syndrome,Malformation syndrome,"['Infancy', 'Neonatal']",['Autosomal recessive']
2896,Pitt-Hopkins syndrome,Malformation syndrome,"['Infancy', 'Neonatal']",['Autosomal dominant']
2897,Pityriasis rubra pilaris,Disease,['All ages'],"['Autosomal dominant', 'Not applicable']"
2898,X-linked intellectual disability-plagiocephaly syndrome,Malformation syndrome,"['Infancy', 'Neonatal']",['X-linked recessive']
2899,Brachyolmia-amelogenesis imperfecta syndrome,Malformation syndrome,['Childhood'],['Autosomal recessive']
2900,Leri pleonosteosis,Malformation syndrome,"['Infancy', 'Neonatal']",['Autosomal dominant']
2901,Neuralgic amyotrophy,Disease,['Adult'],"['Autosomal dominant', 'Not applicable']"
2902,Idiopathic chronic eosinophilic pneumonia,Disease,['All ages'],['Not applicable']
2903,Familial spontaneous pneumothorax,Disease,"['Adolescent', 'Adult']",['Autosomal dominant']
2905,POEMS syndrome,Disease,"['Adult', 'Elderly']",['Unknown']
2907,Hereditary acrokeratotic poikiloderma,Disease,"['Infancy', 'Neonatal']",[]
2908,Kindler epidermolysis bullosa,Disease,"['Infancy', 'Neonatal']",['Autosomal recessive']
2909,Rothmund-Thomson syndrome,Disease,"['Infancy', 'Neonatal']",['Autosomal recessive']
2911,Poland syndrome,Malformation syndrome,"['Infancy', 'Neonatal']","['Autosomal dominant', 'Autosomal recessive', 'Multigenic/multifactorial', 'Not applicable']"
2912,Poliomyelitis,Disease,['Childhood'],['Not applicable']
2916,Postaxial polydactyly-dental and vertebral anomalies syndrome,Malformation syndrome,['Neonatal'],[]
2917,Polydactyly-myopia syndrome,Malformation syndrome,"['Infancy', 'Neonatal']",['Autosomal dominant']
2919,Orofaciodigital syndrome type 5,Malformation syndrome,"['Infancy', 'Neonatal']",['Autosomal recessive']
2920,Oliver syndrome,Malformation syndrome,"['Infancy', 'Neonatal']",['Autosomal recessive']
2921,Preaxial polydactyly-colobomata-intellectual disability syndrome,Malformation syndrome,"['Infancy', 'Neonatal']",['Autosomal recessive']
2924,Isolated polycystic liver disease,Malformation syndrome,['Adult'],"['Autosomal dominant', 'Not applicable']"
2926,Digital extensor muscle aplasia-polyneuropathy,Malformation syndrome,['Neonatal'],[]
2928,Polyneuropathy-intellectual disability-acromicria-premature menopause syndrome,Malformation syndrome,['Adult'],[]
2929,Juvenile polyposis syndrome,Disease,"['Adolescent', 'Adult', 'Childhood', 'Infancy']",['Autosomal dominant']
2930,Cronkhite-Canada syndrome,Disease,"['Adult', 'Elderly']",['Not applicable']
2932,Chronic inflammatory demyelinating polyneuropathy,Disease,"['Adolescent', 'Adult', 'Childhood', 'Elderly']",['Not applicable']
2934,Polysyndactyly-cardiac malformation syndrome,Malformation syndrome,"['Infancy', 'Neonatal']",['Autosomal recessive']
2935,Crossed polysyndactyly,Malformation syndrome,['Antenatal'],['Autosomal dominant']
2940,Porencephaly,Disease,"['Antenatal', 'Infancy', 'Neonatal']","['Multigenic/multifactorial', 'Not applicable']"
2941,Porencephaly-cerebellar hypoplasia-internal malformations syndrome,Malformation syndrome,"['Antenatal', 'Neonatal']",[]
2942,Postpoliomyelitis syndrome,Disease,"['Adolescent', 'Adult', 'Elderly']",['Not applicable']
2946,Brachydactyly-long thumb syndrome,Malformation syndrome,"['Infancy', 'Neonatal']",['Autosomal dominant']
2947,Triphalangeal thumbs-brachyectrodactyly syndrome,Malformation syndrome,['Neonatal'],['Autosomal dominant']
2951,Absent thumb-short stature-immunodeficiency syndrome,Malformation syndrome,"['Infancy', 'Neonatal']",['Unknown']
2952,"Adducted thumbs-arthrogryposis syndrome, Christian type",Malformation syndrome,['Neonatal'],['Autosomal recessive']
2953,Musculocontractural Ehlers-Danlos syndrome,Disease,"['Infancy', 'Neonatal']",['Autosomal recessive']
2956,Acrodysplasia scoliosis,Malformation syndrome,['Neonatal'],[]
2957,Guttmacher syndrome,Malformation syndrome,"['Infancy', 'Neonatal']",['Autosomal dominant']
2958,X-linked intellectual disability-dysmorphism-cerebral atrophy syndrome,Malformation syndrome,['Childhood'],['X-linked recessive']
2959,Progeria-short stature-pigmented nevi syndrome,Malformation syndrome,"['Infancy', 'Neonatal']",['Autosomal dominant']
2962,De Barsy syndrome,Disease,"['Infancy', 'Neonatal']",['Autosomal recessive']
2963,"Progeroid syndrome, Petty type",Malformation syndrome,['Neonatal'],[]
2964,Autosomal dominant prognathism,Malformation syndrome,['Neonatal'],['Autosomal dominant']
2965,Prolactinoma,Disease,"['Adolescent', 'Adult', 'Childhood', 'Elderly']",['Autosomal dominant']
2966,Properdin deficiency,Disease,[],['X-linked recessive']
2967,Transcobalamin I deficiency,Disease,"['Adult', 'Elderly']",[]
2968,Leukocyte adhesion deficiency,Disease,"['Childhood', 'Infancy']",['Autosomal recessive']
2969,Proteus-like syndrome,Disease,"['Infancy', 'Neonatal']",['Autosomal dominant']
2970,Prune belly syndrome,Malformation syndrome,"['Antenatal', 'Neonatal']","['Autosomal dominant', 'Not applicable', 'X-linked recessive']"
2971,Peroxisomal acyl-CoA oxidase deficiency,Disease,['Neonatal'],['Autosomal recessive']
2972,Non-eruption of teeth-maxillary hypoplasia-genu valgum syndrome,Malformation syndrome,['Childhood'],['No data available']
2973,"46,XX difference of sex development-anorectal anomalies syndrome",Malformation syndrome,['Neonatal'],[]
2975,"46,XX difference of sex development-skeletal anomalies syndrome",Malformation syndrome,['No data available'],['Unknown']
2976,"Pseudoleprechaunism syndrome, Patterson type",Malformation syndrome,"['Antenatal', 'Neonatal']",[]
2978,Chronic intestinal pseudoobstruction,Clinical syndrome,['All ages'],[]
2980,Acrootoocular syndrome,Malformation syndrome,"['Infancy', 'Neonatal']",['Autosomal recessive']
2983,Difference of sex development-intellectual disability syndrome,Disease,['Neonatal'],['Unknown']
2985,Pseudoprogeria syndrome,Malformation syndrome,"['Infancy', 'Neonatal']",['Unknown']
2987,Antecubital pterygium syndrome,Malformation syndrome,"['Infancy', 'Neonatal']",['Autosomal dominant']
2988,Pterygium colli-intellectual disability-digital anomalies syndrome,Malformation syndrome,['Neonatal'],"['Autosomal dominant', 'X-linked dominant']"
2989,Familial pterygium of the conjunctiva,Morphological anomaly,"['Adolescent', 'Adult']",['Autosomal dominant']
2990,Autosomal recessive multiple pterygium syndrome,Malformation syndrome,"['Antenatal', 'Infancy', 'Neonatal']",['Autosomal recessive']
2994,Short stature-craniofacial anomalies-genital hypoplasia syndrome,Malformation syndrome,"['Infancy', 'Neonatal']",[]
2995,Baraitser-Winter cerebrofrontofacial syndrome,Malformation syndrome,"['Infancy', 'Neonatal']","['Autosomal dominant', 'Not applicable']"
2997,Ptosis-vocal cord paralysis syndrome,Malformation syndrome,['Neonatal'],[]
2999,Ptosis-strabismus-ectopic pupils syndrome,Malformation syndrome,"['Childhood', 'Infancy', 'Neonatal']",['Autosomal dominant']
3000,Familial peripheral male-limited precocious puberty,Disease,['Childhood'],['Autosomal dominant']
3002,Immune thrombocytopenia,Disease,['All ages'],['Not applicable']
3003,Pyknoachondrogenesis,Malformation syndrome,"['Antenatal', 'Neonatal']",['Autosomal recessive']
3004,Mirror polydactyly-vertebral segmentation-limbs defects syndrome,Malformation syndrome,"['Infancy', 'Neonatal']",[]
3005,Pyle disease,Disease,"['Infancy', 'Neonatal']",['Autosomal recessive']
3006,Pyridoxine-dependent epilepsy,Disease,"['Antenatal', 'Infancy', 'Neonatal']",['Autosomal recessive']
3008,Pyruvate carboxylase deficiency,Disease,"['Infancy', 'Neonatal']","['Autosomal recessive', 'Not applicable']"
3010,Qazi-Markouizos syndrome,Disease,"['Infancy', 'Neonatal']",[]
3011,Spastic tetraplegia-retinitis pigmentosa-intellectual disability syndrome,Disease,['Childhood'],['Autosomal recessive']
3015,Radio-renal syndrome,Malformation syndrome,['Neonatal'],[]
3016,Absent radius-anogenital anomalies syndrome,Malformation syndrome,"['Antenatal', 'Neonatal']",[]
3018,Retinal ischemic syndrome-digestive tract small vessel hyalinosis-diffuse cerebral calcifications syndrome,Malformation syndrome,"['Infancy', 'Neonatal']",['Unknown']
3019,Ramon syndrome,Malformation syndrome,['Infancy'],['Autosomal recessive']
3020,Ramsay Hunt syndrome,Disease,['All ages'],['Not applicable']
3021,RAPADILINO syndrome,Malformation syndrome,"['Infancy', 'Neonatal']",['Autosomal recessive']
3023,External auditory canal atresia-vertical talus-hypertelorism syndrome,Malformation syndrome,['Neonatal'],"['Autosomal dominant', 'Not applicable', 'Unknown']"
3026,Radial ray hypoplasia-choanal atresia syndrome,Malformation syndrome,"['Infancy', 'Neonatal']",['Autosomal dominant']
3027,Caudal regression syndrome,Malformation syndrome,"['Antenatal', 'Neonatal']","['Multigenic/multifactorial', 'Not applicable']"
3032,NPHP3-related Meckel-like syndrome,Malformation syndrome,['Childhood'],['Autosomal recessive']
3033,Renal tubular dysgenesis,Malformation syndrome,['Antenatal'],"['Autosomal recessive', 'Not applicable']"
3034,Delayed membranous cranial ossification,Malformation syndrome,"['Infancy', 'Neonatal']",[]
3035,Growth delay-hydrocephaly-lung hypoplasia syndrome,Malformation syndrome,['Antenatal'],[]
3038,Delayed speech-facial asymmetry-strabismus-ear lobe creases syndrome,Malformation syndrome,['Childhood'],[]
3041,Intellectual disability-balding-patella luxation-acromicria syndrome,Malformation syndrome,"['Infancy', 'Neonatal']",['X-linked recessive']
3042,Intellectual disability-cataracts-calcified pinnae-myopathy syndrome,Malformation syndrome,"['Childhood', 'Infancy']",[]
3044,Intellectual disability-dysmorphism-hypogonadism-diabetes mellitus syndrome,Malformation syndrome,['Childhood'],['Unknown']
3047,"Blepharophimosis-intellectual disability syndrome, SBBYS type",Malformation syndrome,"['Antenatal', 'Infancy', 'Neonatal']",['Autosomal dominant']
3051,Nicolaides-Baraitser syndrome,Malformation syndrome,"['Infancy', 'Neonatal']",['Autosomal dominant']
3052,X-linked intellectual disability-seizures-psoriasis syndrome,Disease,"['Infancy', 'Neonatal']",['X-linked recessive']
3055,X-linked intellectual disability-hypogonadism-ichthyosis-obesity-short stature syndrome,Malformation syndrome,"['Infancy', 'Neonatal']",['X-linked recessive']
3057,Monoamine oxidase A deficiency,Disease,['Childhood'],['X-linked recessive']
3063,"X-linked intellectual disability, Snyder type",Disease,"['Adolescent', 'Childhood', 'Infancy']",['X-linked recessive']
3068,Intellectual disability-myopathy-short stature-endocrine defect syndrome,Disease,['Neonatal'],[]
3071,Costello syndrome,Malformation syndrome,"['Antenatal', 'Neonatal']","['Autosomal dominant', 'Not applicable']"
3074,Intellectual disability-short stature-hypertelorism syndrome,Malformation syndrome,['Childhood'],[]
3077,X-linked intellectual disability-psychosis-macroorchidism syndrome,Malformation syndrome,['Childhood'],['X-linked dominant']
3078,"Severe X-linked intellectual disability, Gustavson type",Malformation syndrome,"['Infancy', 'Neonatal']",['X-linked recessive']
3079,"Intellectual disability, Buenos-Aires type",Malformation syndrome,['Neonatal'],[]
3080,"Intellectual disability, Wolff type",Malformation syndrome,['Neonatal'],[]
3082,Intellectual disability-polydactyly-uncombable hair syndrome,Malformation syndrome,['Neonatal'],[]
3085,Retinitis pigmentosa-intellectual disability-deafness-hypogonadism syndrome,Malformation syndrome,['Childhood'],['Autosomal recessive']
3086,Autosomal dominant vitreoretinochoroidopathy,Disease,['All ages'],['Autosomal dominant']
3088,Revesz syndrome,Malformation syndrome,"['Childhood', 'Infancy']",['Autosomal dominant']
3092,Fixed subaortic stenosis,Morphological anomaly,['Childhood'],['No data available']
3093,Congenital aortic valve stenosis,Morphological anomaly,"['Infancy', 'Neonatal']",[]
3095,Atypical Rett syndrome,Disease,['Neonatal'],"['Autosomal dominant', 'X-linked dominant']"
3096,Reye syndrome,Disease,"['Adolescent', 'Adult', 'Childhood', 'Infancy']",[]
3097,Meacham syndrome,Malformation syndrome,"['Infancy', 'Neonatal']",[]
3098,"Rhizomelic syndrome, Urbach type",Malformation syndrome,['Neonatal'],[]
3099,Rheumatic fever,Disease,['Childhood'],['Not applicable']
3101,Richieri Costa-da Silva syndrome,Malformation syndrome,['Childhood'],[]
3102,Richieri Costa-Pereira syndrome,Malformation syndrome,"['Infancy', 'Neonatal']",['Autosomal recessive']
3103,Roberts syndrome,Malformation syndrome,"['Antenatal', 'Neonatal']",['Autosomal recessive']
3104,Robin sequence-oligodactyly syndrome,Malformation syndrome,['Neonatal'],[]
3107,Autosomal dominant Robinow syndrome,Clinical subtype,"['Infancy', 'Neonatal']",['Autosomal dominant']
3109,Mayer-Rokitansky-Küster-Hauser syndrome,Malformation syndrome,"['Adolescent', 'Antenatal']","['Autosomal dominant', 'Not applicable']"
3110,Rombo syndrome,Disease,['Childhood'],['Unknown']
3111,Rotor syndrome,Disease,['All ages'],['Autosomal recessive']
3115,Roussy-Lévy syndrome,Disease,"['Childhood', 'Infancy']",[]
3121,Ruvalcaba syndrome,Malformation syndrome,"['Infancy', 'Neonatal']",['Unknown']
3124,Saccharopinuria,Disease,"['Infancy', 'Neonatal']",[]
3129,Sarcosinemia,Disease,['All ages'],['Autosomal recessive']
3130,Satoyoshi syndrome,Disease,"['Adolescent', 'Adult', 'Childhood']",['Not applicable']
3132,Say-Barber-Miller syndrome,Malformation syndrome,"['Infancy', 'Neonatal']",['Unknown']
3134,SCARF syndrome,Malformation syndrome,"['Infancy', 'Neonatal']",['X-linked recessive']
3137,Alpha-N-acetylgalactosaminidase deficiency,Disease,"['Adult', 'Childhood', 'Infancy']",['Autosomal recessive']
3138,Ulnar-mammary syndrome,Malformation syndrome,"['Adolescent', 'Antenatal', 'Infancy', 'Neonatal']",['Autosomal dominant']
3143,Autoimmune polyendocrinopathy type 2,Disease,['Adult'],[]
3144,Schneckenbecken dysplasia,Malformation syndrome,['Antenatal'],['Autosomal recessive']
3145,Arginine vasopressin resistance-intracranial calcification-short stature-facial dysmorphism syndrome,Disease,['Infancy'],[]
3148,Malignant peripheral nerve sheath tumor,Disease,"['Adolescent', 'Adult', 'Childhood', 'Elderly', 'Infancy']",['Not applicable']
3151,Multiple sclerosis-ichthyosis-factor VIII deficiency syndrome,Disease,['Childhood'],['Unknown']
3152,Sclerosteosis,Malformation syndrome,"['Childhood', 'Neonatal']",['Autosomal recessive']
3156,Senior-Loken syndrome,Disease,"['Adolescent', 'Adult', 'Childhood', 'Infancy']",['Autosomal recessive']
3157,Septo-optic dysplasia spectrum,Malformation syndrome,"['Infancy', 'Neonatal']","['Autosomal dominant', 'Autosomal recessive', 'Multigenic/multifactorial', 'Not applicable']"
3161,Congenital pulmonary sequestration,Malformation syndrome,['Neonatal'],[]
3162,Sézary syndrome,Disease,['Adult'],"['Multigenic/multifactorial', 'Not applicable']"
3163,SHORT syndrome,Malformation syndrome,['Neonatal'],['Autosomal dominant']
3164,"Omphalocele syndrome, Shprintzen-Goldberg type",Malformation syndrome,['Neonatal'],[]
3165,Eosinophilic fasciitis,Disease,['Adult'],['Unknown']
3166,Sialuria,Disease,['Infancy'],['Autosomal dominant']
3167,Siegler-Brewer-Carey syndrome,Malformation syndrome,"['Infancy', 'Neonatal']",['Autosomal recessive']
3168,Sillence syndrome,Malformation syndrome,"['Infancy', 'Neonatal']",['Autosomal dominant']
3169,Sirenomelia,Malformation syndrome,"['Antenatal', 'Neonatal']",['Not applicable']
3172,Eyebrow duplication-syndactyly syndrome,Malformation syndrome,"['Infancy', 'Neonatal']",['Autosomal recessive']
3173,Infantile spasms-broad thumbs syndrome,Disease,['Neonatal'],[]
3175,X-linked spasticity-intellectual disability-epilepsy syndrome,Disease,"['Infancy', 'Neonatal']",['X-linked recessive']
3176,Spina bifida-hypospadias syndrome,Malformation syndrome,"['Antenatal', 'Infancy', 'Neonatal']",[]
3177,Spinocerebellar degeneration-corneal dystrophy syndrome,Malformation syndrome,"['Childhood', 'Infancy']",['Autosomal recessive']
3180,Spondylocamptodactyly syndrome,Malformation syndrome,['Neonatal'],[]
3181,Sprengel deformity,Morphological anomaly,"['Antenatal', 'Infancy', 'Neonatal']",[]
3184,Steatocystoma multiplex-natal teeth syndrome,Malformation syndrome,"['Infancy', 'Neonatal']",['Autosomal dominant']
3186,Holoprosencephaly-radial heart renal anomalies syndrome,Malformation syndrome,"['Antenatal', 'Neonatal']",[]
3188,Congenital pulmonary veins atresia or stenosis,Clinical group,['Childhood'],['Not applicable']
3189,Congenital pulmonary valvar stenosis,Morphological anomaly,"['Childhood', 'Infancy', 'Neonatal']","['Multigenic/multifactorial', 'Not applicable']"
3191,Subaortic stenosis-short stature syndrome,Malformation syndrome,['Neonatal'],[]
3193,Supravalvular aortic stenosis,Morphological anomaly,['All ages'],['Autosomal dominant']
3194,Corneodermatoosseous syndrome,Malformation syndrome,"['Infancy', 'Neonatal']",['Autosomal dominant']
3196,Steroid dehydrogenase deficiency-dental anomalies syndrome,Disease,['Childhood'],['Autosomal recessive']
3197,Hereditary hyperekplexia,Disease,"['Infancy', 'Neonatal']","['Autosomal dominant', 'Autosomal recessive']"
3198,Stiff person spectrum disorder,Disease,"['Adolescent', 'Adult', 'Childhood', 'Elderly', 'Infancy']",['Not applicable']
3199,Stimmler syndrome,Malformation syndrome,"['Infancy', 'Neonatal']",['Autosomal recessive']
3200,Arthrogryposis-ectodermal dysplasia syndrome,Malformation syndrome,"['Infancy', 'Neonatal']",['Unknown']
3201,Ventricular extrasystoles with syncopal episodes-perodactyly-Robin sequence syndrome,Malformation syndrome,"['Infancy', 'Neonatal']",['Unknown']
3202,Dehydrated hereditary stomatocytosis,Disease,"['Antenatal', 'Neonatal']",['Autosomal dominant']
3203,Overhydrated hereditary stomatocytosis,Disease,"['Infancy', 'Neonatal']",['Autosomal dominant']
3204,Stormorken-Sjaastad-Langslet syndrome,Disease,['All ages'],['Autosomal dominant']
3205,Sturge-Weber syndrome,Malformation syndrome,['Neonatal'],['Not applicable']
3206,Stüve-Wiedemann syndrome,Malformation syndrome,['Neonatal'],['Autosomal recessive']
3207,White matter hypoplasia-corpus callosum agenesis-intellectual disability syndrome,Malformation syndrome,['Neonatal'],[]
3208,Isolated succinate-CoQ reductase deficiency,Disease,"['Infancy', 'Neonatal']",['Autosomal recessive']
3214,"Deaf blind hypopigmentation syndrome, Yemenite type",Malformation syndrome,"['Infancy', 'Neonatal']",['Autosomal recessive']
3216,Conductive deafness-malformed external ear syndrome,Malformation syndrome,['Neonatal'],['Unknown']
3217,Deafness-small bowel diverticulosis-neuropathy syndrome,Disease,['Childhood'],[]
3218,Deafness-epiphyseal dysplasia-short stature syndrome,Malformation syndrome,['Neonatal'],[]
3219,Fountain syndrome,Malformation syndrome,"['Infancy', 'Neonatal']",['Autosomal recessive']
3220,Deafness-enamel hypoplasia-nail defects syndrome,Malformation syndrome,['Childhood'],['Autosomal recessive']
3222,Phosphoribosylpyrophosphate synthetase superactivity,Disease,"['Adolescent', 'Adult', 'Childhood', 'Infancy', 'Neonatal']",['X-linked recessive']
3224,Deafness-genital anomalies-metacarpal and metatarsal synostosis syndrome,Malformation syndrome,"['Infancy', 'Neonatal']",[]
3225,Hearing loss-familial salivary gland insensitivity to aldosterone syndrome,Malformation syndrome,"['Infancy', 'Neonatal']",[]
3230,Deafness-oligodontia syndrome,Malformation syndrome,"['Infancy', 'Neonatal']",[]
3231,Deafness-onychodystrophy syndrome,Clinical group,['Childhood'],"['Autosomal dominant', 'Autosomal recessive']"
3232,Deafness-ear malformation-facial palsy syndrome,Malformation syndrome,['Neonatal'],[]
3233,Cochleosaccular degeneration-cataract syndrome,Malformation syndrome,['Adult'],[]
3235,Progressive deafness with stapes fixation,Malformation syndrome,['Childhood'],['Autosomal recessive']
3236,Conductive deafness-ptosis-skeletal anomalies syndrome,Malformation syndrome,['No data available'],[]
3237,Multiple synostoses syndrome,Malformation syndrome,['Childhood'],['Autosomal dominant']
3238,Cardiospondylocarpofacial syndrome,Malformation syndrome,['All ages'],['Autosomal dominant']
3239,Deafness-vitiligo-achalasia syndrome,Malformation syndrome,"['Infancy', 'Neonatal']",['Autosomal recessive']
3240,Early-onset progressive leukoencephalopathy-central nervous system calcification-deafness-visual impairment syndrome,Disease,['No data available'],['Autosomal recessive']
3241,Deafness-craniofacial syndrome,Malformation syndrome,['Neonatal'],[]
3242,Renpenning syndrome,Malformation syndrome,"['Infancy', 'Neonatal']",['X-linked recessive']
3243,Sweet syndrome,Disease,['Adult'],['Multigenic/multifactorial']
3246,Symphalangism with multiple anomalies of hands and feet,Malformation syndrome,"['Infancy', 'Neonatal']",[]
3248,Isolated distal symphalangism,Morphological anomaly,"['Infancy', 'Neonatal']",['Autosomal dominant']
3250,Proximal symphalangism,Malformation syndrome,"['Infancy', 'Neonatal']",['Autosomal dominant']
3253,Cleft lip/palate-ectodermal dysplasia syndrome,Malformation syndrome,"['Infancy', 'Neonatal']",['Autosomal recessive']
3255,Filippi syndrome,Malformation syndrome,"['Infancy', 'Neonatal']",['Autosomal recessive']
3258,Cenani-Lenz syndrome,Malformation syndrome,"['Infancy', 'Neonatal']",['Autosomal recessive']
3259,Syndactyly-polydactyly-ear lobe syndrome,Malformation syndrome,['Neonatal'],[]
3260,Idiopathic hypereosinophilic syndrome,Disease,['Adult'],['Not applicable']
3261,Autoimmune lymphoproliferative syndrome,Disease,['All ages'],"['Autosomal dominant', 'Autosomal recessive']"
3262,Dobrow syndrome,Malformation syndrome,"['Antenatal', 'Infancy', 'Neonatal']",[]
3263,Syngnathia-cleft palate syndrome,Malformation syndrome,"['Antenatal', 'Neonatal']",[]
3265,Isolated humero-radial synostosis,Morphological anomaly,"['Antenatal', 'Neonatal']","['Autosomal dominant', 'Autosomal recessive']"
3266,Isolated humero-radio-ulnar synostosis,Morphological anomaly,"['Antenatal', 'Neonatal']",['Unknown']
3268,Radioulnar synostosis-microcephaly-scoliosis syndrome,Malformation syndrome,"['Antenatal', 'Neonatal']",['Unknown']
3269,Isolated radio-ulnar synostosis,Morphological anomaly,"['Childhood', 'Infancy']",['Unknown']
3270,Radioulnar synostosis-developmental delay-hypotonia syndrome,Malformation syndrome,['Neonatal'],['Unknown']
3273,Synovial sarcoma,Disease,['All ages'],['Not applicable']
3275,Spondylocarpotarsal synostosis,Malformation syndrome,"['Childhood', 'Infancy']",['Autosomal recessive']
3280,Syringomyelia,Clinical group,['All ages'],['Not applicable']
3282,Multifocal atrial tachycardia,Disease,"['Infancy', 'Neonatal']",['Not applicable']
3283,His bundle tachycardia,Disease,"['Infancy', 'Neonatal']",['Unknown']
3286,Catecholaminergic polymorphic ventricular tachycardia,Disease,"['Adolescent', 'Adult', 'Childhood']","['Autosomal dominant', 'Autosomal recessive']"
3287,Takayasu arteritis,Disease,"['Adolescent', 'Adult']",['Not applicable']
3291,Teebi-Shaltout syndrome,Malformation syndrome,"['Infancy', 'Neonatal']",['Autosomal recessive']
3292,Tel Hashomer camptodactyly syndrome,Malformation syndrome,"['Infancy', 'Neonatal']",['Unknown']
3293,Telecanthus-hypertelorism-strabismus-pes cavus syndrome,Malformation syndrome,['Neonatal'],['Unknown']
3294,Extensor tendons of finger anomalies,Malformation syndrome,['Neonatal'],[]
3299,Tetanus,Disease,['All ages'],[]
3301,Tetraamelia-multiple malformations syndrome,Malformation syndrome,"['Infancy', 'Neonatal']","['Autosomal recessive', 'X-linked recessive']"
3303,Tetralogy of Fallot,Malformation syndrome,"['Antenatal', 'Neonatal']","['Autosomal dominant', 'Multigenic/multifactorial']"
3304,Fallot complex-intellectual disability-growth delay syndrome,Malformation syndrome,"['Infancy', 'Neonatal']",['Autosomal recessive']
3305,Tetraploidy syndrome,Malformation syndrome,"['Antenatal', 'Neonatal']",[]
3306,Inverted duplicated chromosome 15 syndrome,Malformation syndrome,['Neonatal'],"['Not applicable', 'Unknown']"
3307,Tetrasomy 18p syndrome,Malformation syndrome,"['Antenatal', 'Neonatal']",['Not applicable']
3309,Tetrasomy 5p syndrome,Malformation syndrome,"['Antenatal', 'Neonatal']",[]
3310,Tetrasomy 9p syndrome,Malformation syndrome,"['Antenatal', 'Neonatal']",[]
3312,Thalidomide embryopathy,Malformation syndrome,"['Antenatal', 'Neonatal']",['Not applicable']
3314,"Thiemann disease, familial form",Disease,['Adolescent'],['Not applicable']
3316,Thomas syndrome,Malformation syndrome,"['Antenatal', 'Neonatal']",['Autosomal recessive']
3317,Thoracolaryngopelvic dysplasia,Malformation syndrome,"['Infancy', 'Neonatal']",['Autosomal dominant']
3318,Essential thrombocythemia,Disease,['All ages'],"['Multigenic/multifactorial', 'Not applicable']"
3319,Congenital amegakaryocytic thrombocytopenia,Disease,['Neonatal'],['Autosomal recessive']
3320,Thrombocytopenia-absent radius syndrome,Malformation syndrome,"['Antenatal', 'Neonatal']",['Autosomal recessive']
3322,Hoyeraal-Hreidarsson syndrome,Disease,"['Infancy', 'Neonatal']","['Autosomal dominant', 'Autosomal recessive', 'X-linked recessive']"
3325,Heparin-induced thrombocytopenia,Disease,['All ages'],['Not applicable']
3326,Thymic-renal-anal-lung dysplasia,Malformation syndrome,"['Antenatal', 'Neonatal']",['Autosomal recessive']
3327,Thyrocerebrorenal syndrome,Malformation syndrome,['Childhood'],['Autosomal recessive']
3328,Absent tibia-polydactyly-arachnoid cyst syndrome,Malformation syndrome,"['Infancy', 'Neonatal']",['Unknown']
3329,Tibial aplasia-ectrodactyly syndrome,Malformation syndrome,"['Infancy', 'Neonatal']",['Autosomal dominant']
3337,Primary Fanconi renotubular syndrome,Disease,"['Childhood', 'Infancy']","['Autosomal dominant', 'Autosomal recessive']"
3338,Toriello-Carey syndrome,Malformation syndrome,"['Infancy', 'Neonatal']",['Autosomal recessive']
3339,Oculoectodermal syndrome,Malformation syndrome,"['Infancy', 'Neonatal']",['Not applicable']
3341,Torticollis-keloids-cryptorchidism-renal dysplasia syndrome,Malformation syndrome,"['Infancy', 'Neonatal']",['X-linked dominant']
3342,Arterial tortuosity syndrome,Malformation syndrome,"['Childhood', 'Infancy']",['Autosomal recessive']
3343,Toxocariasis,Disease,['Childhood'],['Not applicable']
3344,Weismann-Netter syndrome,Malformation syndrome,['Neonatal'],[]
3346,Tracheal agenesis,Morphological anomaly,"['Antenatal', 'Neonatal']",['Unknown']
3347,Mounier-Kühn syndrome,Clinical syndrome,['All ages'],['Not applicable']
3348,Tracheobronchopathia osteochondroplastica,Disease,"['Adult', 'Childhood', 'Elderly']",['Unknown']
3350,Tremor-nystagmus-duodenal ulcer syndrome,Disease,['Neonatal'],[]
3351,Trichodental syndrome,Malformation syndrome,['Childhood'],['Autosomal dominant']
3352,Tricho-dento-osseous syndrome,Malformation syndrome,['Childhood'],['Autosomal dominant']
3353,Trichodermodysplasia-dental alterations syndrome,Malformation syndrome,['Neonatal'],[]
3355,Trichoodontoonychial dysplasia,Malformation syndrome,"['Infancy', 'Neonatal']",['Autosomal recessive']
3361,Trichodysplasia-xeroderma syndrome,Malformation syndrome,['Neonatal'],[]
3363,Trichomegaly-retina pigmentary degeneration-dwarfism syndrome,Malformation syndrome,"['Infancy', 'Neonatal']",['Autosomal recessive']
3365,Trigonocephaly-broad thumbs syndrome,Malformation syndrome,"['Infancy', 'Neonatal']",['Autosomal dominant']
3366,Non-syndromic metopic craniosynostosis,Morphological anomaly,"['Infancy', 'Neonatal']","['Autosomal dominant', 'Not applicable']"
3368,Trigonocephaly-bifid nose-acral anomalies syndrome,Malformation syndrome,"['Infancy', 'Neonatal']",['Unknown']
3369,Trigonocephaly-short stature-developmental delay syndrome,Malformation syndrome,['No data available'],['Unknown']
3374,Unilateral ocular duplication,Morphological anomaly,['Neonatal'],['Autosomal dominant']
3375,Trisomy X syndrome,Malformation syndrome,"['Childhood', 'Infancy']",['Not applicable']
3376,Triploidy syndrome,Malformation syndrome,"['Antenatal', 'Neonatal']","['Not applicable', 'Unknown']"
3377,Trismus-pseudocamptodactyly syndrome,Malformation syndrome,"['Infancy', 'Neonatal']",['Autosomal dominant']
3378,Trisomy 13 syndrome,Malformation syndrome,"['Antenatal', 'Neonatal']","['Not applicable', 'Unknown']"
3379,Distal duplication 17q syndrome,Malformation syndrome,['Neonatal'],[]
3380,Trisomy 18 syndrome,Malformation syndrome,"['Antenatal', 'Neonatal']","['Not applicable', 'Unknown']"
3383,Humerus trochlea aplasia,Malformation syndrome,['Neonatal'],[]
3384,Common arterial trunk,Morphological anomaly,"['Infancy', 'Neonatal']",['Not applicable']
3385,African trypanosomiasis,Disease,['All ages'],['Not applicable']
3386,American trypanosomiasis,Disease,['All ages'],['Not applicable']
3387,Isolated anterior cervical hypertrichosis,Disease,['Childhood'],"['Autosomal dominant', 'Autosomal recessive']"
3389,Tuberculosis,Clinical group,['All ages'],['Not applicable']
3392,Tularemia,Disease,['All ages'],['Not applicable']
3398,Thymic epithelial neoplasm,Category,['Adult'],"['Autosomal recessive', 'Not applicable']"
3400,Aorto-ventricular tunnel,Morphological anomaly,"['Infancy', 'Neonatal']",['Not applicable']
3402,Transient tyrosinemia of the newborn,Disease,['Neonatal'],[]
3403,Uhl anomaly,Morphological anomaly,"['Infancy', 'Neonatal']",['Not applicable']
3404,Ulbright-Hodes syndrome,Malformation syndrome,['Neonatal'],['Autosomal recessive']
3405,Umbilical cord ulceration-intestinal atresia syndrome,Malformation syndrome,['Antenatal'],['Unknown']
3406,Ulerythema ophryogenesis,Disease,['Childhood'],"['Autosomal dominant', 'Not applicable']"
3408,Upington disease,Malformation syndrome,['No data available'],['Autosomal dominant']
3409,Urban-Rogers-Meyer syndrome,Malformation syndrome,['Infancy'],[]
3411,Double uterus-hemivagina-renal agenesis syndrome,Malformation syndrome,"['Infancy', 'Neonatal']",['Unknown']
3412,VACTERL with hydrocephalus,Malformation syndrome,"['Infancy', 'Neonatal']","['Autosomal recessive', 'X-linked recessive']"
3416,Hyperostosis corticalis generalisata,Malformation syndrome,"['Adolescent', 'Childhood']","['Autosomal dominant', 'Autosomal recessive']"
3417,Van den Bosch syndrome,Malformation syndrome,['No data available'],['X-linked recessive']
3424,Velo-facial-skeletal syndrome,Malformation syndrome,['Neonatal'],[]
3426,Double outlet right ventricle,Morphological anomaly,"['Infancy', 'Neonatal']",['Multigenic/multifactorial']
3427,Double outlet left ventricle,Morphological anomaly,"['Infancy', 'Neonatal']",['Not applicable']
3429,Verloove Vanhorick-Brubakk syndrome,Malformation syndrome,['Neonatal'],[]
3433,Microcephaly-brachydactyly-kyphoscoliosis syndrome,Malformation syndrome,"['Infancy', 'Neonatal']",['Autosomal recessive']
3434,MMEP syndrome,Malformation syndrome,"['Antenatal', 'Neonatal']",[]
3437,Vogt-Koyanagi-Harada disease,Disease,['All ages'],['Multigenic/multifactorial']
3439,Von Voss-Cherstvoy syndrome,Malformation syndrome,"['Infancy', 'Neonatal']",['Autosomal recessive']
3440,Waardenburg syndrome,Disease,"['Infancy', 'Neonatal']","['Autosomal dominant', 'Autosomal recessive']"
3447,Weaver syndrome,Malformation syndrome,"['Antenatal', 'Neonatal']","['Autosomal dominant', 'Not applicable']"
3448,Weaver-Williams syndrome,Malformation syndrome,"['Infancy', 'Neonatal']",['Autosomal recessive']
3449,Weill-Marchesani syndrome,Malformation syndrome,"['Infancy', 'Neonatal']","['Autosomal dominant', 'Autosomal recessive']"
3451,Infantile epileptic spasms syndrome,Clinical syndrome,"['Childhood', 'Infancy', 'Neonatal']","['Autosomal dominant', 'Autosomal recessive', 'X-linked recessive']"
3452,Whipple disease,Disease,['No data available'],['Not applicable']
3453,Autoimmune polyendocrinopathy type 1,Disease,"['Adolescent', 'Childhood']",['Autosomal recessive']
3454,Wieacker-Wolff syndrome,Malformation syndrome,['Neonatal'],"['Not applicable', 'X-linked recessive']"
3455,Wiedemann-Rautenstrauch syndrome,Malformation syndrome,"['Antenatal', 'Neonatal']",['Autosomal recessive']
3456,Wildervanck syndrome,Malformation syndrome,"['Infancy', 'Neonatal']",[]
3459,Wilson-Turner syndrome,Malformation syndrome,['Childhood'],"['X-linked dominant', 'X-linked recessive']"
3463,Wolfram syndrome,Disease,"['Adolescent', 'Adult', 'Childhood']",['Autosomal recessive']
3464,Woodhouse-Sakati syndrome,Disease,"['Adolescent', 'Childhood']",['Autosomal recessive']
3465,Worster-Drought syndrome,Malformation syndrome,['Childhood'],"['Autosomal dominant', 'Not applicable']"
3466,WT limb-blood syndrome,Disease,['Childhood'],['Autosomal dominant']
3467,Hereditary xanthinuria,Disease,['All ages'],['Autosomal recessive']
3469,XK aprosencephaly syndrome,Malformation syndrome,"['Infancy', 'Neonatal']",['Autosomal recessive']
3471,Young syndrome,Disease,['Adult'],['Unknown']
3472,Yunis-Varon syndrome,Malformation syndrome,['Neonatal'],['Autosomal recessive']
3473,Zimmermann-Laband syndrome,Malformation syndrome,['Neonatal'],['Autosomal recessive']
3474,CHIME syndrome,Malformation syndrome,['Childhood'],['Autosomal recessive']
25968,Self-limited childhood occipital epilepsy,Disease,"['Adolescent', 'Childhood', 'Infancy']",['Not applicable']
25980,X-linked myopathy with excessive autophagy,Disease,"['Adolescent', 'Adult', 'Childhood', 'Infancy', 'Neonatal']",['X-linked recessive']
26106,Hereditary diffuse gastric cancer,Disease,['Adult'],['Autosomal dominant']
26137,Juvenile temporal arteritis,Disease,['Childhood'],['Unknown']
26349,Protein S acquired deficiency,Disease,[],['Not applicable']
26790,Pseudomyxoma peritonei,Disease,['Adult'],['Unknown']
26791,Multiple acyl-CoA dehydrogenase deficiency,Disease,['All ages'],['Autosomal recessive']
26792,Short chain acyl-CoA dehydrogenase deficiency,Disease,"['Childhood', 'Infancy', 'Neonatal']",['Autosomal recessive']
26793,Very long chain acyl-CoA dehydrogenase deficiency,Disease,"['Infancy', 'Neonatal']",['Autosomal recessive']
28378,Tyrosinemia type 2,Disease,"['Adolescent', 'Childhood', 'Infancy', 'Neonatal']",['Autosomal recessive']
29072,Hereditary pheochromocytoma-paraganglioma,Disease,['Childhood'],['Autosomal dominant']
29073,Multiple myeloma,Disease,['Adult'],['Not applicable']
29207,Reactive arthritis,Disease,"['Adolescent', 'Adult', 'Elderly']","['Multigenic/multifactorial', 'Not applicable']"
29822,Spontaneous periodic hypothermia,Disease,['All ages'],['Unknown']
30391,Isolated biliary atresia,Morphological anomaly,"['Antenatal', 'Infancy', 'Neonatal']",['Multigenic/multifactorial']
30924,Primary hypomagnesemia with secondary hypocalcemia,Disease,"['Infancy', 'Neonatal']",['Autosomal recessive']
30925,Hereditary arginine vasopressin deficiency,Clinical subtype,['Childhood'],"['Autosomal dominant', 'Autosomal recessive', 'X-linked dominant']"
31043,Primary hypomagnesemia with hypercalciuria and nephrocalcinosis without severe ocular involvement,Clinical subtype,['Childhood'],['Autosomal recessive']
31112,Dermatofibrosarcoma protuberans,Disease,['All ages'],['Not applicable']
31150,Tangier disease,Disease,"['Adolescent', 'Adult', 'Childhood', 'Infancy', 'Neonatal']",['Autosomal recessive']
31202,Melioidosis,Disease,['All ages'],[]
31204,Nocardiosis,Disease,['All ages'],['Not applicable']
31205,Rat-bite fever,Disease,['All ages'],[]
31709,Infantile convulsions and choreoathetosis,Disease,"['Infancy', 'Neonatal']",['Autosomal dominant']
31740,Hypersensitivity pneumonitis,Disease,['All ages'],['Not applicable']
31824,Colchicine poisoning,Particular clinical situation in a disease or syndrome,['All ages'],['Not applicable']
31825,Methanol poisoning,Disease,['All ages'],['Not applicable']
31826,Ethylene glycol poisoning,Disease,['All ages'],['Not applicable']
31827,Paraquat poisoning,Disease,['All ages'],['Not applicable']
31828,Digitalis poisoning,Particular clinical situation in a disease or syndrome,['All ages'],['Not applicable']
31837,Pulmonary venoocclusive disease,Disease,['All ages'],"['Autosomal recessive', 'Not applicable']"
32960,Tumor necrosis factor receptor 1 associated periodic syndrome,Disease,"['Adolescent', 'Adult', 'Childhood', 'Infancy']",['Autosomal dominant']
33001,Lymphedema-distichiasis syndrome,Malformation syndrome,['All ages'],['Autosomal dominant']
33067,"Metaphyseal chondrodysplasia, Jansen type",Disease,"['Infancy', 'Neonatal']",['Autosomal dominant']
33069,Dravet syndrome,Disease,"['Infancy', 'Neonatal']",['Autosomal dominant']
33108,Lethal multiple pterygium syndrome,Malformation syndrome,['Antenatal'],"['Autosomal recessive', 'X-linked recessive']"
33110,Autosomal agammaglobulinemia,Clinical subtype,['All ages'],"['Autosomal dominant', 'Autosomal recessive']"
33111,Granulomatous slack skin,Disease,['Adult'],['Not applicable']
33208,Idiopathic hypersomnia,Disease,['All ages'],['Unknown']
33226,Waldenström macroglobulinemia,Disease,['Elderly'],['Multigenic/multifactorial']
33276,Kaposi sarcoma,Disease,['Adult'],['Not applicable']
33314,Jessner lymphocytic infiltration of the skin,Disease,['Adult'],['Not applicable']
33355,Reticular dysgenesis,Disease,"['Infancy', 'Neonatal']",['Autosomal recessive']
33364,Trichothiodystrophy,Disease,"['Infancy', 'Neonatal']","['Autosomal recessive', 'X-linked recessive']"
33402,Pediatric hepatocellular carcinoma,Disease,"['Adolescent', 'Childhood']",['Not applicable']
33408,Bullous lichen planus,Disease,['Childhood'],"['Autosomal dominant', 'Not applicable']"
33445,Neuroectodermal melanolysosomal disease,Malformation syndrome,['Childhood'],['Autosomal recessive']
33475,Meningococcal meningitis,Disease,['All ages'],['Not applicable']
33543,Kleine-Levin syndrome,Disease,"['Adolescent', 'Adult', 'Childhood']",[]
33572,5-oxoprolinase deficiency,Disease,"['Childhood', 'Infancy', 'Neonatal']",['Autosomal recessive']
33573,Gamma-glutamyl transpeptidase deficiency,Disease,['Infancy'],['Autosomal recessive']
33574,Glutamate-cysteine ligase deficiency,Disease,['Infancy'],['Autosomal recessive']
33577,Nodular non-suppurative panniculitis,Disease,['Adult'],['Not applicable']
34149,Autosomal dominant tubulointerstitial kidney disease,Disease,"['Adolescent', 'Adult', 'Childhood', 'Infancy']",['Autosomal dominant']
34217,Naxos disease,Disease,"['Infancy', 'Neonatal']",['Autosomal recessive']
34514,Telethonin-related limb-girdle muscular dystrophy R7,Disease,"['Adolescent', 'Childhood', 'Infancy']",['Autosomal recessive']
34515,FKRP-related limb-girdle muscular dystrophy R9,Disease,"['Adolescent', 'Adult', 'Childhood']",['Autosomal recessive']
34516,DNAJB6-related limb-girdle muscular dystrophy D1,Disease,['Adult'],['Autosomal dominant']
34520,Congenital muscular dystrophy with integrin alpha-7 deficiency,Disease,"['Infancy', 'Neonatal']",['Autosomal recessive']
34528,Autosomal dominant primary hypomagnesemia with hypocalciuria,Disease,['All ages'],['Autosomal dominant']
34533,Corneal dystrophy,Category,['All ages'],"['Autosomal dominant', 'Autosomal recessive', 'Mitochondrial inheritance', 'Not applicable', 'X-linked recessive']"
34587,Danon disease,Disease,['Childhood'],['X-linked dominant']
34592,Immunodeficiency by defective expression of MHC class I,Disease,['Childhood'],['Autosomal recessive']
35062,Severe disseminated cytomegalovirus infection in immunocompetent patients,Disease,['All ages'],['Not applicable']
35069,Infantile neuroaxonal dystrophy,Disease,"['Infancy', 'Neonatal']",['Autosomal recessive']
35078,T-B+ severe combined immunodeficiency due to JAK3 deficiency,Disease,"['Infancy', 'Neonatal']",['Autosomal recessive']
35093,Non-syndromic sagittal craniosynostosis,Morphological anomaly,"['Infancy', 'Neonatal']","['Autosomal dominant', 'Not applicable']"
35099,Non-syndromic bicoronal craniosynostosis,Morphological anomaly,"['Infancy', 'Neonatal']","['Autosomal dominant', 'Not applicable']"
35107,Desmosterolosis,Disease,"['Antenatal', 'Infancy', 'Neonatal']",['Autosomal recessive']
35120,Hemolytic anemia due to pyrimidine 5' nucleotidase deficiency,Disease,"['Infancy', 'Neonatal']",['Autosomal recessive']
35121,Lysosomal acid phosphatase deficiency,Disease,"['Infancy', 'Neonatal']",['Autosomal recessive']
35122,Congenital sucrase-isomaltase deficiency,Disease,"['Adolescent', 'Adult', 'Childhood', 'Infancy']",['Autosomal recessive']
35125,Epidermal nevus syndrome,Disease,"['Infancy', 'Neonatal']",['Not applicable']
35173,X-linked dominant chondrodysplasia punctata,Disease,"['Infancy', 'Neonatal']",['X-linked dominant']
35612,Nanophthalmos,Malformation syndrome,"['Infancy', 'Neonatal']","['Autosomal dominant', 'Autosomal recessive', 'Not applicable']"
35656,Coenzyme Q10 deficiency,Clinical group,['All ages'],['Autosomal recessive']
35664,ALDH18A1-related De Barsy syndrome,Etiological subtype,"['Infancy', 'Neonatal']","['Autosomal recessive', 'Not applicable']"
35687,Erdheim-Chester disease,Disease,['Adult'],['Not applicable']
35689,Primary lateral sclerosis,Disease,"['Adult', 'Elderly']","['Autosomal dominant', 'Autosomal recessive', 'Not applicable']"
35698,Mitochondrial DNA depletion syndrome,Category,['All ages'],[]
35701,3-hydroxy-3-methylglutaryl-CoA synthase deficiency,Disease,['Childhood'],['Autosomal recessive']
35704,L-Arginine:glycine amidinotransferase deficiency,Disease,['Infancy'],['Autosomal recessive']
35705,Neurometabolic disorder due to serine deficiency,Category,"['Infancy', 'Neonatal']",[]
35706,Glutaric acidemia type 3,Disease,['All ages'],['Autosomal recessive']
35708,Aromatic L-amino acid decarboxylase deficiency,Disease,"['Infancy', 'Neonatal']",['Autosomal recessive']
35710,Glucose-galactose malabsorption,Disease,"['Infancy', 'Neonatal']",['Autosomal recessive']
35737,Morning glory disc anomaly,Morphological anomaly,['Childhood'],[]
35807,Malignant germ cell tumor of ovary,Category,"['Adolescent', 'Adult', 'Childhood', 'Elderly', 'Infancy']",['Unknown']
35808,Malignant sex cord stromal tumor of ovary,Category,['All ages'],['Not applicable']
35858,Imerslund-Gräsbeck syndrome,Disease,['Childhood'],['Autosomal recessive']
35878,Hyperinsulinism-hyperammonemia syndrome,Disease,"['Infancy', 'Neonatal']",['Autosomal dominant']
35889,Acute opioid intoxication,Disease,['All ages'],['Not applicable']
35909,Combined deficiency of factor V and factor VIII,Disease,['All ages'],['Autosomal recessive']
35981,Polymicrogyria,Clinical group,['Childhood'],"['Autosomal dominant', 'Autosomal recessive', 'Not applicable', 'X-linked dominant']"
36204,Intestinal lymphangiectasia,Clinical group,['All ages'],['Not applicable']
36234,Bacterial toxic-shock syndrome,Disease,['All ages'],['Not applicable']
36235,Staphylococcal scarlet fever,Disease,['All ages'],[]
36236,Staphylococcal scalded skin syndrome,Disease,['All ages'],[]
36237,Bullous impetigo,Disease,['All ages'],['Not applicable']
36238,Staphylococcal necrotizing pneumonia,Disease,['Childhood'],['Not applicable']
36258,Buerger disease,Disease,['Adult'],['Not applicable']
36273,Gastric linitis plastica,Disease,['Adult'],[]
36355,Bleeding disorder due to P2Y12 defect,Disease,['Childhood'],['Autosomal recessive']
36367,Distal deletion 1q syndrome,Malformation syndrome,['Neonatal'],[]
36383,COL4A1/2-related familial vascular leukoencephalopathy,Disease,[],['Autosomal dominant']
36386,Hereditary sensory and autonomic neuropathy type 1,Disease,['All ages'],['Autosomal dominant']
36387,Genetic epilepsy with febrile seizure plus,Disease,['Childhood'],['Autosomal dominant']
36388,Paraneoplastic neurologic syndrome,Category,['All ages'],['Not applicable']
36397,Adiposis dolorosa,Disease,['Adult'],"['Autosomal dominant', 'Not applicable']"
36412,Hypocomplementemic urticarial vasculitis,Disease,"['Adult', 'Childhood']","['Autosomal recessive', 'Not applicable']"
36426,Stevens-Johnson syndrome,Clinical subtype,['All ages'],['Not applicable']
36899,Myoclonus-dystonia syndrome,Disease,"['Adolescent', 'Adult', 'Childhood']","['Autosomal dominant', 'Not applicable']"
36913,Autoimmune hypoparathyroidism,Disease,"['Adolescent', 'Adult', 'Childhood']",['Not applicable']
37042,Immune dysregulation-polyendocrinopathy-enteropathy-X-linked syndrome,Disease,"['Infancy', 'Neonatal']",['X-linked recessive']
37202,Interstitial cystitis,Disease,['All ages'],['Unknown']
37553,Andersen-Tawil syndrome,Disease,['Childhood'],['Autosomal dominant']
37612,Episodic ataxia type 1,Disease,"['Adolescent', 'Childhood']",['Autosomal dominant']
37748,Schnitzler syndrome,Malformation syndrome,['Adult'],['Not applicable']
38874,Dihydropyrimidinuria,Disease,"['Childhood', 'Infancy']",['Autosomal recessive']
39041,Omenn syndrome,Disease,"['Infancy', 'Neonatal']",['Autosomal recessive']
39044,Uveal melanoma,Disease,['Adult'],['Not applicable']
39812,Graft versus host disease,Disease,['All ages'],['Not applicable']
40366,Acitretin/etretinate embryopathy,Malformation syndrome,"['Antenatal', 'Neonatal']",['Not applicable']
40923,Eales disease,Disease,"['Adolescent', 'Adult']","['Multigenic/multifactorial', 'Not applicable']"
41751,Bietti crystalline dystrophy,Disease,"['Adolescent', 'Adult']",['Autosomal recessive']
42062,Iminoglycinuria,Disease,['All ages'],['Autosomal recessive']
42642,PFAPA syndrome,Disease,"['Childhood', 'Infancy']",['Unknown']
42665,Tietz syndrome,Malformation syndrome,['Neonatal'],['Autosomal dominant']
42738,Severe congenital neutropenia,Clinical group,['Childhood'],"['Autosomal dominant', 'Autosomal recessive', 'X-linked recessive']"
42775,PHACE syndrome,Malformation syndrome,"['Antenatal', 'Infancy', 'Neonatal']",['Unknown']
43115,Hereditary myopathy with lactic acidosis due to ISCU deficiency,Disease,['Childhood'],['Autosomal recessive']
43116,Serotonin syndrome,Disease,['All ages'],['Not applicable']
43117,Acute tricyclic antidepressant poisoning,Particular clinical situation in a disease or syndrome,['All ages'],['Not applicable']
43119,Acute poisoning by drugs with membrane-stabilizing effect,Particular clinical situation in a disease or syndrome,['All ages'],['Not applicable']
43393,Lambert-Eaton myasthenic syndrome,Disease,['Adult'],['Not applicable']
44890,Gastrointestinal stromal tumor,Disease,"['Adolescent', 'Adult', 'Childhood']","['Autosomal dominant', 'Not applicable']"
45358,Congenital fibrosis of extraocular muscles,Disease,['Neonatal'],"['Autosomal dominant', 'Autosomal recessive', 'Not applicable']"
45448,Miyoshi myopathy,Disease,['Adult'],['Autosomal recessive']
45452,Idiopathic neonatal atrial flutter,Disease,"['Infancy', 'Neonatal']",['Not applicable']
45453,Incessant infant ventricular tachycardia,Disease,"['Childhood', 'Infancy']",['Not applicable']
46059,Lathosterolosis,Disease,['Neonatal'],['Autosomal recessive']
46135,Primary central nervous system lymphoma,Disease,"['Adult', 'Elderly']",['Not applicable']
46348,Paroxysmal extreme pain disorder,Disease,"['Infancy', 'Neonatal']",['Autosomal dominant']
46484,Oligodendroglial tumor,Clinical group,['Adult'],"['Multigenic/multifactorial', 'Not applicable']"
46485,Superficial pemphigus,Clinical group,['All ages'],['Not applicable']
46486,Mucous membrane pemphigoid,Disease,"['Adolescent', 'Adult', 'Childhood', 'Elderly', 'Infancy']",['Not applicable']
46487,Epidermolysis bullosa acquisita,Disease,"['Adolescent', 'Adult', 'Childhood', 'Elderly', 'Infancy']",['Not applicable']
46488,Linear IgA dermatosis,Disease,['All ages'],['Not applicable']
46532,Hereditary persistence of fetal hemoglobin-beta-thalassemia syndrome,Disease,['Childhood'],['Autosomal dominant']
46627,Char syndrome,Malformation syndrome,"['Infancy', 'Neonatal']",['Autosomal dominant']
46724,Cerebral arteriovenous malformation,Morphological anomaly,['All ages'],['No data available']
47044,Hereditary papillary renal cell carcinoma,Disease,['Adult'],['Autosomal dominant']
47045,Familial cold urticaria,Disease,"['Adolescent', 'Childhood', 'Infancy']",['Autosomal dominant']
47159,Proximal renal tubular acidosis,Disease,['All ages'],"['Autosomal dominant', 'Autosomal recessive', 'Not applicable']"
47612,Felty syndrome,Disease,['Adult'],['Unknown']
48104,Pyoderma gangrenosum,Disease,"['Adolescent', 'Adult', 'Childhood', 'Elderly']",['Unknown']
48162,Lewis-Sumner syndrome,Clinical subtype,['All ages'],['Not applicable']
48372,Nodular regenerative hyperplasia of the liver,Histopathological subtype,['Adult'],['Not applicable']
48377,Subcorneal pustular dermatosis,Disease,['Adult'],['Not applicable']
48431,Congenital cataracts-facial dysmorphism-neuropathy syndrome,Malformation syndrome,"['Infancy', 'Neonatal']",['Autosomal recessive']
48435,Postinfectious vasculitis,Disease,['All ages'],['Not applicable']
48471,Lissencephaly,Category,"['Infancy', 'Neonatal']",[]
48652,Phelan-McDermid syndrome,Malformation syndrome,"['Infancy', 'Neonatal']","['Not applicable', 'Unknown']"
48686,Primary effusion lymphoma,Disease,['Adult'],[]
48818,Aceruloplasminemia,Disease,"['Adult', 'Elderly']",['Autosomal recessive']
48918,Focal myositis,Disease,['Adult'],['Not applicable']
49041,IgG4-related retroperitoneal fibrosis,Clinical subtype,['Adult'],"['Not applicable', 'Unknown']"
49042,Dentinogenesis imperfecta,Disease,['Childhood'],['Autosomal dominant']
49382,Achromatopsia,Disease,"['Infancy', 'Neonatal']",['Autosomal recessive']
49566,Acquired purpura fulminans,Disease,"['Adult', 'Childhood', 'Infancy', 'Neonatal']",['Not applicable']
49804,Lichen amyloidosis,Disease,"['Adolescent', 'Adult']",[]
49827,Thiamine-responsive megaloblastic anemia syndrome,Disease,['Childhood'],['Autosomal recessive']
50251,Pleural mesothelioma,Disease,['All ages'],['Not applicable']
50809,Talo-patello-scaphoid osteolysis,Malformation syndrome,['Childhood'],['Autosomal recessive']
50810,Microlissencephaly-micromelia syndrome,Malformation syndrome,"['Infancy', 'Neonatal']",['Autosomal recessive']
50811,Lipodystrophy-intellectual disability-deafness syndrome,Disease,['Childhood'],['Autosomal recessive']
50812,Zellweger-like syndrome without peroxisomal anomalies,Disease,['Childhood'],"['Autosomal recessive', 'Mitochondrial inheritance']"
50814,Craniolenticulosutural dysplasia,Malformation syndrome,"['Infancy', 'Neonatal']",['Autosomal recessive']
50815,Branchiogenic deafness syndrome,Malformation syndrome,"['Antenatal', 'Neonatal']",['Autosomal dominant']
50839,Cat-scratch disease,Disease,['All ages'],['Not applicable']
50918,Kikuchi-Fujimoto disease,Disease,"['Adolescent', 'Adult', 'Childhood', 'Infancy']",[]
50942,Striate palmoplantar keratoderma,Disease,"['Infancy', 'Neonatal']",['Autosomal dominant']
50943,Keratolytic winter erythema,Disease,"['Adolescent', 'Adult', 'Childhood', 'Infancy', 'Neonatal']",['Autosomal dominant']
50944,Schöpf-Schulz-Passarge syndrome,Disease,"['Adolescent', 'Childhood']","['Autosomal dominant', 'Autosomal recessive']"
50945,Blomstrand lethal chondrodysplasia,Malformation syndrome,"['Antenatal', 'Neonatal']",['Autosomal recessive']
51083,Familial short QT syndrome,Disease,['All ages'],['Autosomal dominant']
51188,Ethylmalonic encephalopathy,Disease,"['Infancy', 'Neonatal']",['Autosomal recessive']
51208,Formiminoglutamic aciduria,Disease,['Childhood'],['Autosomal recessive']
51577,Cobblestone lissencephaly,Clinical group,"['Infancy', 'Neonatal']",['Autosomal recessive']
51608,Generalized arterial calcification of infancy,Disease,"['Antenatal', 'Infancy', 'Neonatal']","['Autosomal dominant', 'Autosomal recessive']"
51636,WHIM syndrome,Disease,"['Adolescent', 'Adult', 'Childhood']","['Autosomal dominant', 'Autosomal recessive', 'Not applicable']"
51890,Anterior cutaneous nerve entrapment syndrome,Disease,['All ages'],['Not applicable']
52022,Potocki-Shaffer syndrome,Malformation syndrome,"['Infancy', 'Neonatal']",['Unknown']
52047,Braddock syndrome,Malformation syndrome,['Neonatal'],['Autosomal recessive']
52054,Craniosynostosis-intracranial calcifications syndrome,Malformation syndrome,"['Infancy', 'Neonatal']",['Autosomal recessive']
52055,Corpus callosum agenesis-intellectual disability-coloboma-micrognathia syndrome,Malformation syndrome,"['Infancy', 'Neonatal']",['X-linked recessive']
52056,Ulnar/fibula ray defect-brachydactyly syndrome,Malformation syndrome,"['Infancy', 'Neonatal']",['Autosomal dominant']
52368,Mohr-Tranebjaerg syndrome,Disease,['Childhood'],['X-linked recessive']
52416,Mantle cell lymphoma,Disease,['Adult'],"['Multigenic/multifactorial', 'Not applicable']"
52417,MALT lymphoma,Disease,['Adult'],"['Multigenic/multifactorial', 'Not applicable']"
52427,Retinitis punctata albescens,Disease,['Childhood'],"['Autosomal dominant', 'Autosomal recessive']"
52429,Branchiootic syndrome,Malformation syndrome,['Neonatal'],['Autosomal dominant']
52430,Inclusion body myopathy with Paget disease of bone and frontotemporal dementia,Disease,['Adult'],['Autosomal dominant']
52503,X-linked creatine transporter deficiency,Disease,"['Childhood', 'Infancy']","['Not applicable', 'X-linked recessive']"
52530,Pseudo-von Willebrand disease,Disease,['Adult'],['Autosomal dominant']
52688,Myelodysplastic syndrome,Clinical group,['All ages'],[]
52901,Isolated follicle stimulating hormone deficiency,Disease,"['Adolescent', 'Adult']",['Autosomal recessive']
52994,Orbital leiomyoma,Disease,['Adult'],['Unknown']
53035,Caroli disease,Malformation syndrome,['All ages'],"['Autosomal recessive', 'Not applicable']"
53271,Muenke syndrome,Malformation syndrome,"['Antenatal', 'Neonatal']",['Autosomal dominant']
53296,Familial cutaneous collagenoma,Disease,['Adolescent'],['Autosomal dominant']
53347,Brody myopathy,Disease,"['Adolescent', 'Adult', 'Childhood']","['Autosomal dominant', 'Autosomal recessive']"
53351,X-linked dystonia-parkinsonism,Disease,['Adult'],"['Not applicable', 'X-linked recessive']"
53372,Hereditary geniospasm,Disease,['Childhood'],['Autosomal dominant']
53540,Goldmann-Favre syndrome,Disease,"['Adolescent', 'Childhood']",['Autosomal recessive']
53583,Paroxysmal dystonic choreathetosis with episodic ataxia and spasticity,Disease,['Childhood'],['Autosomal dominant']
53689,Congenital chloride diarrhea,Disease,"['Infancy', 'Neonatal']",['Autosomal recessive']
53690,Congenital lactase deficiency,Disease,[],['Autosomal recessive']
53691,Congenital cornea plana,Morphological anomaly,"['Infancy', 'Neonatal']","['Autosomal dominant', 'Autosomal recessive']"
53693,GRACILE syndrome,Disease,"['Antenatal', 'Neonatal']",['Autosomal recessive']
53696,Arthrogryposis-anterior horn cell disease syndrome,Malformation syndrome,['Antenatal'],['Autosomal recessive']
53697,Gnathodiaphyseal dysplasia,Malformation syndrome,"['Adolescent', 'Childhood', 'Infancy']",['Autosomal dominant']
53698,Myosin storage myopathy,Disease,[],"['Autosomal dominant', 'Autosomal recessive']"
53715,Familial tumoral calcinosis,Disease,['Childhood'],['Autosomal recessive']
53719,Wyburn-Mason syndrome,Malformation syndrome,"['Childhood', 'Infancy', 'Neonatal']",['Not applicable']
53721,Spinal arteriovenous metameric syndrome,Malformation syndrome,['All ages'],['Not applicable']
54028,Plummer-Vinson syndrome,Disease,['Adult'],['Unknown']
54057,Thrombotic thrombocytopenic purpura,Disease,['All ages'],"['Autosomal recessive', 'Multigenic/multifactorial']"
54247,Posterior cortical atrophy,Disease,['Adult'],['Unknown']
54251,Aseptic abscess syndrome,Disease,"['Adolescent', 'Adult']",['Not applicable']
54260,Left ventricular noncompaction,Disease,['All ages'],"['Autosomal dominant', 'Autosomal recessive', 'Mitochondrial inheritance', 'X-linked recessive']"
54272,Hepatocellular adenoma,Disease,"['Adult', 'Elderly']",[]
54368,Sarcocystosis,Disease,['All ages'],[]
54370,Primary membranoproliferative glomerulonephritis,Disease,['Adult'],['Not applicable']
54595,Craniopharyngioma,Disease,['All ages'],['Not applicable']
55595,TNP03-related limb-girdle muscular dystrophy D2,Disease,"['Adolescent', 'Adult', 'Childhood', 'Infancy']",['Autosomal dominant']
55596,HNRNPDL-related limb-girdle muscular dystrophy D3,Disease,"['Adolescent', 'Adult']",['Autosomal dominant']
55654,Hypotrichosis simplex,Disease,['Childhood'],"['Autosomal dominant', 'Autosomal recessive']"
55880,Chondrosarcoma,Disease,['Adult'],"['Not applicable', 'Unknown']"
55881,Adamantinoma,Disease,"['Adolescent', 'Adult', 'Childhood']",['Not applicable']
56044,Carcinoma of gallbladder and extrahepatic biliary tract,Clinical group,['Adult'],['Not applicable']
56304,Atelosteogenesis type II,Malformation syndrome,"['Infancy', 'Neonatal']",['Autosomal recessive']
56305,Atelosteogenesis type III,Malformation syndrome,"['Infancy', 'Neonatal']","['Autosomal dominant', 'Not applicable']"
56425,Cold agglutinin disease,Disease,['Adult'],['Multigenic/multifactorial']
56970,Human prion disease,Category,['Adult'],[]
57145,SUNCT syndrome,Disease,['Adult'],['Not applicable']
57196,Medial condensing osteitis of the clavicle,Disease,"['Adolescent', 'Adult', 'Childhood']",['Not applicable']
57782,Mazabraud syndrome,Malformation syndrome,['Adult'],['Not applicable']
58017,Classic hairy cell leukemia,Disease,['Adult'],['Unknown']
59135,Laing distal myopathy,Disease,['Childhood'],['Autosomal dominant']
59181,Sorsby pseudoinflammatory fundus dystrophy,Disease,['Adult'],['Autosomal dominant']
59298,Schilder disease,Disease,['Childhood'],[]
59303,Neonatal ichthyosis-sclerosing cholangitis syndrome,Disease,['Neonatal'],['Autosomal recessive']
59305,Gestational trophoblastic neoplasm,Clinical group,['Adult'],['Not applicable']
59306,McLeod neuroacanthocytosis syndrome,Disease,['Adult'],['X-linked recessive']
59315,Rhombencephalosynapsis,Malformation syndrome,"['Antenatal', 'Infancy', 'Neonatal']",['Not applicable']
60014,Argyria,Disease,['All ages'],['Not applicable']
60015,Enlarged parietal foramina,Malformation syndrome,"['Antenatal', 'Neonatal']",['Autosomal dominant']
60025,Pulmonary alveolar microlithiasis,Disease,['All ages'],"['Autosomal recessive', 'Not applicable']"
60026,Pulmonary nodular lymphoid hyperplasia,Disease,"['Adolescent', 'Adult', 'Childhood']",[]
60030,Loeys-Dietz syndrome,Malformation syndrome,"['Infancy', 'Neonatal']","['Autosomal dominant', 'Autosomal recessive']"
60032,Recurrent respiratory papillomatosis,Disease,"['Adolescent', 'Adult', 'Childhood', 'Infancy']",['Not applicable']
60033,Idiopathic bronchiectasis,Disease,['All ages'],['Not applicable']
60039,Pudendal nerve entrapment syndrome,Disease,['Adult'],['Not applicable']
60040,Megalencephaly-capillary malformation-polymicrogyria syndrome,Malformation syndrome,"['Antenatal', 'Neonatal']",['Not applicable']
60041,Congenital heart block,Disease,"['Infancy', 'Neonatal']",['Not applicable']
63259,Iniencephaly,Morphological anomaly,"['Infancy', 'Neonatal']","['Multigenic/multifactorial', 'Not applicable']"
63260,Craniorachischisis,Morphological anomaly,"['Infancy', 'Neonatal']","['Multigenic/multifactorial', 'Not applicable']"
63273,Distal myopathy with posterior leg and anterior hand involvement,Disease,"['Adolescent', 'Adult']",['Autosomal dominant']
63275,Pemphigoid gestationis,Disease,"['Adolescent', 'Adult']",[]
63442,Angel-shaped phalango-epiphyseal dysplasia,Malformation syndrome,['All ages'],['Autosomal dominant']
63443,Rare epithelial tumor of stomach,Category,['Adult'],"['Multigenic/multifactorial', 'Not applicable']"
63446,Acrocapitofemoral dysplasia,Malformation syndrome,"['Infancy', 'Neonatal']",['Autosomal recessive']
63454,Pattern dystrophy,Category,['Adult'],"['Autosomal dominant', 'Autosomal recessive']"
63455,Paraneoplastic pemphigus,Disease,['All ages'],['Not applicable']
63862,Schisis association,Malformation syndrome,"['Antenatal', 'Neonatal']","['Not applicable', 'Unknown']"
63999,IgG4-related mediastinitis,Clinical subtype,[],['Not applicable']
64280,Childhood absence epilepsy,Disease,"['Adolescent', 'Childhood']",['Autosomal dominant']
64542,"Acrofacial dysostosis, Kennedy-Teebi type",Malformation syndrome,"['Infancy', 'Neonatal']",['Autosomal recessive']
64686,Tolosa-Hunt syndrome,Disease,['All ages'],[]
64692,Bartonella bacilliformis infection,Disease,['All ages'],[]
64694,Trench fever,Disease,['All ages'],[]
64720,Leiomyosarcoma,Disease,"['Adolescent', 'Adult', 'Childhood', 'Elderly']",['Not applicable']
64734,Iridocorneal endothelial syndrome,Disease,['Adult'],['Not applicable']
64739,Ovarian hyperstimulation syndrome,Disease,"['Adolescent', 'Adult']",['Not applicable']
64741,Pulmonary blastoma,Disease,['Adult'],['Multigenic/multifactorial']
64742,Pleuropulmonary blastoma,Disease,"['Infancy', 'Neonatal']","['Autosomal dominant', 'Not applicable']"
64743,Hepatoportal sclerosis,Histopathological subtype,['All ages'],[]
64744,IgG4-related thyroid disease,Clinical subtype,['Adult'],['Not applicable']
64745,Pruritic urticarial papules and plaques of pregnancy,Disease,"['Adolescent', 'Adult']",[]
64746,Autosomal dominant Charcot-Marie-Tooth disease type 2,Clinical group,['All ages'],['Autosomal dominant']
64747,X-linked Charcot-Marie-Tooth disease,Clinical group,[],"['X-linked dominant', 'X-linked recessive']"
64748,Dejerine-Sottas syndrome,Disease,['Infancy'],"['Autosomal dominant', 'Autosomal recessive', 'Not applicable']"
64749,Charcot-Marie-Tooth disease type 4,Clinical group,['Childhood'],['Autosomal recessive']
64751,Hereditary motor and sensory neuropathy type 5,Disease,['Adult'],[]
64752,Hereditary sensory and autonomic neuropathy type 5,Disease,"['Infancy', 'Neonatal']",['Autosomal recessive']
64753,Spinocerebellar ataxia with axonal neuropathy type 2,Disease,"['Adolescent', 'Adult', 'Childhood']",['Autosomal recessive']
64754,Nevus comedonicus syndrome,Disease,"['Childhood', 'Infancy', 'Neonatal']",['Not applicable']
64755,Becker nevus syndrome,Disease,['All ages'],[]
65282,Carvajal syndrome,Disease,"['Childhood', 'Infancy', 'Neonatal']","['Autosomal dominant', 'Autosomal recessive']"
65283,Timothy syndrome,Malformation syndrome,"['Antenatal', 'Neonatal']",['Autosomal dominant']
65284,Biotin-thiamine-responsive basal ganglia disease,Disease,[],['Autosomal recessive']
65285,Lhermitte-Duclos disease,Disease,['Adult'],"['Autosomal dominant', 'Not applicable']"
65286,3q29 microdeletion syndrome,Malformation syndrome,"['Infancy', 'Neonatal']",['Autosomal dominant']
65287,Beta-ureidopropionase deficiency,Disease,"['Infancy', 'Neonatal']",['Autosomal recessive']
65288,Permanent neonatal diabetes mellitus-pancreatic and cerebellar agenesis syndrome,Malformation syndrome,"['Infancy', 'Neonatal']",['Autosomal recessive']
65681,Vaginal atresia,Morphological anomaly,['Childhood'],['Not applicable']
65682,Benign recurrent intrahepatic cholestasis,Disease,['All ages'],"['Autosomal dominant', 'Autosomal recessive']"
65683,Isolated focal cortical dysplasia,Disease,['All ages'],[]
65684,Monomelic amyotrophy,Disease,"['Adolescent', 'Adult']",['Unknown']
65720,Arthrogryposis-severe scoliosis syndrome,Malformation syndrome,['Neonatal'],[]
65743,Autosomal dominant multiple pterygium syndrome,Malformation syndrome,['Childhood'],['Autosomal dominant']
65748,Multiple self-healing squamous epithelioma,Disease,"['Adolescent', 'Adult', 'Childhood', 'Elderly']",['Autosomal dominant']
65753,Charcot-Marie-Tooth disease type 1,Clinical group,"['Adolescent', 'Adult', 'Childhood', 'Infancy']",['Autosomal dominant']
65759,Carpenter syndrome,Malformation syndrome,"['Antenatal', 'Childhood', 'Neonatal']",['Autosomal recessive']
66518,Short fifth metacarpals-insulin resistance syndrome,Disease,['Adolescent'],['Autosomal dominant']
66529,Tako-Tsubo cardiomyopathy,Disease,['All ages'],['Unknown']
66624,PANDAS,Disease,['Childhood'],['Not applicable']
66625,Cerebrooculonasal syndrome,Malformation syndrome,"['Antenatal', 'Neonatal']",['Autosomal dominant']
66627,Tenosynovial giant cell tumor,Disease,"['Adolescent', 'Adult', 'Childhood']",['Not applicable']
66628,Obesity due to congenital leptin deficiency,Etiological subtype,['Childhood'],['Autosomal recessive']
66629,Goldberg-Shprintzen megacolon syndrome,Malformation syndrome,"['Infancy', 'Neonatal']",['Autosomal recessive']
66630,Congenital pseudoarthrosis of the clavicle,Disease,"['Childhood', 'Infancy', 'Neonatal']",['Not applicable']
66631,CEDNIK syndrome,Disease,"['Infancy', 'Neonatal']",['Autosomal recessive']
66633,Sensorineural hearing loss-early graying-essential tremor syndrome,Disease,['Adult'],['Autosomal dominant']
66634,Dilated cardiomyopathy with ataxia,Disease,"['Childhood', 'Infancy']",['Autosomal recessive']
66637,Diaphanospondylodysostosis,Malformation syndrome,"['Infancy', 'Neonatal']",['Autosomal recessive']
66646,Cutaneous mastocytosis,Clinical group,['Childhood'],['Not applicable']
66661,Mast cell sarcoma,Disease,['All ages'],[]
66662,Extracutaneous mastocytoma,Disease,['All ages'],[]
67036,Autosomal dominant optic atrophy and cataract,Disease,['Childhood'],['Autosomal dominant']
67038,B-cell chronic lymphocytic leukemia,Disease,['Adult'],"['Multigenic/multifactorial', 'Not applicable']"
67039,Segmental odontomaxillary dysplasia,Disease,['Childhood'],['Not applicable']
67041,Hyaluronidase deficiency,Disease,['Childhood'],['Autosomal recessive']
67042,Late-onset retinal degeneration,Disease,"['Adult', 'Elderly']",['Autosomal dominant']
67043,Amoebic keratitis,Disease,['All ages'],['Not applicable']
67044,Thrombocytopenia with congenital dyserythropoietic anemia,Disease,"['Infancy', 'Neonatal']",['X-linked recessive']
67045,X-linked intellectual disability with isolated growth hormone deficiency,Clinical subtype,"['Infancy', 'Neonatal']",['X-linked recessive']
67046,3-methylglutaconic aciduria type 1,Disease,"['Infancy', 'Neonatal']",['Autosomal recessive']
67047,3-methylglutaconic aciduria type 3,Disease,['Childhood'],['Autosomal recessive']
67048,3-methylglutaconic aciduria type 4,Disease,"['Infancy', 'Neonatal']",['Autosomal recessive']
69028,Dysostosis with brachydactyly,Category,"['Infancy', 'Neonatal']","['Autosomal dominant', 'Autosomal recessive', 'X-linked recessive']"
69061,Idiopathic steroid-sensitive nephrotic syndrome,Clinical syndrome,['All ages'],['Unknown']
69063,Congenital membranous nephropathy due to fetomaternal anti-neutral endopeptidase alloimmunization,Disease,"['Antenatal', 'Neonatal']",['Autosomal recessive']
69076,Familial renal glucosuria,Disease,['All ages'],"['Autosomal dominant', 'Autosomal recessive']"
69077,Rhabdoid tumor,Disease,"['Antenatal', 'Childhood', 'Infancy', 'Neonatal']",['Not applicable']
69078,Liposarcoma,Disease,['All ages'],['Unknown']
69082,Odonto-tricho-ungual-digito-palmar syndrome,Malformation syndrome,"['Infancy', 'Neonatal']",['Autosomal dominant']
69083,"Ectodermal dysplasia with natal teeth, Turnpenny type",Malformation syndrome,"['Childhood', 'Neonatal']",['Autosomal dominant']
69084,Pure hair and nail ectodermal dysplasia,Malformation syndrome,"['Infancy', 'Neonatal']","['Autosomal dominant', 'Autosomal recessive']"
69085,Limb-mammary syndrome,Malformation syndrome,"['Antenatal', 'Neonatal']",['Autosomal dominant']
69087,Naegeli-Franceschetti-Jadassohn syndrome,Disease,"['Infancy', 'Neonatal']",['Autosomal dominant']
69088,Anhidrotic ectodermal dysplasia-immunodeficiency-osteopetrosis-lymphedema syndrome,Disease,"['Infancy', 'Neonatal']",['X-linked recessive']
69125,Anonychia with flexural pigmentation,Malformation syndrome,"['Infancy', 'Neonatal']",['Autosomal dominant']
69126,PAPA syndrome,Disease,['Childhood'],['Autosomal dominant']
69663,Low phospholipid-associated cholelithiasis,Disease,['Adult'],"['Autosomal dominant', 'Autosomal recessive']"
69665,Intrahepatic cholestasis of pregnancy,Disease,['Adult'],"['Multigenic/multifactorial', 'Not applicable']"
69723,Tyrosinemia type 3,Disease,"['Infancy', 'Neonatal']",['Autosomal recessive']
69735,Hypotrichosis-lymphedema-telangiectasia-renal defect syndrome,Disease,"['Infancy', 'Neonatal']","['Autosomal dominant', 'Autosomal recessive']"
69736,Bilateral acute depigmentation of the iris,Disease,['Adult'],['Unknown']
69737,Bosley-Salih-Alorainy syndrome,Malformation syndrome,"['Infancy', 'Neonatal']",['Autosomal recessive']
69739,Athabaskan brainstem dysgenesis syndrome,Disease,"['Infancy', 'Neonatal']",['Autosomal recessive']
69744,Circumscribed palmoplantar hypokeratosis,Disease,['Adult'],['Unknown']
69745,Warty dyskeratoma,Disease,['Adult'],['Unknown']
70472,"Congenital lactic acidosis, Saguenay-Lac-Saint-Jean type",Disease,"['Infancy', 'Neonatal']",['Autosomal recessive']
70475,Radiation proctitis,Disease,['Adult'],['Not applicable']
70476,Vernal keratoconjunctivitis,Disease,['Childhood'],['Not applicable']
70482,Carcinoma of esophagus,Clinical group,['Adult'],[]
70567,Cholangiocarcinoma,Disease,['Adult'],['Not applicable']
70568,Post-transplant lymphoproliferative disease,Disease,['All ages'],['Not applicable']
70573,Small cell lung cancer,Disease,['Adult'],['Not applicable']
70578,Adult acute respiratory distress syndrome,Disease,['Adult'],['Not applicable']
70588,Meconium aspiration syndrome,Disease,"['Infancy', 'Neonatal']",['Not applicable']
70589,Bronchopulmonary dysplasia,Malformation syndrome,"['Infancy', 'Neonatal']",['Not applicable']
70590,Infantile apnea,Disease,"['Infancy', 'Neonatal']",[]
70591,Chronic thromboembolic pulmonary hypertension,Disease,"['Adolescent', 'Adult', 'Elderly']",['Not applicable']
70592,Transient predisposition to invasive pyogenic bacterial infection,Disease,['Childhood'],['Autosomal recessive']
70593,Immunodeficiency due to selective anti-polysaccharide antibody deficiency,Disease,"['Adolescent', 'Adult', 'Childhood']",['Multigenic/multifactorial']
70594,Dopa-responsive dystonia due to sepiapterin reductase deficiency,Disease,"['Infancy', 'Neonatal']",['Autosomal recessive']
70595,Sensory ataxic neuropathy-dysarthria-ophthalmoparesis syndrome,Disease,['Adult'],['Autosomal recessive']
70596,Congenital Epstein-Barr virus infection,Disease,"['Infancy', 'Neonatal']",['Not applicable']
71211,Neuromyelitis optica spectrum disorder,Disease,"['Adolescent', 'Adult', 'Childhood', 'Elderly']",['Multigenic/multifactorial']
71212,Hyperinsulinism due to short chain 3-hydroxylacyl-CoA dehydrogenase deficiency,Disease,"['Infancy', 'Neonatal']",['Autosomal recessive']
71213,Retinal capillary malformation,Disease,['All ages'],['Autosomal dominant']
71267,Dentinogenesis imperfecta-short stature-hearing loss-intellectual disability syndrome,Malformation syndrome,"['Infancy', 'Neonatal']",['Autosomal recessive']
71271,Split hand-split foot-deafness syndrome,Malformation syndrome,"['Infancy', 'Neonatal']",['Autosomal recessive']
71272,Sandifer syndrome,Disease,"['Adult', 'Childhood', 'Infancy']",['Not applicable']
71273,Renal nutcracker syndrome,Disease,['Adult'],['Unknown']
71274,Disseminated peritoneal leiomyomatosis,Disease,['Adult'],['Unknown']
71275,Rh deficiency syndrome,Disease,['No data available'],['Autosomal recessive']
71276,Silent sinus syndrome,Disease,['Adult'],['Not applicable']
71277,Classic glucose transporter type 1 deficiency syndrome,Disease,"['Infancy', 'Neonatal']","['Autosomal dominant', 'Autosomal recessive']"
71278,Congenital brain dysgenesis due to glutamine synthetase deficiency,Disease,"['Infancy', 'Neonatal']",['Autosomal recessive']
71279,CANOMAD syndrome,Disease,"['Adult', 'Elderly']",[]
71289,Radio-ulnar synostosis-amegakaryocytic thrombocytopenia syndrome,Malformation syndrome,['Neonatal'],['Autosomal dominant']
71290,Familial platelet disorder with associated myeloid malignancy,Disease,[],['Autosomal dominant']
71493,Familial thrombocytosis,Disease,['Childhood'],"['Autosomal dominant', 'X-linked recessive']"
71505,Cancer-associated retinopathy,Disease,['Adult'],['Not applicable']
71517,Rapid-onset dystonia-parkinsonism,Disease,"['Adolescent', 'Adult', 'Childhood']","['Autosomal dominant', 'Not applicable']"
71518,Benign paroxysmal torticollis of infancy,Disease,"['Childhood', 'Infancy', 'Neonatal']","['Autosomal dominant', 'Not applicable', 'Unknown']"
71519,Psychogenic movement disorders,Clinical syndrome,"['Adolescent', 'Adult', 'Childhood', 'Elderly']",['Not applicable']
71526,Obesity due to pro-opiomelanocortin deficiency,Etiological subtype,"['Infancy', 'Neonatal']",['Autosomal recessive']
71528,Obesity due to prohormone convertase I deficiency,Etiological subtype,"['Infancy', 'Neonatal']",['Autosomal recessive']
71529,Obesity due to melanocortin 4 receptor deficiency,Etiological subtype,"['Infancy', 'Neonatal']","['Autosomal dominant', 'Autosomal recessive']"
73014,Intractable diarrhea of infancy,Category,['Childhood'],[]
73217,Müllerian aplasia,Clinical group,"['Adolescent', 'Adult']",['Autosomal dominant']
73223,Global developmental delay-osteopenia-ectodermal defect syndrome,Malformation syndrome,['Childhood'],['Unknown']
73224,Kidney tubulopathy-dilated cardiomyopathy syndrome,Disease,['Childhood'],['Autosomal dominant']
73229,HANAC syndrome,Disease,['Childhood'],['Autosomal dominant']
73230,Ossification anomalies-psychomotor developmental delay syndrome,Disease,"['Infancy', 'Neonatal']",[]
73245,Spinal muscular atrophy-Dandy-Walker malformation-cataracts syndrome,Malformation syndrome,"['Infancy', 'Neonatal']",['Unknown']
73246,Visceral neuropathy-brain anomalies-facial dysmorphism-developmental delay syndrome,Malformation syndrome,"['Antenatal', 'Neonatal']",['Autosomal recessive']
73256,Central neurocytoma,Disease,"['Adolescent', 'Adult', 'Childhood']",['Not applicable']
73260,Paracoccidioidomycosis,Disease,['All ages'],['Not applicable']
73263,Zygomycosis,Disease,['All ages'],['Not applicable']
73267,Non-24-hour sleep-wake syndrome,Disease,['All ages'],['Unknown']
73271,Bleeding diathesis due to a collagen receptor defect,Disease,['All ages'],"['Autosomal dominant', 'Autosomal recessive']"
73272,Growth delay due to insulin-like growth factor type 1 deficiency,Disease,"['Infancy', 'Neonatal']",['Autosomal recessive']
73273,Growth delay due to insulin-like growth factor I resistance,Disease,"['Infancy', 'Neonatal']","['Autosomal dominant', 'Autosomal recessive']"
73423,Acute ackee fruit intoxication,Disease,['All ages'],['Not applicable']
75233,Wolman disease,Clinical subtype,"['Infancy', 'Neonatal']",['Autosomal recessive']
75234,Cholesteryl ester storage disease,Clinical subtype,"['Adolescent', 'Adult', 'Childhood']",['Autosomal recessive']
75249,Familial isolated restrictive cardiomyopathy,Disease,['All ages'],"['Autosomal dominant', 'Autosomal recessive', 'Not applicable']"
75325,Osteosclerosis-ichthyosis-premature ovarian failure syndrome,Disease,"['Adolescent', 'Adult']",['Unknown']
75326,Familial isolated retinal arteriolar tortuosity,Disease,['Childhood'],"['Autosomal dominant', 'Not applicable']"
75327,North Carolina macular dystrophy,Disease,['Childhood'],['Autosomal dominant']
75373,Progressive bifocal chorioretinal atrophy,Disease,"['Infancy', 'Neonatal']",['Autosomal dominant']
75374,Bradyopsia,Disease,['Childhood'],['Autosomal recessive']
75376,Familial drusen,Disease,['Adult'],['Autosomal dominant']
75377,Central areolar choroidal dystrophy,Disease,['Adult'],['Autosomal dominant']
75378,Oligocone trichromacy,Disease,"['Adolescent', 'Adult', 'Childhood', 'Infancy']","['Autosomal dominant', 'Autosomal recessive']"
75381,Cystoid macular dystrophy,Disease,['Childhood'],['Autosomal dominant']
75382,Oguchi disease,Malformation syndrome,"['Infancy', 'Neonatal']",['Autosomal recessive']
75389,Brain malformation-congenital heart disease-postaxial polydactyly syndrome,Malformation syndrome,"['Infancy', 'Neonatal']",['Unknown']
75391,Primary immunodeficiency with natural-killer cell deficiency and adrenal insufficiency,Disease,['Childhood'],['Autosomal recessive']
75392,Periodontal Ehlers-Danlos syndrome,Disease,['Childhood'],['Autosomal dominant']
75496,B4GALT7-related spondylodysplastic Ehlers-Danlos syndrome,Clinical subtype,['Neonatal'],['Autosomal recessive']
75497,X-linked Ehlers-Danlos syndrome,Disease,['Adolescent'],['X-linked recessive']
75508,Angioosteohypotrophic syndrome,Malformation syndrome,['Childhood'],['Unknown']
75563,X-linked sideroblastic anemia,Disease,['All ages'],['X-linked recessive']
75564,Acquired idiopathic sideroblastic anemia,Disease,['Adult'],['Not applicable']
75565,Tropical endomyocardial fibrosis,Disease,"['Adolescent', 'Adult', 'Childhood']",['Not applicable']
75566,Loeffler endocarditis,Disease,"['Adolescent', 'Adult', 'Childhood']",[]
75567,Primary progressive freezing gait,Clinical syndrome,['Adult'],['Unknown']
75840,Ullrich congenital muscular dystrophy,Disease,"['Infancy', 'Neonatal']","['Autosomal dominant', 'Autosomal recessive']"
75857,6q terminal deletion syndrome,Malformation syndrome,"['Infancy', 'Neonatal']","['Not applicable', 'Unknown']"
75858,MORM syndrome,Disease,"['Antenatal', 'Infancy', 'Neonatal']",['Autosomal recessive']
77240,Primary lymphedema,Category,['All ages'],"['Autosomal dominant', 'Autosomal recessive']"
77258,Trichorhinophalangeal syndrome type 1,Malformation syndrome,"['Infancy', 'Neonatal']",['Autosomal dominant']
77259,Gaucher disease type 1,Clinical subtype,['All ages'],['Autosomal recessive']
77260,Gaucher disease type 2,Clinical subtype,['Infancy'],['Autosomal recessive']
77261,Gaucher disease type 3,Clinical subtype,['All ages'],['Autosomal recessive']
77292,Infantile neurovisceral acid sphingomyelinase deficiency,Disease,"['Infancy', 'Neonatal']",['Autosomal recessive']
77293,Chronic visceral acid sphingomyelinase deficiency,Disease,['Childhood'],['Autosomal recessive']
77295,Odontoleukodystrophy,Clinical subtype,['Infancy'],['Autosomal recessive']
77296,Morgagni-Stewart-Morel syndrome,Malformation syndrome,['Adult'],"['Autosomal dominant', 'X-linked recessive']"
77297,Majeed syndrome,Disease,"['Childhood', 'Infancy']",['Autosomal recessive']
77298,Anophthalmia/microphthalmia-esophageal atresia syndrome,Malformation syndrome,"['Antenatal', 'Neonatal']","['Autosomal dominant', 'Not applicable']"
77299,Microphthalmia-brain atrophy syndrome,Malformation syndrome,['Neonatal'],['Autosomal recessive']
77300,Auricular abnormalities-cleft lip with or without cleft palate-ocular abnormalities syndrome,Malformation syndrome,"['Infancy', 'Neonatal']",['Unknown']
77301,Monosomy 9q22.3 syndrome,Malformation syndrome,"['Infancy', 'Neonatal']","['Not applicable', 'Unknown']"
79076,Juvenile polyposis of infancy,Clinical subtype,"['Infancy', 'Neonatal']","['Autosomal dominant', 'Not applicable']"
79078,IgG4-related dacryoadenitis and sialadenitis,Clinical subtype,['All ages'],['Not applicable']
79083,PPARG-related familial partial lipodystrophy,Disease,['Adult'],['Autosomal dominant']
79084,"Familial partial lipodystrophy, Köbberling type",Disease,['Childhood'],['Autosomal dominant']
79085,AKT2-related familial partial lipodystrophy,Disease,['Adult'],['Autosomal dominant']
79086,Acquired generalized lipodystrophy,Disease,['All ages'],['Not applicable']
79087,Acquired partial lipodystrophy,Disease,"['Adolescent', 'Adult', 'Childhood']","['Multigenic/multifactorial', 'Not applicable']"
79088,Localized lipodystrophy,Clinical group,['All ages'],['Unknown']
79091,Hereditary inclusion body myopathy-joint contractures-ophthalmoplegia syndrome,Disease,"['Adolescent', 'Infancy', 'Neonatal']",['Autosomal dominant']
79093,Foix-Alajouanine syndrome,Malformation syndrome,['Adult'],['Not applicable']
79094,Grange syndrome,Malformation syndrome,['Childhood'],"['Autosomal dominant', 'Autosomal recessive']"
79095,Congenital bile acid synthesis defect type 4,Disease,['All ages'],['Autosomal recessive']
79096,Pyridoxal phosphate-responsive seizures,Disease,"['Infancy', 'Neonatal']",['Autosomal recessive']
79097,Folinic acid-responsive seizures,Disease,"['Infancy', 'Neonatal']",['Unknown']
79098,Sympathetic ophthalmia,Disease,['All ages'],['Not applicable']
79099,Interstitial granulomatous dermatitis with arthritis,Disease,['Adult'],['Not applicable']
79100,Atrophoderma vermiculata,Disease,['Childhood'],"['Autosomal recessive', 'Unknown']"
79101,Hyperprolinemia type 2,Disease,['All ages'],['Autosomal recessive']
79102,Thyrotoxic periodic paralysis,Disease,['Adult'],"['Multigenic/multifactorial', 'Not applicable']"
79105,Myxofibrosarcoma,Disease,['Adult'],['Not applicable']
79106,Eiken syndrome,Malformation syndrome,"['Infancy', 'Neonatal']",['Autosomal recessive']
79107,Developmental malformations-deafness-dystonia syndrome,Malformation syndrome,['Adolescent'],['Autosomal dominant']
79113,Mandibulofacial dysostosis-microcephaly syndrome,Malformation syndrome,['Neonatal'],['Autosomal dominant']
79118,Neonatal diabetes-congenital hypothyroidism-congenital glaucoma-hepatic fibrosis-polycystic kidneys syndrome,Disease,['Neonatal'],['Autosomal recessive']
79124,Hepatic veno-occlusive disease-immunodeficiency syndrome,Disease,['Infancy'],['Autosomal recessive']
79126,Acute interstitial pneumonia,Disease,['Adult'],['Unknown']
79127,Respiratory bronchiolitis-interstitial lung disease syndrome,Disease,['Adult'],['Not applicable']
79128,Lymphoid interstitial pneumonia,Disease,['All ages'],['Not applicable']
79129,Trichodysplasia-amelogenesis imperfecta syndrome,Malformation syndrome,"['Infancy', 'Neonatal']",['X-linked recessive']
79133,Focal facial dermal dysplasia type I,Clinical subtype,"['Antenatal', 'Neonatal']",['Autosomal dominant']
79134,DEND syndrome,Disease,"['Infancy', 'Neonatal']","['Autosomal dominant', 'Autosomal recessive', 'Not applicable']"
79135,Episodic ataxia type 3,Disease,['All ages'],['Autosomal dominant']
79136,Episodic ataxia type 4,Disease,['Adult'],['Autosomal dominant']
79137,Generalized epilepsy-paroxysmal dyskinesia syndrome,Disease,['Childhood'],['Autosomal dominant']
79138,Bickerstaff brainstem encephalitis,Disease,['All ages'],['Not applicable']
79139,Japanese encephalitis,Disease,['All ages'],['Not applicable']
79140,Cutaneous neuroendocrine carcinoma,Disease,"['Adult', 'Elderly']",['Not applicable']
79141,Hereditary painful callosities,Disease,['No data available'],['Autosomal dominant']
79143,Isolated congenital anonychia,Disease,"['Infancy', 'Neonatal']","['Autosomal dominant', 'Autosomal recessive']"
79144,Isolated congenital onychodysplasia,Disease,['Neonatal'],[]
79145,Dowling-Degos disease,Disease,"['Adolescent', 'Adult']",['Autosomal dominant']
79146,Familial progressive hyperpigmentation,Disease,"['Infancy', 'Neonatal']",['Autosomal dominant']
79147,Familial reactive perforating collagenosis,Disease,['Childhood'],[]
79148,Elastosis perforans serpiginosa,Disease,['All ages'],[]
79149,Dermochondrocorneal dystrophy,Disease,['Childhood'],['Autosomal recessive']
79150,Linear and whorled nevoid hypermelanosis,Disease,"['Infancy', 'Neonatal']",[]
79151,Acrokeratosis verruciformis of Hopf,Disease,"['Adult', 'Infancy', 'Neonatal']",['Autosomal dominant']
79152,Disseminated superficial actinic porokeratosis,Disease,"['Adolescent', 'Adult', 'Childhood', 'Elderly']",['Autosomal dominant']
79153,Idiopathic trachyonychia,Disease,['Childhood'],['Autosomal dominant']
79154,2-aminoadipic 2-oxoadipic aciduria,Disease,"['Childhood', 'Infancy']",[]
79155,Hydroxykynureninuria,Disease,"['Infancy', 'Neonatal']",['Autosomal recessive']
79156,Seizures-intellectual disability due to hydroxylysinuria syndrome,Disease,['Infancy'],['Autosomal recessive']
79157,2-methylbutyryl-CoA dehydrogenase deficiency,Disease,"['Infancy', 'Neonatal']",['Autosomal recessive']
79159,Isobutyryl-CoA dehydrogenase deficiency,Disease,"['Infancy', 'Neonatal']",['Autosomal recessive']
79168,Disorder of bile acid synthesis,Category,['All ages'],[]
79172,Creatine deficiency syndrome,Clinical group,"['Childhood', 'Infancy']","['Autosomal recessive', 'Not applicable', 'X-linked recessive']"
79189,Peroxisome biogenesis disorder,Clinical group,"['Infancy', 'Neonatal']",['Autosomal recessive']
79196,Disorder of the gamma-glutamyl cycle,Category,"['Childhood', 'Infancy', 'Neonatal']",['Autosomal recessive']
79230,HJV or HAMP-related hemochromatosis,Disease,"['Adolescent', 'Adult', 'Childhood']",['Autosomal recessive']
79233,Hypoxanthine guanine phosphoribosyltransferase partial deficiency,Disease,['All ages'],['X-linked recessive']
79234,Crigler-Najjar syndrome type 1,Clinical subtype,['Neonatal'],['Autosomal recessive']
79235,Crigler-Najjar syndrome type 2,Clinical subtype,"['Infancy', 'Neonatal']",['Autosomal recessive']
79237,Galactokinase deficiency,Disease,"['Infancy', 'Neonatal']",['Autosomal recessive']
79238,Galactose epimerase deficiency,Disease,"['Infancy', 'Neonatal']",['Autosomal recessive']
79239,Classic galactosemia,Disease,"['Infancy', 'Neonatal']",['Autosomal recessive']
79240,Glycogen storage disease due to liver and muscle phosphorylase kinase deficiency,Disease,['Childhood'],['Autosomal recessive']
79241,Biotinidase deficiency,Disease,"['Adolescent', 'Adult', 'Childhood', 'Infancy', 'Neonatal']",['Autosomal recessive']
79242,Holocarboxylase synthetase deficiency,Disease,"['Childhood', 'Infancy', 'Neonatal']",['Autosomal recessive']
79243,Pyruvate dehydrogenase E1-alpha deficiency,Clinical subtype,"['Infancy', 'Neonatal']",['X-linked dominant']
79244,Pyruvate dehydrogenase E2 deficiency,Clinical subtype,['Childhood'],['Autosomal recessive']
79246,Pyruvate dehydrogenase phosphatase deficiency,Clinical subtype,"['Infancy', 'Neonatal']",['Autosomal recessive']
79253,Mild phenylketonuria,Clinical subtype,"['Infancy', 'Neonatal']",['Autosomal recessive']
79254,Classic phenylketonuria,Clinical subtype,"['Infancy', 'Neonatal']",['Autosomal recessive']
79255,GM1 gangliosidosis type 1,Clinical subtype,"['Infancy', 'Neonatal']",['Autosomal recessive']
79256,GM1 gangliosidosis type 2,Clinical subtype,['Childhood'],['Autosomal recessive']
79257,GM1 gangliosidosis type 3,Clinical subtype,['All ages'],['Autosomal recessive']
79258,Glycogen storage disease due to glucose-6-phosphatase deficiency type Ia,Clinical subtype,"['Infancy', 'Neonatal']",[]
79259,Glycogen storage disease due to glucose-6-phosphatase deficiency type Ib,Clinical subtype,"['Infancy', 'Neonatal']",[]
79269,Sanfilippo syndrome type A,Etiological subtype,[],['Autosomal recessive']
79270,Sanfilippo syndrome type B,Etiological subtype,"['Infancy', 'Neonatal']",['Autosomal recessive']
79271,Sanfilippo syndrome type C,Etiological subtype,['Childhood'],['Autosomal recessive']
79272,Sanfilippo syndrome type D,Etiological subtype,[],['Autosomal recessive']
79273,Hereditary coproporphyria,Disease,"['Adolescent', 'Adult']",['Autosomal dominant']
79276,Acute intermittent porphyria,Disease,"['Adolescent', 'Adult']",['Autosomal dominant']
79277,Congenital erythropoietic porphyria,Disease,['All ages'],['Autosomal recessive']
79278,Autosomal erythropoietic protoporphyria,Disease,"['Infancy', 'Neonatal']","['Autosomal dominant', 'Autosomal recessive']"
79279,Alpha-N-acetylgalactosaminidase deficiency type 1,Clinical subtype,"['Infancy', 'Neonatal']",['Autosomal recessive']
79280,Alpha-N-acetylgalactosaminidase deficiency type 2,Clinical subtype,['Adult'],['Autosomal recessive']
79281,Alpha-N-acetylgalactosaminidase deficiency type 3,Clinical subtype,['Childhood'],['Autosomal recessive']
79282,"Methylmalonic acidemia with homocystinuria, type cblC",Clinical subtype,['All ages'],['Autosomal recessive']
79283,"Methylmalonic acidemia with homocystinuria, type cblD",Clinical subtype,['All ages'],['Autosomal recessive']
79284,Methylmalonic acidemia with homocystinuria type cblF,Clinical subtype,['Childhood'],['Autosomal recessive']
79292,Fish-eye disease,Clinical subtype,"['Adolescent', 'Adult']",['Autosomal recessive']
79293,Familial LCAT deficiency,Clinical subtype,['All ages'],"['Autosomal recessive', 'Not applicable']"
79298,Diazoxide-resistant focal hyperinsulinism,Clinical group,['All ages'],[]
79299,Congenital glucokinase-related hyperinsulinism,Disease,"['Infancy', 'Neonatal']",['Autosomal dominant']
79301,Congenital bile acid synthesis defect type 1,Disease,"['Infancy', 'Neonatal']",['Autosomal recessive']
79302,Congenital bile acid synthesis defect type 3,Disease,"['Infancy', 'Neonatal']",['Autosomal recessive']
79303,Congenital bile acid synthesis defect type 2,Disease,"['Infancy', 'Neonatal']",['Autosomal recessive']
79304,Progressive familial intrahepatic cholestasis type 2,Clinical subtype,"['Infancy', 'Neonatal']",['Autosomal recessive']
79305,Progressive familial intrahepatic cholestasis type 3,Clinical subtype,['All ages'],['Autosomal recessive']
79306,Progressive familial intrahepatic cholestasis type 1,Clinical subtype,"['Infancy', 'Neonatal']",['Autosomal recessive']
79310,Vitamin B12-responsive methylmalonic acidemia type cblA,Clinical subtype,['Childhood'],['Autosomal recessive']
79311,Vitamin B12-responsive methylmalonic acidemia type cblB,Clinical subtype,['Childhood'],['Autosomal recessive']
79312,Vitamin B12-unresponsive methylmalonic acidemia type mut-,Clinical subtype,"['Infancy', 'Neonatal']",['Autosomal recessive']
79314,L-2-hydroxyglutaric aciduria,Disease,['Childhood'],['Autosomal recessive']
79315,D-2-hydroxyglutaric aciduria,Disease,"['Childhood', 'Infancy', 'Neonatal']","['Autosomal dominant', 'Autosomal recessive']"
79318,PMM2-CDG,Disease,"['Infancy', 'Neonatal']",['Autosomal recessive']
79319,MPI-CDG,Disease,"['Infancy', 'Neonatal']",['Autosomal recessive']
79320,ALG6-CDG,Disease,"['Infancy', 'Neonatal']",['Autosomal recessive']
79321,ALG3-CDG,Disease,"['Infancy', 'Neonatal']",['Autosomal recessive']
79322,DPM1-CDG,Disease,"['Infancy', 'Neonatal']",['Autosomal recessive']
79323,MPDU1-CDG,Disease,"['Infancy', 'Neonatal']",['Autosomal recessive']
79324,ALG12-CDG,Disease,"['Infancy', 'Neonatal']",['Autosomal recessive']
79325,ALG8-CDG,Disease,"['Infancy', 'Neonatal']",['Autosomal recessive']
79326,ALG2-CDG,Disease,"['Infancy', 'Neonatal']",['Autosomal recessive']
79327,ALG1-CDG,Disease,"['Infancy', 'Neonatal']",['Autosomal recessive']
79328,ALG9-CDG,Disease,"['Infancy', 'Neonatal']",['Autosomal recessive']
79329,MGAT2-CDG,Disease,"['Infancy', 'Neonatal']",['Autosomal recessive']
79330,MOGS-CDG,Disease,"['Infancy', 'Neonatal']",['Autosomal recessive']
79332,B4GALT1-CDG,Disease,['Neonatal'],['Autosomal recessive']
79333,COG7-CDG,Disease,"['Infancy', 'Neonatal']",['Autosomal recessive']
79345,Brachytelephalangic chondrodysplasia punctata,Malformation syndrome,"['Antenatal', 'Neonatal']",['X-linked recessive']
79346,"Chondrodysplasia punctata, tibial-metacarpal type",Malformation syndrome,"['Antenatal', 'Neonatal']",['Unknown']
79347,"Chondrodysplasia punctata, Toriello type",Malformation syndrome,['Neonatal'],['Autosomal recessive']
79350,"3-phosphoserine phosphatase deficiency, infantile/juvenile form",Etiological subtype,['Infancy'],['Autosomal recessive']
79351,"3-phosphoglycerate dehydrogenase deficiency, infantile/juvenile form",Etiological subtype,"['Adolescent', 'Childhood', 'Infancy']",['Autosomal recessive']
79361,Inherited epidermolysis bullosa,Category,['All ages'],"['Autosomal dominant', 'Autosomal recessive']"
79373,Ectodermal dysplasia syndrome,Category,"['Infancy', 'Neonatal']",[]
79394,Congenital ichthyosiform erythroderma,Disease,"['Infancy', 'Neonatal']",['Autosomal recessive']
79395,Keratoderma hereditarium mutilans with ichthyosis,Disease,"['Infancy', 'Neonatal']",['Autosomal dominant']
79396,"Autosomal dominant generalized epidermolysis bullosa simplex, severe form",Disease,['Neonatal'],['Autosomal dominant']
79397,Epidermolysis bullosa simplex with mottled pigmentation,Disease,"['Infancy', 'Neonatal']",['Autosomal dominant']
79399,"Autosomal dominant generalized epidermolysis bullosa simplex, intermediate form",Disease,"['Infancy', 'Neonatal']","['Autosomal dominant', 'Not applicable']"
79400,Localized epidermolysis bullosa simplex,Disease,['Childhood'],['Autosomal dominant']
79401,PLEC-related intermediate epidermolysis bullosa simplex without extracutaneous involvement,Disease,"['Infancy', 'Neonatal']",['Autosomal dominant']
79402,Intermediate generalized junctional epidermolysis bullosa,Disease,['Neonatal'],['Autosomal recessive']
79403,Junctional epidermolysis bullosa with pyloric atresia,Disease,"['Antenatal', 'Neonatal']",['Autosomal recessive']
79404,Severe generalized junctional epidermolysis bullosa,Disease,"['Infancy', 'Neonatal']",['Autosomal recessive']
79405,Junctional epidermolysis bullosa inversa,Disease,"['Infancy', 'Neonatal']",['Autosomal recessive']
79406,Late-onset junctional epidermolysis bullosa,Disease,"['Adolescent', 'Adult', 'Childhood']",['Autosomal recessive']
79408,"Autosomal recessive generalized dystrophic epidermolysis bullosa, severe form",Disease,['Neonatal'],['Autosomal recessive']
79409,Recessive dystrophic epidermolysis bullosa inversa,Disease,"['Infancy', 'Neonatal']",['Autosomal recessive']
79410,"Localized dystrophic epidermolysis bullosa, pretibial form",Clinical subtype,"['Infancy', 'Neonatal']","['Autosomal dominant', 'Autosomal recessive']"
79411,Self-improving dystrophic epidermolysis bullosa,Disease,"['Infancy', 'Neonatal']","['Autosomal dominant', 'Autosomal recessive']"
79414,Woolly hair nevus,Disease,"['Infancy', 'Neonatal']",['Not applicable']
79430,Hermansky-Pudlak syndrome,Disease,"['Infancy', 'Neonatal']",['Autosomal recessive']
79431,Oculocutaneous albinism type 1A,Clinical subtype,"['Infancy', 'Neonatal']",['Autosomal recessive']
79432,Oculocutaneous albinism type 2,Disease,"['Infancy', 'Neonatal']",['Autosomal recessive']
79433,Oculocutaneous albinism type 3,Disease,"['Infancy', 'Neonatal']",['Autosomal recessive']
79434,Oculocutaneous albinism type 1B,Clinical subtype,"['Infancy', 'Neonatal']",['Autosomal recessive']
79435,Oculocutaneous albinism type 4,Disease,"['Infancy', 'Neonatal']",['Autosomal recessive']
79443,Pseudohypoparathyroidism type 1A,Disease,"['Childhood', 'Infancy', 'Neonatal']",['Autosomal dominant']
79444,Pseudohypoparathyroidism type 1C,Disease,"['Childhood', 'Infancy', 'Neonatal']",['Autosomal dominant']
79445,Pseudopseudohypoparathyroidism,Disease,['All ages'],['Autosomal dominant']
79447,X-linked lethal multiple pterygium syndrome,Malformation syndrome,"['Antenatal', 'Neonatal']","['X-linked dominant', 'X-linked recessive']"
79452,Milroy disease,Disease,"['Infancy', 'Neonatal']",['Autosomal dominant']
79455,Cutaneous mastocytoma,Disease,['All ages'],['Not applicable']
79456,Diffuse cutaneous mastocytosis,Disease,"['Infancy', 'Neonatal']",['Not applicable']
79457,Maculopapular cutaneous mastocytosis,Disease,['All ages'],['Not applicable']
79473,Variegate porphyria,Disease,"['Adolescent', 'Adult']",['Autosomal dominant']
79474,Atypical Werner syndrome,Disease,"['Adolescent', 'Adult']","['Autosomal dominant', 'Unknown']"
79476,Griscelli syndrome type 1,Clinical subtype,"['Childhood', 'Infancy']",[]
79477,Griscelli syndrome type 2,Clinical subtype,"['Childhood', 'Infancy']",['Autosomal recessive']
79478,Griscelli syndrome type 3,Clinical subtype,['Childhood'],['Autosomal recessive']
79479,Pemphigus vegetans,Disease,['All ages'],[]
79480,Pemphigus erythematosus,Disease,"['Adolescent', 'Adult', 'Childhood']",[]
79481,Pemphigus foliaceus,Disease,['All ages'],[]
79483,Phakomatosis cesioflammea,Clinical subtype,[],['Not applicable']
79484,Phakomatosis cesiomarmorata,Clinical subtype,[],['Not applicable']
79485,Phakomatosis spilorosea,Clinical subtype,[],['Not applicable']
79489,Macrocystic lymphatic malformation,Malformation syndrome,"['Infancy', 'Neonatal']",['Not applicable']
79490,Microcystic lymphatic malformation,Malformation syndrome,"['Infancy', 'Neonatal']",['Not applicable']
79492,Pili gemini,Disease,"['Adolescent', 'Adult', 'Childhood', 'Elderly']",[]
79493,Brooke-Spiegler syndrome,Disease,"['Adolescent', 'Adult']",['Autosomal dominant']
79495,X-linked congenital generalized hypertrichosis,Clinical subtype,[],['X-linked dominant']
79499,Autosomal dominant deafness-onychodystrophy syndrome,Malformation syndrome,"['Antenatal', 'Neonatal']",['Autosomal dominant']
79500,DOORS syndrome,Malformation syndrome,"['Infancy', 'Neonatal']",['Autosomal recessive']
79501,Punctate palmoplantar keratoderma type 1,Disease,"['Adolescent', 'Adult']",['Autosomal dominant']
79502,Punctate palmoplantar keratoderma type 2,Disease,['Adult'],['Autosomal dominant']
79503,Ichthyosis hystrix of Curth-Macklin,Disease,['Childhood'],"['Autosomal dominant', 'Not applicable']"
79507,Hypotonia-failure to thrive-microcephaly syndrome,Disease,"['Infancy', 'Neonatal']",['Autosomal recessive']
79643,Autosomal recessive hyperinsulinism due to SUR1 deficiency,Disease,[],['Autosomal recessive']
79644,Autosomal recessive hyperinsulinism due to Kir6.2 deficiency,Disease,['Neonatal'],['Autosomal recessive']
79651,Mild hyperphenylalaninemia,Clinical subtype,"['Infancy', 'Neonatal']",['Autosomal recessive']
79665,Gardner syndrome,Clinical subtype,['Adult'],[]
83311,Rocky Mountain spotted fever,Disease,['All ages'],['Not applicable']
83312,Rickettsialpox,Disease,['All ages'],['Not applicable']
83313,Boutonneuse fever,Disease,['All ages'],['Not applicable']
83314,Epidemic typhus,Disease,['All ages'],['Not applicable']
83315,Murine typhus,Disease,['All ages'],['Not applicable']
83316,Pseudotyphus of California,Disease,['All ages'],['Not applicable']
83317,Scrub typhus,Disease,['All ages'],[]
83330,Proximal spinal muscular atrophy type 1,Clinical subtype,"['Infancy', 'Neonatal']",['Autosomal recessive']
83418,Proximal spinal muscular atrophy type 2,Clinical subtype,['Infancy'],['Autosomal recessive']
83419,Proximal spinal muscular atrophy type 3,Clinical subtype,"['Adolescent', 'Adult', 'Childhood', 'Infancy']",['Autosomal recessive']
83420,Proximal spinal muscular atrophy type 4,Clinical subtype,['Adult'],['Autosomal recessive']
83450,Regional odontodysplasia,Disease,['Childhood'],['Not applicable']
83451,Florid cemento-osseous dysplasia,Disease,['Adult'],['Not applicable']
83452,Complex regional pain syndrome,Disease,['All ages'],['Not applicable']
83453,Vulvovaginal gingival syndrome,Disease,['Adult'],['Not applicable']
83454,Glomuvenous malformation,Malformation syndrome,"['Adolescent', 'Adult', 'Childhood', 'Infancy', 'Neonatal']",['Autosomal dominant']
83461,Congenital primary aphakia,Malformation syndrome,"['Infancy', 'Neonatal']",['Autosomal recessive']
83463,Microtia,Morphological anomaly,"['Infancy', 'Neonatal']","['Autosomal dominant', 'Autosomal recessive', 'Not applicable']"
83465,Narcolepsy type 2,Disease,"['Adolescent', 'Adult', 'Childhood']",['Unknown']
83467,Morvan syndrome,Disease,['Adult'],[]
83468,Solitary bone cyst,Disease,['Childhood'],['Not applicable']
83469,Desmoplastic small round cell tumor,Disease,"['Adolescent', 'Adult']",['Not applicable']
83471,T-cell immunodeficiency with thymic aplasia,Disease,"['Infancy', 'Neonatal']",['Autosomal recessive']
83472,CAMOS syndrome,Malformation syndrome,"['Infancy', 'Neonatal']",['Autosomal recessive']
83473,Megalencephaly-polymicrogyria-postaxial polydactyly-hydrocephalus syndrome,Malformation syndrome,"['Infancy', 'Neonatal']","['Autosomal dominant', 'Not applicable']"
83476,West-Nile encephalitis,Disease,['All ages'],['Not applicable']
83482,Mycoplasma encephalitis,Disease,['All ages'],['Not applicable']
83483,La Crosse encephalitis,Disease,['All ages'],['Not applicable']
83484,St. Louis encephalitis,Disease,['All ages'],['Not applicable']
83593,Western equine encephalitis,Disease,['All ages'],['Not applicable']
83594,Eastern equine encephalitis,Disease,['All ages'],['Not applicable']
83595,Colorado tick fever,Disease,['All ages'],['Not applicable']
83597,Acute disseminated encephalomyelitis,Disease,['All ages'],['Not applicable']
83600,Encephalitis lethargica,Disease,['Adult'],['Not applicable']
83601,Steroid-responsive encephalopathy associated with autoimmune thyroiditis,Disease,['All ages'],['Not applicable']
83616,Rubella panencephalitis,Disease,['Childhood'],['Not applicable']
83617,Agammaglobulinemia-microcephaly-craniosynostosis-severe dermatitis syndrome,Malformation syndrome,"['Antenatal', 'Infancy', 'Neonatal']",['Autosomal recessive']
83619,Macrostomia-preauricular tags-external ophthalmoplegia syndrome,Malformation syndrome,"['Infancy', 'Neonatal']",['Autosomal dominant']
83620,Enteric anendocrinosis,Disease,"['Infancy', 'Neonatal']",['Autosomal recessive']
83628,LUMBAR syndrome,Malformation syndrome,"['Infancy', 'Neonatal']",['Unknown']
83629,Leukoencephalopathy-spondyloepimetaphyseal dysplasia syndrome,Disease,"['Childhood', 'Infancy']",['X-linked recessive']
83639,Hypercoagulability syndrome due to glycosylphosphatidylinositol deficiency,Disease,"['Infancy', 'Neonatal']",['Autosomal recessive']
83642,Microcytic anemia with liver iron overload,Disease,"['Infancy', 'Neonatal']",['Autosomal recessive']
84064,Syndromic diarrhea,Disease,"['Antenatal', 'Infancy', 'Neonatal']",['Autosomal recessive']
84081,Senior-Boichis syndrome,Disease,['All ages'],['Autosomal recessive']
84085,Hinman syndrome,Disease,['All ages'],[]
84090,Fibronectin glomerulopathy,Disease,['All ages'],['Autosomal dominant']
84093,Hereditary thermosensitive neuropathy,Disease,"['Adolescent', 'Adult', 'Childhood']",[]
84132,Desmin-related myopathy with Mallory body-like inclusions,Disease,"['Infancy', 'Neonatal']",['Autosomal recessive']
84142,Isaacs syndrome,Disease,['All ages'],['Not applicable']
85110,Familial encephalopathy with neuroserpin inclusion bodies,Disease,"['Adolescent', 'Adult', 'Childhood']",['Autosomal dominant']
85112,Palmoplantar keratoderma-XX sex reversal-predisposition to squamous cell carcinoma syndrome,Disease,['Childhood'],['Autosomal recessive']
85128,Bothnia retinal dystrophy,Disease,['Childhood'],['Autosomal recessive']
85136,Cystic leukoencephalopathy without megalencephaly,Disease,"['Infancy', 'Neonatal']",['Autosomal recessive']
85138,Addison disease,Disease,['All ages'],['Not applicable']
85146,"Neurogenic scapuloperoneal syndrome, Kaeser type",Disease,['Adult'],['Autosomal dominant']
85162,Facial onset sensory and motor neuronopathy,Disease,"['Adult', 'Elderly']",['Unknown']
85163,Hypomyelination-congenital cataract syndrome,Malformation syndrome,"['Infancy', 'Neonatal']",['Autosomal recessive']
85164,Camptodactyly-tall stature-scoliosis-hearing loss syndrome,Disease,['Childhood'],"['Autosomal dominant', 'Autosomal recessive']"
85165,Severe achondroplasia-developmental delay-acanthosis nigricans syndrome,Disease,['Childhood'],"['Autosomal dominant', 'Not applicable']"
85166,"Platyspondylic dysplasia, Torrance type",Malformation syndrome,"['Infancy', 'Neonatal']",['Autosomal dominant']
85167,Spondylometaphyseal dysplasia-cone-rod dystrophy syndrome,Disease,['No data available'],['Autosomal recessive']
85168,Craniofacial conodysplasia,Malformation syndrome,['No data available'],['Autosomal dominant']
85169,Familial digital arthropathy-brachydactyly,Malformation syndrome,"['Infancy', 'Neonatal']",['Autosomal dominant']
85170,"Mesomelic dysplasia, Savarirayan type",Malformation syndrome,"['Infancy', 'Neonatal']",['Not applicable']
85172,"Microcephalic osteodysplastic dysplasia, Saul-Wilson type",Disease,['Neonatal'],['Autosomal recessive']
85173,IMAGe syndrome,Malformation syndrome,"['Infancy', 'Neonatal']","['Autosomal dominant', 'Autosomal recessive']"
85174,Pseudodiastrophic dysplasia,Malformation syndrome,"['Infancy', 'Neonatal']",['Autosomal recessive']
85175,Astley-Kendall dysplasia,Malformation syndrome,"['Antenatal', 'Neonatal']",['Autosomal recessive']
85179,Infantile osteopetrosis with neuroaxonal dysplasia,Malformation syndrome,"['Infancy', 'Neonatal']",['Autosomal recessive']
85182,Diaphyseal medullary stenosis-bone malignancy syndrome,Disease,[],['Autosomal dominant']
85184,"Craniometadiaphyseal dysplasia, wormian bone type",Malformation syndrome,['Neonatal'],['Autosomal recessive']
85186,Endosteal sclerosis-cerebellar hypoplasia syndrome,Malformation syndrome,"['Infancy', 'Neonatal']",['Autosomal recessive']
85188,"Metaphyseal dysplasia, Braun-Tinschert type",Malformation syndrome,"['Infancy', 'Neonatal']",[]
85191,Singleton-Merten dysplasia,Malformation syndrome,['No data available'],['Autosomal dominant']
85192,Calvarial doughnut lesions-bone fragility syndrome,Malformation syndrome,['Childhood'],['Autosomal dominant']
85193,Idiopathic juvenile osteoporosis,Malformation syndrome,"['Adolescent', 'Childhood']","['Multigenic/multifactorial', 'Not applicable']"
85194,Spondylo-ocular syndrome,Malformation syndrome,"['Infancy', 'Neonatal']",['Autosomal recessive']
85195,Familial expansile osteolysis,Disease,"['Adolescent', 'Adult', 'Childhood']",['Autosomal dominant']
85197,Genochondromatosis type 1,Disease,['Childhood'],['Autosomal dominant']
85198,Dysspondyloenchondromatosis,Malformation syndrome,"['Infancy', 'Neonatal']","['Autosomal dominant', 'Not applicable']"
85199,Craniosynostosis-anal anomalies-porokeratosis syndrome,Malformation syndrome,"['Infancy', 'Neonatal']",['Autosomal recessive']
85201,Genitopatellar syndrome,Malformation syndrome,['Childhood'],"['Autosomal dominant', 'Autosomal recessive']"
85202,Keutel syndrome,Malformation syndrome,['Childhood'],['Autosomal recessive']
85203,Acropectoral syndrome,Malformation syndrome,"['Infancy', 'Neonatal']",['Autosomal dominant']
85212,Fetal Gaucher disease,Clinical subtype,"['Infancy', 'Neonatal']",[]
85273,"X-linked intellectual disability, Abidi type",Malformation syndrome,['Childhood'],['X-linked recessive']
85274,Syndromic X-linked intellectual disability 7,Malformation syndrome,['No data available'],['X-linked recessive']
85275,Microphthalmia-ankyloblepharon-intellectual disability syndrome,Malformation syndrome,"['Infancy', 'Neonatal']",['X-linked recessive']
85276,"X-linked intellectual disability, Armfield type",Malformation syndrome,"['Infancy', 'Neonatal']",['X-linked recessive']
85277,"X-linked intellectual disability, Cantagrel type",Malformation syndrome,"['Infancy', 'Neonatal']",['X-linked recessive']
85278,Christianson syndrome,Malformation syndrome,"['Infancy', 'Neonatal']",['X-linked recessive']
85279,KDM5C-related syndromic X-linked intellectual disability,Malformation syndrome,['Childhood'],['X-linked recessive']
85280,X-linked intellectual disability-cubitus valgus-dysmorphism syndrome,Malformation syndrome,"['Infancy', 'Neonatal']",['X-linked recessive']
85282,MEHMO syndrome,Malformation syndrome,"['Antenatal', 'Infancy', 'Neonatal']",['X-linked recessive']
85283,"X-linked intellectual disability, Miles-Carpenter type",Malformation syndrome,['Childhood'],['X-linked recessive']
85284,BRESEK syndrome,Malformation syndrome,['Childhood'],['X-linked dominant']
85285,"X-linked intellectual disability, Schimke type",Malformation syndrome,"['Infancy', 'Neonatal']",['X-linked recessive']
85286,"X-linked intellectual disability, Shashi type",Malformation syndrome,"['Infancy', 'Neonatal']",['X-linked recessive']
85287,"X-linked intellectual disability, Siderius type",Malformation syndrome,"['Infancy', 'Neonatal']",['X-linked recessive']
85288,"X-linked intellectual disability, Stocco Dos Santos type",Malformation syndrome,['Childhood'],['X-linked recessive']
85290,"X-linked intellectual disability, Wilson type",Malformation syndrome,['Childhood'],"['X-linked dominant', 'X-linked recessive']"
85292,X-linked spinocerebellar ataxia type 4,Disease,['Adult'],['X-linked recessive']
85293,"X-linked intellectual disability, Cabezas type",Malformation syndrome,['Childhood'],['X-linked recessive']
85294,X-linked epilepsy-learning disabilities-behavior disorders syndrome,Disease,['Childhood'],['X-linked recessive']
85295,"HSD10 disease, atypical type",Clinical subtype,"['Childhood', 'Infancy']",['X-linked dominant']
85297,X-linked spinocerebellar ataxia type 3,Malformation syndrome,['Childhood'],['X-linked recessive']
85317,X-linked intellectual disability-hypogammaglobulinemia-progressive neurological deterioration syndrome,Malformation syndrome,['Childhood'],['X-linked recessive']
85319,X-linked intellectual disability-epilepsy-progressive joint contractures-dysmorphism syndrome,Malformation syndrome,"['Infancy', 'Neonatal']",['X-linked recessive']
85320,X-linked intellectual disability-macrocephaly-macroorchidism syndrome,Malformation syndrome,"['Infancy', 'Neonatal']",['X-linked recessive']
85321,"Deafness-intellectual disability syndrome, Martin-Probst type",Malformation syndrome,"['Infancy', 'Neonatal']",['X-linked recessive']
85322,"X-linked intellectual disability, Pai type",Malformation syndrome,"['Childhood', 'Infancy']",['X-linked recessive']
85323,"X-linked intellectual disability, Seemanova type",Disease,"['Infancy', 'Neonatal']",['X-linked recessive']
85324,"X-linked intellectual disability, Shrimpton type",Malformation syndrome,"['Infancy', 'Neonatal']",['X-linked recessive']
85325,"X-linked intellectual disability, Stevenson type",Malformation syndrome,['Childhood'],['X-linked recessive']
85326,"X-linked intellectual disability, Stoll type",Malformation syndrome,"['Infancy', 'Neonatal']",['X-linked recessive']
85327,X-linked intellectual disability-acromegaly-hyperactivity syndrome,Disease,['Childhood'],['X-linked recessive']
85329,X-linked intellectual disability-hypotonia-facial dysmorphism-aggressive behavior syndrome,Malformation syndrome,"['Childhood', 'Infancy']",['X-linked recessive']
85332,X-linked intellectual disability-retinitis pigmentosa syndrome,Disease,"['Antenatal', 'Infancy', 'Neonatal']",['X-linked recessive']
85334,"X-linked neurodegenerative syndrome, Bertini type",Disease,"['Infancy', 'Neonatal']",['X-linked recessive']
85335,Fried syndrome,Malformation syndrome,"['Infancy', 'Neonatal']",['X-linked recessive']
85336,"X-linked neurodegenerative syndrome, Hamel type",Disease,"['Infancy', 'Neonatal']",['X-linked recessive']
85338,X-linked intellectual disability-ataxia-apraxia syndrome,Disease,['Childhood'],['X-linked recessive']
85408,Rheumatoid factor-negative polyarticular juvenile idiopathic arthritis,Disease,['Childhood'],['Multigenic/multifactorial']
85410,Oligoarticular juvenile idiopathic arthritis,Disease,['Childhood'],['Multigenic/multifactorial']
85414,Systemic-onset juvenile idiopathic arthritis,Disease,['Childhood'],"['Multigenic/multifactorial', 'Unknown']"
85435,Rheumatoid factor-positive polyarticular juvenile idiopathic arthritis,Disease,['Childhood'],['Unknown']
85436,Psoriasis-related juvenile idiopathic arthritis,Disease,"['Adolescent', 'Childhood']",['Unknown']
85438,Enthesitis-related juvenile idiopathic arthritis,Disease,"['Adolescent', 'Childhood']",['Unknown']
85442,Short stature-pituitary and cerebellar defects-small sella turcica syndrome,Disease,"['Infancy', 'Neonatal']",['Autosomal dominant']
85443,AL amyloidosis,Disease,['Adult'],['Not applicable']
85445,AA amyloidosis,Disease,"['Adolescent', 'Adult', 'Childhood']",['Not applicable']
85446,Wild type ABeta2M amyloidosis,Disease,['Adult'],['Not applicable']
85447,ATTRV30M amyloidosis,Clinical subtype,['Adult'],['Autosomal dominant']
85448,AGel amyloidosis,Disease,['Adult'],['Autosomal dominant']
85450,Hereditary amyloidosis with primary renal involvement,Disease,['All ages'],['Autosomal dominant']
85451,ATTRV122I amyloidosis,Clinical subtype,['Adult'],['Autosomal dominant']
85453,X-linked reticulate pigmentary disorder,Disease,['Childhood'],['X-linked dominant']
85458,Cerebral Amyloid Angiopathy,Disease,['Adult'],['Autosomal dominant']
86309,DPAGT1-CDG,Disease,"['Childhood', 'Infancy', 'Neonatal']",['Autosomal recessive']
86788,X-linked severe congenital neutropenia,Disease,"['Infancy', 'Neonatal']",['X-linked recessive']
86789,Isolated patella aplasia/hypoplasia,Morphological anomaly,"['Infancy', 'Neonatal']",['Autosomal dominant']
86797,Atypical lichen myxedematosus,Disease,"['Adolescent', 'Adult', 'Elderly']",[]
86812,POMT1-related limb-girdle muscular dystrophy R11,Disease,['Childhood'],['Autosomal recessive']
86813,Helicoid peripapillary chorioretinal degeneration,Disease,"['Infancy', 'Neonatal']",['Autosomal dominant']
86814,Benign adult familial myoclonic epilepsy,Disease,['All ages'],['Autosomal dominant']
86815,Aplasia of lacrimal and salivary glands,Disease,[],['Autosomal dominant']
86816,Congenital analbuminemia,Disease,"['Infancy', 'Neonatal']",['Autosomal recessive']
86817,Hemolytic anemia due to adenylate kinase deficiency,Disease,"['Childhood', 'Infancy', 'Neonatal']",['Autosomal recessive']
86818,Alport syndrome-intellectual disability-midface hypoplasia-elliptocytosis syndrome,Disease,"['Antenatal', 'Infancy', 'Neonatal']",['X-linked recessive']
86819,Atrichia with papular lesions,Disease,[],['Autosomal recessive']
86820,Familial avascular necrosis of femoral head,Disease,['Adult'],['Autosomal dominant']
86821,Lissencephaly type 3-familial fetal akinesia sequence syndrome,Malformation syndrome,['Antenatal'],['Autosomal recessive']
86822,Lissencephaly type 3-metacarpal bone dysplasia syndrome,Malformation syndrome,"['Antenatal', 'Neonatal']",['Autosomal recessive']
86829,Chronic neutrophilic leukemia,Disease,['Adult'],[]
86830,"Chronic myeloproliferative disease, unclassifiable",Disease,['Adult'],[]
86834,Juvenile myelomonocytic leukemia,Disease,"['Childhood', 'Infancy']",['Not applicable']
86836,Refractory cytopenia with multilineage dysplasia,Clinical group,['Adult'],[]
86839,Myelodysplastic neoplasm with increased blasts,Disease,['Adult'],['Not applicable']
86841,Myelodysplastic syndrome associated with isolated del(5q) chromosome abnormality,Disease,['Adult'],['Not applicable']
86843,Acute panmyelosis with myelofibrosis,Disease,['Adult'],['Not applicable']
86845,Acute myeloid leukaemia with myelodysplasia-related features,Disease,['Adult'],['Not applicable']
86846,Therapy related acute myeloid leukemia and myelodysplastic syndrome,Category,['All ages'],[]
86849,Acute basophilic leukemia,Disease,['All ages'],[]
86850,Myeloid sarcoma,Disease,['All ages'],['Not applicable']
86851,Acute leukemia of ambiguous lineage,Category,['All ages'],[]
86852,B-cell prolymphocytic leukemia,Disease,['Adult'],[]
86854,Splenic marginal zone lymphoma,Disease,['Adult'],['Not applicable']
86855,Plasmacytoma,Disease,['Adult'],['Not applicable']
86861,Non-amyloid monoclonal immunoglobulin deposition disease,Disease,['Adult'],[]
86864,Heavy chain disease,Disease,['Adult'],[]
86867,Nodal marginal zone B-cell lymphoma,Disease,"['Adolescent', 'Adult', 'Elderly']",['Not applicable']
86869,Lymphomatoid granulomatosis,Disease,['Adult'],['Not applicable']
86870,Blastic plasmacytoid dendritic cell neoplasm,Disease,['Elderly'],['Not applicable']
86871,T-cell prolymphocytic leukemia,Disease,"['Adult', 'Elderly']",['Not applicable']
86872,T-cell large granular lymphocyte leukemia,Disease,['Adult'],[]
86873,Aggressive NK-cell leukemia,Disease,['Adult'],"['Multigenic/multifactorial', 'Not applicable']"
86875,Adult T-cell leukemia/lymphoma,Disease,['Adult'],"['Multigenic/multifactorial', 'Not applicable']"
86879,Extranodal nasal NK/T cell lymphoma,Disease,['Adult'],"['Multigenic/multifactorial', 'Not applicable']"
86880,Enteropathy-associated T-cell lymphoma,Disease,['Adult'],['Not applicable']
86882,Hepatosplenic T-cell lymphoma,Disease,"['Adolescent', 'Adult']",['Not applicable']
86884,Subcutaneous panniculitis-like T-cell lymphoma,Disease,['All ages'],['Not applicable']
86885,Primary cutaneous peripheral T-cell lymphoma not otherwise specified,Disease,"['Adult', 'Elderly']",['Not applicable']
86886,Angioimmunoblastic T-cell lymphoma,Disease,['Adult'],['Not applicable']
86893,Nodular lymphocyte predominant Hodgkin lymphoma,Disease,['All ages'],['Unknown']
86896,Histiocytic sarcoma,Disease,['Adult'],[]
86897,Langerhans cell sarcoma,Disease,['All ages'],[]
86900,Interdigitating dendritic cell sarcoma,Disease,['Adult'],[]
86902,Follicular dendritic cell sarcoma,Disease,['All ages'],[]
86909,Myoclonic epilepsy of infancy,Disease,['Infancy'],['Autosomal recessive']
86911,Epilepsy with myoclonic absences,Disease,"['Adolescent', 'Childhood', 'Infancy']",['Multigenic/multifactorial']
86913,Myoclonic epilepsy in non-progressive encephalopathies,Malformation syndrome,"['Childhood', 'Infancy']",[]
86914,Lymphedema-cerebral arteriovenous anomaly-primary pulmonary hypertension syndrome,Malformation syndrome,['Adolescent'],[]
86915,Lymphedema-atrial septal defects-facial changes syndrome,Malformation syndrome,"['Infancy', 'Neonatal']",['Autosomal recessive']
86918,Diffuse palmoplantar keratoderma-acrocyanosis syndrome,Disease,"['Infancy', 'Neonatal']",['Autosomal dominant']
86919,Keratosis palmaris et plantaris-clinodactyly syndrome,Disease,['Neonatal'],['Autosomal dominant']
86920,Dermatopathia pigmentosa reticularis,Disease,"['Infancy', 'Neonatal']",['Autosomal dominant']
86923,"Hereditary palmoplantar keratoderma, Gamborg-Nielsen type",Disease,['Neonatal'],['Autosomal recessive']
87503,Mal de Meleda,Disease,"['Childhood', 'Infancy']",['Autosomal recessive']
87876,Sialidosis type 2,Disease,"['Antenatal', 'Childhood', 'Infancy', 'Neonatal']",['Autosomal recessive']
87884,Non-syndromic genetic deafness,Disease,"['Infancy', 'Neonatal']","['Autosomal dominant', 'Autosomal recessive', 'X-linked recessive']"
88616,Autosomal recessive non-syndromic intellectual disability,Etiological subtype,"['Childhood', 'Infancy']",['Autosomal recessive']
88618,S-adenosylhomocysteine hydrolase deficiency,Disease,"['Adolescent', 'Adult', 'Antenatal', 'Childhood', 'Infancy', 'Neonatal']",['Autosomal recessive']
88619,Familial acute necrotizing encephalopathy,Disease,"['Adolescent', 'Adult', 'Childhood', 'Infancy']",['Autosomal dominant']
88620,Isolated congenital anosmia,Disease,"['Infancy', 'Neonatal']","['Autosomal dominant', 'X-linked recessive']"
88621,Ichthyosis-prematurity syndrome,Disease,"['Infancy', 'Neonatal']",['Autosomal recessive']
88628,Posterior column ataxia-retinitis pigmentosa syndrome,Disease,['Childhood'],['Autosomal recessive']
88629,Tritanopia,Disease,"['Infancy', 'Neonatal']",['Autosomal dominant']
88630,Terminal osseous dysplasia-pigmentary defects syndrome,Malformation syndrome,"['Infancy', 'Neonatal']",['X-linked dominant']
88632,Anterior segment developmental anomaly,Category,['Neonatal'],['Autosomal dominant']
88635,Vacuolar myopathy with sarcoplasmic reticulum protein aggregates,Disease,['Adult'],"['Autosomal dominant', 'Unknown']"
88637,Hypomyelination-hypogonadotropic hypogonadism-hypodontia syndrome,Clinical subtype,"['Adolescent', 'Adult', 'Childhood', 'Infancy']",['Autosomal recessive']
88639,Neurodegeneration due to 3-hydroxyisobutyryl-CoA hydrolase deficiency,Disease,['Infancy'],['Autosomal recessive']
88642,Congenital insensitivity to pain-anosmia-neuropathic arthropathy,Disease,['Neonatal'],"['Autosomal dominant', 'Autosomal recessive']"
88643,Obesity-colitis-hypothyroidism-cardiac hypertrophy-developmental delay syndrome,Disease,"['Infancy', 'Neonatal']",['Unknown']
88644,"Autosomal recessive ataxia, Beauce type",Disease,['Adult'],['Autosomal recessive']
88659,Autosomal dominant progressive nephropathy with hypertension,Disease,['Adult'],['Autosomal dominant']
88661,Amelogenesis imperfecta,Disease,"['Infancy', 'Neonatal']","['Autosomal dominant', 'Autosomal recessive', 'X-linked dominant']"
88673,Hepatocellular carcinoma,Clinical group,['All ages'],['Not applicable']
88917,X-linked Alport syndrome,Clinical subtype,['Childhood'],['X-linked dominant']
88918,Autosomal dominant Alport syndrome,Clinical subtype,['Childhood'],['Autosomal dominant']
88919,Autosomal recessive Alport syndrome,Clinical subtype,['Childhood'],['Autosomal recessive']
88924,Autosomal dominant polycystic kidney disease type 1 with tuberous sclerosis,Disease,"['Adolescent', 'Childhood', 'Infancy']",['Autosomal dominant']
88949,MUC1-related autosomal dominant tubulointerstitial kidney disease,Clinical subtype,['Adult'],['Autosomal dominant']
88950,UMOD-related autosomal dominant tubulointerstitial kidney disease,Clinical subtype,"['Adolescent', 'Adult']",['Autosomal dominant']
89838,Autosomal recessive generalized epidermolysis bullosa simplex,Disease,"['Infancy', 'Neonatal']",['Autosomal recessive']
89842,"Autosomal recessive generalized dystrophic epidermolysis bullosa, intermediate form",Disease,['Neonatal'],['Autosomal recessive']
89843,Dystrophic epidermolysis bullosa pruriginosa,Disease,['Childhood'],"['Autosomal dominant', 'Autosomal recessive']"
89844,"Lissencephaly syndrome, Norman-Roberts type",Clinical subtype,"['Infancy', 'Neonatal']",['Autosomal recessive']
89936,X-linked hypophosphatemia,Disease,"['Childhood', 'Infancy']",['X-linked dominant']
89937,Autosomal dominant hypophosphatemic rickets,Disease,"['Adolescent', 'Adult', 'Childhood', 'Infancy']",['Autosomal dominant']
89938,Bartter syndrome type 4,Clinical subtype,['Antenatal'],['Autosomal recessive']
90000,Erythema elevatum diutinum,Disease,['All ages'],['Unknown']
90001,X-linked cone dysfunction syndrome with myopia,Disease,['Childhood'],['X-linked recessive']
90003,Inflammatory pseudotumor of the liver,Disease,['All ages'],['Not applicable']
90023,Primary immunodeficiency syndrome due to P14/LAMTOR2 deficiency,Disease,"['Infancy', 'Neonatal']",['Autosomal recessive']
90024,"Deafness with labyrinthine aplasia, microtia, and microdontia",Malformation syndrome,"['Infancy', 'Neonatal']",['Autosomal recessive']
90026,Primary erythromelalgia,Disease,['All ages'],['Autosomal dominant']
90030,Hemolytic anemia due to glutathione reductase deficiency,Disease,['No data available'],['Autosomal recessive']
90031,Non-spherocytic hemolytic anemia due to hexokinase deficiency,Disease,['Infancy'],['Autosomal recessive']
90033,"Autoimmune hemolytic anemia, warm type",Disease,['All ages'],['Multigenic/multifactorial']
90035,Paroxysmal cold hemoglobinuria,Disease,['Childhood'],['Multigenic/multifactorial']
90036,Mixed-type autoimmune hemolytic anemia,Disease,['All ages'],['Multigenic/multifactorial']
90037,Drug-induced autoimmune hemolytic anemia,Disease,['All ages'],['Multigenic/multifactorial']
90038,Shiga toxin-associated hemolytic uremic syndrome,Clinical subtype,['All ages'],['Not applicable']
90039,Hemoglobin D disease,Disease,['Childhood'],[]
90041,Gaisböck syndrome,Disease,['Adult'],[]
90042,Primary familial polycythemia,Disease,['All ages'],['Autosomal dominant']
90044,Familial pseudohyperkalemia,Disease,['All ages'],['Autosomal dominant']
90045,Hereditary folate malabsorption,Disease,"['Infancy', 'Neonatal']",['Autosomal recessive']
90050,Retinopathy of prematurity,Disease,"['Infancy', 'Neonatal']",['Not applicable']
90051,Sepsis in premature infants,Particular clinical situation in a disease or syndrome,['Neonatal'],['Not applicable']
90052,Recurrent hepatitis C virus induced liver disease in liver transplant recipients,Particular clinical situation in a disease or syndrome,['All ages'],['Not applicable']
90053,Complications after hematopoietic stem cell transplantation,Particular clinical situation in a disease or syndrome,['All ages'],['Not applicable']
90056,Moderate and severe traumatic brain injury,Particular clinical situation in a disease or syndrome,['All ages'],['Not applicable']
90058,Spinal cord injury,Particular clinical situation in a disease or syndrome,['All ages'],['Not applicable']
90059,Sudden sensorineural hearing loss,Particular clinical situation in a disease or syndrome,['All ages'],['Not applicable']
90060,Diffuse alveolar hemorrhage,Clinical syndrome,"['Adolescent', 'Adult', 'Childhood', 'Elderly', 'Infancy']",['Not applicable']
90062,Acute liver failure,Clinical syndrome,"['Adolescent', 'Adult', 'Childhood', 'Elderly', 'Infancy']",['Not applicable']
90064,Acute peripheral arterial occlusion,Particular clinical situation in a disease or syndrome,['All ages'],['Not applicable']
90065,Acquired aneurysmal subarachnoid hemorrhage,Particular clinical situation in a disease or syndrome,['All ages'],['Not applicable']
90066,Pneumonia caused by Pseudomonas aeruginosa infection,Particular clinical situation in a disease or syndrome,['All ages'],['Not applicable']
90068,Cocaine intoxication,Disease,['All ages'],['Not applicable']
90069,Systemic monochloroacetate poisoning,Disease,['All ages'],[]
90073,Hepatitis B reinfection following liver transplantation,Particular clinical situation in a disease or syndrome,['All ages'],['Not applicable']
90076,Partial deep dermal and full thickness burns,Particular clinical situation in a disease or syndrome,['All ages'],['Not applicable']
90078,Invasive infections due to vancomycin-resistant enterococci,Particular clinical situation in a disease or syndrome,['All ages'],[]
90080,Scarring in glaucoma filtration surgical procedures,Particular clinical situation in a disease or syndrome,['All ages'],['Not applicable']
90081,AIDS wasting syndrome,Particular clinical situation in a disease or syndrome,['All ages'],['Not applicable']
90103,Charcot-Marie-Tooth disease-deafness-intellectual disability syndrome,Malformation syndrome,['Infancy'],['Autosomal recessive']
90114,Autosomal dominant intermediate Charcot-Marie-Tooth disease,Clinical group,"['Adolescent', 'Adult', 'Childhood']",['Autosomal dominant']
90117,"Hereditary motor and sensory neuropathy, Okinawa type",Disease,['Adult'],['Autosomal dominant']
90118,Severe early-onset axonal neuropathy due to MFN2 deficiency,Disease,['Childhood'],['Autosomal recessive']
90119,Hereditary motor and sensory neuropathy with acrodystrophy,Disease,[],['Autosomal recessive']
90120,Hereditary motor and sensory neuropathy type 6,Disease,['All ages'],"['Autosomal dominant', 'Autosomal recessive']"
90153,Mandibuloacral dysplasia with type A lipodystrophy,Clinical subtype,"['Infancy', 'Neonatal']",['Autosomal recessive']
90154,Mandibuloacral dysplasia with type B lipodystrophy,Clinical subtype,"['Infancy', 'Neonatal']",['Autosomal recessive']
90156,Centrifugal lipodystrophy,Disease,"['Adolescent', 'Adult', 'Childhood', 'Elderly', 'Infancy']",[]
90157,Drug-induced localized lipodystrophy,Disease,['All ages'],[]
90158,Idiopathic localized lipodystrophy,Disease,"['Adolescent', 'Adult', 'Childhood', 'Infancy']",[]
90159,Panniculitis-induced localized lipodystrophy,Disease,['All ages'],[]
90160,Pressure-induced localized lipoatrophy,Disease,"['Adult', 'Elderly']",[]
90186,Meige disease,Disease,"['Adolescent', 'Childhood']",['Not applicable']
90280,Chilblain lupus,Disease,"['Adolescent', 'Adult', 'Childhood', 'Elderly', 'Infancy']",['Not applicable']
90281,Discoid lupus erythematosus,Disease,"['Adolescent', 'Adult', 'Childhood', 'Elderly']",[]
90283,Lupus erythematosus tumidus,Disease,"['Adolescent', 'Adult', 'Childhood', 'Elderly']",[]
90285,Lupus erythematosus panniculitis,Disease,"['Adolescent', 'Adult', 'Childhood', 'Elderly', 'Infancy']",[]
90289,Localized scleroderma,Disease,['All ages'],['Not applicable']
90291,Systemic sclerosis,Disease,['Adult'],"['Multigenic/multifactorial', 'Not applicable']"
90301,Acanthosis nigricans-insulin resistance-muscle cramps-acral enlargement syndrome,Disease,['Adult'],[]
90307,Parkes Weber syndrome,Disease,"['Infancy', 'Neonatal']","['Autosomal dominant', 'Not applicable']"
90308,Klippel-Trénaunay syndrome,Disease,"['Infancy', 'Neonatal']","['Multigenic/multifactorial', 'Not applicable']"
90321,Cockayne syndrome type 1,Clinical subtype,"['Antenatal', 'Infancy', 'Neonatal']",[]
90322,Cockayne syndrome type 2,Clinical subtype,"['Antenatal', 'Infancy', 'Neonatal']",['Autosomal recessive']
90324,Cockayne syndrome type 3,Clinical subtype,"['Antenatal', 'Infancy', 'Neonatal']",[]
90340,Blau syndrome,Disease,"['Infancy', 'Neonatal']","['Autosomal dominant', 'Not applicable']"
90342,Xeroderma pigmentosum variant,Disease,"['Adolescent', 'Adult']",['Autosomal recessive']
90348,Autosomal dominant cutis laxa,Disease,"['Infancy', 'Neonatal']",['Autosomal dominant']
90349,Autosomal recessive cutis laxa type 1,Disease,"['Infancy', 'Neonatal']",['Autosomal recessive']
90350,Autosomal recessive cutis laxa type 2,Clinical group,"['Infancy', 'Neonatal']",['Autosomal recessive']
90354,Brittle cornea syndrome,Disease,"['Infancy', 'Neonatal']",['Autosomal recessive']
90362,Primary intestinal lymphangiectasia,Disease,['All ages'],[]
90363,Secondary intestinal lymphangiectasia,Disease,"['Adult', 'Elderly']",[]
90368,Hypotrichosis simplex of the scalp,Disease,['Childhood'],['Autosomal dominant']
90390,Anonychia-onychodystrophy syndrome,Clinical subtype,[],"['Autosomal dominant', 'Autosomal recessive']"
90398,Localized lichen myxedematosus with mixed features of different subtypes,Clinical subtype,"['Adult', 'Elderly']",[]
90399,Localized lichen myxedematosus with monoclonal gammopathy or systemic symptoms,Clinical subtype,"['Adult', 'Elderly']",[]
90400,Scleromyxedema without monoclonal gammopathy,Clinical subtype,"['Adolescent', 'Adult', 'Elderly']",[]
90625,Rare X-linked non-syndromic sensorineural deafness type DFN,Etiological subtype,"['Childhood', 'Infancy']",['X-linked recessive']
90635,Rare autosomal dominant non-syndromic sensorineural deafness type DFNA,Etiological subtype,['Childhood'],['Autosomal dominant']
90636,Rare autosomal recessive non-syndromic sensorineural deafness type DFNB,Etiological subtype,"['Infancy', 'Neonatal']",['Autosomal recessive']
90641,Rare mitochondrial non-syndromic sensorineural deafness,Etiological subtype,"['Childhood', 'Infancy']",['Mitochondrial inheritance']
90646,Deafness-hypogonadism syndrome,Malformation syndrome,"['Infancy', 'Neonatal']",[]
90647,Jervell and Lange-Nielsen syndrome,Disease,['Neonatal'],['Autosomal recessive']
90650,Otopalatodigital syndrome type 1,Malformation syndrome,"['Antenatal', 'Infancy', 'Neonatal']",['X-linked dominant']
90652,Otopalatodigital syndrome type 2,Malformation syndrome,['Neonatal'],['X-linked dominant']
90653,Stickler syndrome type 1,Clinical subtype,"['Childhood', 'Infancy', 'Neonatal']",['Autosomal dominant']
90654,Stickler syndrome type 2,Clinical subtype,"['Childhood', 'Infancy', 'Neonatal']",['Autosomal dominant']
90658,Charcot-Marie-Tooth disease type 1E,Disease,"['Childhood', 'Infancy']",['Autosomal dominant']
90673,Hypothyroidism due to TSH receptor mutations,Disease,"['Infancy', 'Neonatal']","['Autosomal dominant', 'Autosomal recessive']"
90674,Isolated thyroid-stimulating hormone deficiency,Disease,"['Infancy', 'Neonatal']",['Autosomal recessive']
90695,Non-acquired panhypopituitarism,Disease,['All ages'],"['Autosomal recessive', 'X-linked recessive']"
90790,Congenital lipoid adrenal hyperplasia due to STAR deficency,Disease,"['Childhood', 'Infancy', 'Neonatal']",['Autosomal recessive']
90791,Congenital adrenal hyperplasia due to 3-beta-hydroxysteroid dehydrogenase deficiency,Disease,"['Infancy', 'Neonatal']",['Autosomal recessive']
90793,Congenital adrenal hyperplasia due to 17-alpha-hydroxylase deficiency,Disease,"['Infancy', 'Neonatal']",['Autosomal recessive']
90794,Classic congenital adrenal hyperplasia due to 21-hydroxylase deficiency,Disease,"['Adolescent', 'Adult', 'Antenatal', 'Childhood', 'Infancy', 'Neonatal']",['Autosomal recessive']
90795,Congenital adrenal hyperplasia due to 11-beta-hydroxylase deficiency,Disease,"['Infancy', 'Neonatal']",['Autosomal recessive']
90796,"46,XY difference of sex development due to isolated 17,20-lyase deficiency",Disease,['Neonatal'],['Autosomal recessive']
90797,Partial androgen insensitivity syndrome,Disease,['All ages'],['X-linked recessive']
90970,Primary lipodystrophy,Category,['All ages'],[]
91024,Autosomal recessive axonal hereditary motor and sensory neuropathy,Clinical group,[],['Autosomal recessive']
91127,Adenovirus infection in immunocompromised patients,Particular clinical situation in a disease or syndrome,['All ages'],['Not applicable']
91130,Cardiomyopathy-hypotonia-lactic acidosis syndrome,Disease,['Neonatal'],['Autosomal recessive']
91131,DK1-CDG,Disease,"['Infancy', 'Neonatal']",['Autosomal recessive']
91132,Ichthyosis-hypotrichosis syndrome,Disease,"['Infancy', 'Neonatal']",['Autosomal recessive']
91135,Body skin hyperlaxity due to vitamin K-dependent coagulation factor deficiency,Disease,"['Adolescent', 'Childhood']","['Autosomal recessive', 'Unknown']"
91136,Acquired monoclonal Ig light chain-associated Fanconi syndrome,Disease,"['Adult', 'Elderly']",['Not applicable']
91137,Immunotactoid or fibrillary glomerulopathy,Clinical group,['Adult'],['Not applicable']
91138,Cryoglobulinemic vasculitis,Disease,['All ages'],['Not applicable']
91139,Simple cryoglobulinemia,Disease,"['Adult', 'Elderly']",[]
91347,TSH-secreting pituitary adenoma,Disease,"['Adolescent', 'Adult', 'Childhood', 'Elderly']",[]
91348,Functioning gonadotropic adenoma,Disease,['Adult'],[]
91349,Non-functioning pituitary adenoma,Disease,"['Adolescent', 'Adult', 'Childhood']",['Not applicable']
91350,Pituitary deficiency due to Rathke cleft cysts,Disease,['All ages'],[]
91351,Pituitary dermoid and epidermoid cysts,Disease,"['Adult', 'Elderly']",[]
91352,Germinoma of the central nervous system,Clinical subtype,"['Adolescent', 'Adult', 'Childhood']",['Not applicable']
91354,Pituitary deficiency due to empty sella turcica syndrome,Disease,"['Adult', 'Elderly']",[]
91355,Sheehan syndrome,Malformation syndrome,['Adult'],[]
91359,Chronic pneumonitis of infancy,Disease,"['Infancy', 'Neonatal']",['Not applicable']
91378,Hereditary angioedema,Clinical group,['All ages'],['Autosomal dominant']
91385,Acquired angioedema,Clinical group,['Adult'],['Not applicable']
91387,Familial thoracic aortic aneurysm and aortic dissection,Disease,"['Adolescent', 'Adult', 'Childhood']",['Autosomal dominant']
91396,Isolated cryptophthalmia,Morphological anomaly,"['Antenatal', 'Neonatal']",['Autosomal dominant']
91397,Isolated ankyloblepharon filiforme adnatum,Morphological anomaly,"['Infancy', 'Neonatal']","['Autosomal dominant', 'Not applicable']"
91411,Congenital ptosis,Disease,"['Infancy', 'Neonatal']","['Autosomal dominant', 'X-linked recessive']"
91412,Marcus-Gunn syndrome,Disease,"['Infancy', 'Neonatal']",['Autosomal dominant']
91414,Pilomatrixoma,Disease,"['Adolescent', 'Adult', 'Childhood']",['Not applicable']
91416,Isolated congenital alacrima,Disease,"['Infancy', 'Neonatal']","['Autosomal dominant', 'Autosomal recessive']"
91481,Ring dermoid of cornea,Disease,"['Infancy', 'Neonatal']",['Autosomal dominant']
91483,Rieger anomaly,Morphological anomaly,['Neonatal'],['Autosomal dominant']
91489,Isolated congenital megalocornea,Morphological anomaly,[],['X-linked recessive']
91491,Congenital ectropion uveae,Malformation syndrome,['Neonatal'],[]
91492,Early onset non-syndromic cataract,Disease,"['Infancy', 'Neonatal']","['Autosomal dominant', 'Autosomal recessive', 'X-linked recessive']"
91494,Macular coloboma-cleft palate-hallux valgus syndrome,Malformation syndrome,['Neonatal'],['Autosomal recessive']
91495,Persistent hyperplastic primary vitreous,Disease,"['Infancy', 'Neonatal']","['Autosomal dominant', 'Autosomal recessive']"
91496,Snowflake vitreoretinal degeneration,Disease,['Adult'],['Autosomal dominant']
91498,Familial congenital palsy of trochlear nerve,Disease,['Neonatal'],[]
91500,Tubulointerstitial nephritis and uveitis syndrome,Disease,"['Adolescent', 'Adult', 'Childhood', 'Elderly']",['Multigenic/multifactorial']
91546,Lyme disease,Disease,['All ages'],['Not applicable']
91547,Relapsing fever,Disease,['All ages'],['Not applicable']
92050,Congenital tufting enteropathy,Disease,"['Infancy', 'Neonatal']",['Autosomal recessive']
93100,"Renal agenesis, unilateral",Clinical subtype,"['All ages', 'Antenatal']",['Autosomal dominant']
93101,Renal hypoplasia,Morphological anomaly,['All ages'],"['Autosomal dominant', 'Not applicable']"
93108,Renal dysplasia,Morphological anomaly,"['All ages', 'Antenatal']","['Autosomal dominant', 'Not applicable']"
93109,Congenital megacalycosis,Morphological anomaly,['All ages'],['Unknown']
93110,Posterior urethral valve,Morphological anomaly,['All ages'],"['Autosomal recessive', 'Not applicable', 'X-linked recessive']"
93111,HNF1B-related autosomal dominant tubulointerstitial kidney disease,Clinical subtype,"['Adolescent', 'Adult', 'Antenatal', 'Childhood', 'Infancy', 'Neonatal']",['Autosomal dominant']
93114,Autosomal dominant intermediate Charcot-Marie-Tooth disease type E,Disease,['No data available'],"['Autosomal dominant', 'Not applicable']"
93126,Pauci-immune glomerulonephritis,Disease,"['Adolescent', 'Adult', 'Childhood', 'Elderly']",['Not applicable']
93160,Hypocalcemic vitamin D-resistant rickets,Disease,"['Infancy', 'Neonatal']",['Autosomal recessive']
93164,Transient pseudohypoaldosteronism,Disease,['Infancy'],['Not applicable']
93172,"Renal dysplasia, unilateral",Clinical subtype,['All ages'],"['Autosomal dominant', 'Not applicable']"
93173,"Renal dysplasia, bilateral",Clinical subtype,['All ages'],"['Autosomal dominant', 'Not applicable']"
93256,Fragile X-associated tremor/ataxia syndrome,Malformation syndrome,['Adult'],['X-linked dominant']
93258,Pfeiffer syndrome type 1,Clinical subtype,"['Antenatal', 'Neonatal']","['Autosomal dominant', 'Not applicable']"
93259,Pfeiffer syndrome type 2,Clinical subtype,"['Antenatal', 'Neonatal']","['Autosomal dominant', 'Not applicable']"
93260,Pfeiffer syndrome type 3,Clinical subtype,"['Antenatal', 'Neonatal']","['Autosomal dominant', 'Not applicable']"
93262,Crouzon syndrome-acanthosis nigricans syndrome,Malformation syndrome,['Neonatal'],"['Autosomal dominant', 'Not applicable']"
93267,Cloverleaf skull-multiple congenital anomalies syndrome,Malformation syndrome,"['Antenatal', 'Neonatal']",['Autosomal recessive']
93268,"Short rib-polydactyly syndrome, Beemer-Langer type",Malformation syndrome,"['Antenatal', 'Neonatal']",['Autosomal recessive']
93269,"Short rib-polydactyly syndrome, Majewski type",Malformation syndrome,"['Antenatal', 'Neonatal']",['Autosomal recessive']
93270,"Short rib-polydactyly syndrome, Saldino-Noonan type",Malformation syndrome,['Neonatal'],['Autosomal recessive']
93271,"Short rib-polydactyly syndrome, Verma-Naumoff type",Malformation syndrome,"['Antenatal', 'Neonatal']",['Autosomal recessive']
93274,Thanatophoric dysplasia type 2,Clinical subtype,"['Infancy', 'Neonatal']","['Autosomal dominant', 'Not applicable']"
93276,Polyostotic fibrous dysplasia,Clinical subtype,[],['Unknown']
93279,Mild spondyloepiphyseal dysplasia due to COL2A1 mutation with early-onset osteoarthritis,Disease,"['Adolescent', 'Adult', 'Childhood']",['Autosomal dominant']
93282,"Spondyloepimetaphyseal dysplasia, PAPSS2 type",Disease,"['Infancy', 'Neonatal']",['Autosomal recessive']
93283,"Spondyloepiphyseal dysplasia, Kimberley type",Disease,"['Infancy', 'Neonatal']",['Autosomal dominant']
93284,Spondyloepiphyseal dysplasia tarda,Disease,"['Adolescent', 'Adult']","['Autosomal dominant', 'Autosomal recessive', 'X-linked recessive']"
93292,Adenoma of pancreas,Disease,"['Adult', 'Elderly']",[]
93293,Okihiro syndrome,Malformation syndrome,['Neonatal'],['Autosomal dominant']
93296,Achondrogenesis type 2,Clinical subtype,"['Antenatal', 'Neonatal']",['Autosomal dominant']
93297,Hypochondrogenesis,Clinical subtype,"['Infancy', 'Neonatal']",['Autosomal dominant']
93298,Achondrogenesis type 1B,Clinical subtype,"['Antenatal', 'Neonatal']",['Autosomal recessive']
93299,Achondrogenesis type 1A,Clinical subtype,"['Antenatal', 'Neonatal']",['Autosomal recessive']
93302,"Brachyolmia, Maroteaux type",Malformation syndrome,['Childhood'],['Autosomal recessive']
93304,Autosomal dominant brachyolmia,Malformation syndrome,['Childhood'],['Autosomal dominant']
93307,Multiple epiphyseal dysplasia type 4,Disease,['Childhood'],['Autosomal recessive']
93308,Multiple epiphyseal dysplasia type 1,Disease,['Childhood'],['Autosomal dominant']
93311,Multiple epiphyseal dysplasia type 5,Disease,['Childhood'],['Autosomal dominant']
93314,"Spondylometaphyseal dysplasia, Kozlowski type",Disease,['Infancy'],['Autosomal dominant']
93315,"Spondylometaphyseal dysplasia, 'corner fracture' type",Disease,"['Childhood', 'Infancy', 'Neonatal']",['Autosomal dominant']
93316,"Spondylometaphyseal dysplasia, Schmidt type",Disease,"['Adolescent', 'Childhood', 'Infancy']",['Autosomal dominant']
93317,"Spondylometaphyseal dysplasia, Sedaghatian type",Malformation syndrome,"['Antenatal', 'Neonatal']",['Autosomal recessive']
93320,Isolated ulnar hemimelia,Morphological anomaly,"['Infancy', 'Neonatal']",[]
93321,Isolated radial hemimelia,Morphological anomaly,"['Antenatal', 'Infancy', 'Neonatal']","['Multigenic/multifactorial', 'X-linked recessive']"
93322,Isolated tibial hemimelia,Morphological anomaly,"['Infancy', 'Neonatal']","['Autosomal dominant', 'Autosomal recessive', 'Not applicable']"
93323,Isolated fibular hemimelia,Morphological anomaly,['Antenatal'],['Not applicable']
93324,Autosomal recessive Kenny-Caffey syndrome,Etiological subtype,['Childhood'],['Autosomal recessive']
93325,Autosomal dominant Kenny-Caffey syndrome,Etiological subtype,['Childhood'],['Autosomal dominant']
93328,Autosomal dominant omodysplasia,Clinical subtype,"['Infancy', 'Neonatal']",['Autosomal dominant']
93329,Autosomal recessive omodysplasia,Clinical subtype,"['Infancy', 'Neonatal']",['Autosomal recessive']
93333,Pelviscapular dysplasia,Malformation syndrome,"['Infancy', 'Neonatal']",['Autosomal recessive']
93334,Postaxial polydactyly type A,Morphological anomaly,['Antenatal'],['Autosomal recessive']
93335,Postaxial polydactyly type B,Morphological anomaly,['Antenatal'],[]
93336,Polydactyly of a triphalangeal thumb,Morphological anomaly,[],['Autosomal dominant']
93337,Polydactyly of an index finger,Morphological anomaly,"['Infancy', 'Neonatal']",['Autosomal dominant']
93338,Polysyndactyly,Morphological anomaly,"['Infancy', 'Neonatal']",['Autosomal dominant']
93339,Polydactyly of a biphalangeal thumb and/or hallux,Morphological anomaly,"['Infancy', 'Neonatal']",['Autosomal dominant']
93346,"Spondyloepimetaphyseal dysplasia congenita, Strudwick type",Disease,"['Infancy', 'Neonatal']",['Autosomal dominant']
93347,Anauxetic dysplasia,Disease,"['Antenatal', 'Neonatal']",['Autosomal recessive']
93349,X-linked spondyloepimetaphyseal dysplasia,Disease,[],['X-linked recessive']
93351,"Spondyloepimetaphyseal dysplasia, Irapa type",Disease,['Childhood'],['Autosomal recessive']
93352,"Spondyloepimetaphyseal dysplasia, Shohat type",Disease,"['Antenatal', 'Infancy', 'Neonatal']",[]
93356,"Spondyloepimetaphyseal dysplasia, Missouri type",Disease,"['Childhood', 'Infancy']",['Autosomal dominant']
93357,SPONASTRIME dysplasia,Disease,"['Infancy', 'Neonatal']",['Autosomal recessive']
93358,Spondyloepimetaphyseal dysplasia-short limb-abnormal calcification syndrome,Disease,"['Infancy', 'Neonatal']",['Autosomal recessive']
93360,"Spondyloepimetaphyseal dysplasia with joint laxity, leptodactylic type",Disease,"['Infancy', 'Neonatal']",['Autosomal dominant']
93372,Familial hypocalciuric hypercalcemia type 1,Etiological subtype,['All ages'],['Autosomal dominant']
93382,Brachydactyly type A6,Malformation syndrome,"['Infancy', 'Neonatal']",['Autosomal dominant']
93383,Brachydactyly type B,Malformation syndrome,['Antenatal'],['Autosomal dominant']
93384,Brachydactyly type C,Malformation syndrome,"['Infancy', 'Neonatal']","['Autosomal dominant', 'Autosomal recessive']"
93387,Brachydactyly type E,Malformation syndrome,['Antenatal'],['Autosomal dominant']
93388,Brachydactyly type A1,Malformation syndrome,"['Infancy', 'Neonatal']",['Autosomal dominant']
93394,Brachydactyly type A4,Malformation syndrome,"['Infancy', 'Neonatal']",['Autosomal dominant']
93396,Brachydactyly type A2,Malformation syndrome,"['Infancy', 'Neonatal']",['Autosomal dominant']
93397,Brachydactyly type A7,Malformation syndrome,"['Infancy', 'Neonatal']",[]
93398,Genochondromatosis type 2,Disease,['Childhood'],[]
93399,Juvenile sialidosis type 2,Clinical subtype,['Adolescent'],['Autosomal recessive']
93400,Congenital sialidosis type 2,Clinical subtype,"['Infancy', 'Neonatal']",['Autosomal recessive']
93402,Syndactyly type 1,Morphological anomaly,"['Infancy', 'Neonatal']",['Autosomal dominant']
93403,Syndactyly type 2,Morphological anomaly,"['Infancy', 'Neonatal']",['Autosomal dominant']
93404,Syndactyly type 3,Morphological anomaly,"['Infancy', 'Neonatal']",['Autosomal dominant']
93405,Syndactyly type 4,Morphological anomaly,"['Infancy', 'Neonatal']",['Autosomal dominant']
93406,Syndactyly type 5,Morphological anomaly,"['Infancy', 'Neonatal']",['Autosomal dominant']
93409,"Brachydactyly-syndactyly, Zhao type",Malformation syndrome,"['Infancy', 'Neonatal']",['Autosomal dominant']
93473,Hurler syndrome,Clinical subtype,"['Infancy', 'Neonatal']",['Autosomal recessive']
93474,Scheie syndrome,Clinical subtype,"['Adolescent', 'Adult', 'Childhood']",['Autosomal recessive']
93476,Hurler-Scheie syndrome,Clinical subtype,"['Infancy', 'Neonatal']",['Autosomal recessive']
93552,Pediatric systemic lupus erythematosus,Disease,"['Adolescent', 'Childhood', 'Infancy', 'Neonatal']",['Not applicable']
93554,Mixed cryoglobulinemia type II,Etiological subtype,['All ages'],[]
93555,Mixed cryoglobulinemia type III,Etiological subtype,['All ages'],[]
93560,AApoAI amyloidosis,Clinical subtype,[],['Autosomal dominant']
93561,ALys amyloidosis,Clinical subtype,[],['Autosomal dominant']
93562,AFib amyloidosis,Clinical subtype,[],['Autosomal dominant']
93568,Juvenile polymyositis,Disease,"['Adolescent', 'Childhood']",[]
93571,Dense deposit disease,Histopathological subtype,['Childhood'],['Autosomal recessive']
93583,Congenital thrombotic thrombocytopenic purpura,Clinical subtype,"['Adult', 'Childhood', 'Infancy', 'Neonatal']",['Autosomal recessive']
93585,Immune-mediated thrombotic thrombocytopenic purpura,Clinical subtype,['All ages'],['Multigenic/multifactorial']
93589,Late-onset nephronophthisis,Clinical subtype,[],['Autosomal recessive']
93591,Infantile nephronophthisis,Clinical subtype,"['Antenatal', 'Childhood', 'Infancy', 'Neonatal']",['Autosomal recessive']
93592,Juvenile nephronophthisis,Clinical subtype,[],['Autosomal recessive']
93598,Primary hyperoxaluria type 1,Clinical subtype,['All ages'],['Autosomal recessive']
93599,Primary hyperoxaluria type 2,Clinical subtype,['Childhood'],['Autosomal recessive']
93600,Primary hyperoxaluria type 3,Clinical subtype,"['Childhood', 'Infancy']",['Autosomal recessive']
93601,Xanthinuria type I,Etiological subtype,[],['Autosomal recessive']
93602,Xanthinuria type II,Etiological subtype,[],['Autosomal recessive']
93605,Bartter syndrome type 3,Clinical subtype,"['Adolescent', 'Adult', 'Childhood', 'Infancy']",['Autosomal recessive']
93606,Nephrogenic syndrome of inappropriate antidiuresis,Disease,['Childhood'],['X-linked recessive']
93607,Autosomal recessive proximal renal tubular acidosis,Clinical subtype,['Childhood'],['Autosomal recessive']
93608,Autosomal dominant distal renal tubular acidosis,Clinical subtype,"['Adolescent', 'Adult']",['Autosomal dominant']
93610,Distal renal tubular acidosis with anemia,Clinical subtype,"['Infancy', 'Neonatal']",['Autosomal dominant']
93612,Cystinuria type A,Etiological subtype,[],['Autosomal recessive']
93613,Cystinuria type B,Etiological subtype,[],['Semi-dominant']
93616,Hemoglobin H disease,Clinical subtype,['All ages'],['Autosomal recessive']
93622,Dent disease type 1,Clinical subtype,['Childhood'],['X-linked recessive']
93623,Dent disease type 2,Clinical subtype,"['Childhood', 'Infancy']",['X-linked recessive']
93672,Juvenile dermatomyositis,Disease,"['Adolescent', 'Childhood', 'Infancy']",['Not applicable']
93685,Unicentric Castleman disease,Clinical subtype,['All ages'],[]
93921,Full schwannomatosis,Disease,"['Adult', 'Elderly']",['Autosomal dominant']
93924,Lobar holoprosencephaly,Clinical subtype,"['Infancy', 'Neonatal']","['Multigenic/multifactorial', 'Not applicable']"
93925,Alobar holoprosencephaly,Clinical subtype,"['Infancy', 'Neonatal']","['Multigenic/multifactorial', 'Not applicable']"
93926,Midline interhemispheric variant of holoprosencephaly,Clinical subtype,"['Infancy', 'Neonatal']","['Multigenic/multifactorial', 'Not applicable']"
93928,Isolated epispadias,Clinical subtype,"['Antenatal', 'Infancy', 'Neonatal']",['Multigenic/multifactorial']
93929,Cloacal exstrophy,Clinical subtype,"['Infancy', 'Neonatal']",['Multigenic/multifactorial']
93930,Bladder exstrophy,Clinical subtype,"['Infancy', 'Neonatal']",['Multigenic/multifactorial']
93932,FG syndrome type 1,Disease,"['Antenatal', 'Neonatal']",['X-linked recessive']
93938,Laryngotracheoesophageal cleft type 1,Clinical subtype,"['Infancy', 'Neonatal']",[]
93939,Laryngotracheoesophageal cleft type 2,Clinical subtype,"['Infancy', 'Neonatal']",[]
93940,Laryngotracheoesophageal cleft type 3,Clinical subtype,"['Infancy', 'Neonatal']",[]
93941,Laryngotracheoesophageal cleft type 4,Clinical subtype,"['Infancy', 'Neonatal']",[]
93945,"X-linked intellectual disability, Porteous type",Clinical subtype,['Infancy'],['X-linked recessive']
93946,Hamel cerebro-palato-cardiac syndrome,Clinical subtype,"['Infancy', 'Neonatal']",['X-linked recessive']
93947,"X-linked intellectual disability, Golabi-Ito-Hall type",Clinical subtype,"['Infancy', 'Neonatal']",['X-linked recessive']
93950,"X-linked intellectual disability, Sutherland-Haan type",Clinical subtype,"['Antenatal', 'Infancy', 'Neonatal']",['X-linked recessive']
93952,"X-linked intellectual disability, Hedera type",Disease,['Infancy'],['X-linked recessive']
93953,Familial thyroglossal duct cyst,Morphological anomaly,"['Infancy', 'Neonatal']",[]
93958,Oromandibular dystonia,Disease,"['Adolescent', 'Adult', 'Childhood', 'Elderly', 'Infancy']",[]
93964,Blepharospasm-oromandibular dystonia syndrome,Disease,"['Adult', 'Elderly']",[]
93969,Open spinal dysraphism with a myelomeningocele,Morphological anomaly,"['Infancy', 'Neonatal']","['Multigenic/multifactorial', 'Not applicable']"
93976,Anotia,Morphological anomaly,"['Infancy', 'Neonatal']",[]
94056,Isolated humero-ulnar synostosis,Morphological anomaly,['No data available'],['Not applicable']
94058,Neovascular glaucoma,Particular clinical situation in a disease or syndrome,"['Adult', 'Elderly']",['Not applicable']
94059,Uremic pruritus,Particular clinical situation in a disease or syndrome,"['Adolescent', 'Adult', 'Childhood', 'Elderly']",['Not applicable']
94063,12q14 microdeletion syndrome,Malformation syndrome,['Childhood'],['Unknown']
94064,Deafness-infertility syndrome,Malformation syndrome,"['Childhood', 'Infancy', 'Neonatal']",['Autosomal recessive']
94065,15q24 microdeletion syndrome,Etiological subtype,['Childhood'],"['Not applicable', 'Unknown']"
94066,Severe intellectual disability-epilepsy-anal anomalies-distal phalangeal hypoplasia,Malformation syndrome,"['Infancy', 'Neonatal']",['Autosomal recessive']
94068,Spondyloepiphyseal dysplasia congenita,Disease,['Neonatal'],['Autosomal dominant']
94080,Non-functioning paraganglioma,Disease,"['Adolescent', 'Adult', 'Childhood', 'Elderly']",[]
94083,Partington syndrome,Malformation syndrome,['Childhood'],['X-linked recessive']
94086,Blue diaper syndrome,Disease,"['Infancy', 'Neonatal']",[]
94087,Cytophagic histiocytic panniculitis,Disease,['Adult'],['Unknown']
94088,Hereditary renal hypouricemia,Malformation syndrome,['All ages'],['Autosomal recessive']
94089,Pseudohypoparathyroidism type 1B,Disease,"['Adolescent', 'Childhood', 'Infancy', 'Neonatal']","['Autosomal dominant', 'Not applicable']"
94090,Pseudohypoparathyroidism type 2,Disease,['All ages'],['Not applicable']
94091,Mills syndrome,Disease,"['Adolescent', 'Adult', 'Childhood', 'Elderly']",[]
94093,Neuroleptic malignant syndrome,Disease,['All ages'],['Unknown']
94122,"Cerebellar ataxia, Cayman type",Disease,"['Infancy', 'Neonatal']",['Autosomal recessive']
94124,Spinocerebellar ataxia with axonal neuropathy type 1,Disease,['Adolescent'],['Autosomal recessive']
94125,Recessive mitochondrial ataxia syndrome,Disease,"['Adolescent', 'Childhood']",['Autosomal recessive']
94145,Autosomal dominant cerebellar ataxia type I,Clinical group,['All ages'],['Autosomal dominant']
94147,Spinocerebellar ataxia type 7,Disease,"['Adolescent', 'Adult', 'Childhood', 'Elderly', 'Infancy']",['Autosomal dominant']
94148,Autosomal dominant cerebellar ataxia type III,Clinical group,"['Adolescent', 'Adult', 'Childhood', 'Elderly']",['Autosomal dominant']
94149,Autosomal dominant cerebellar ataxia type IV,Clinical group,[],['Autosomal dominant']
94150,Anonychia congenita totalis,Clinical subtype,[],['Autosomal recessive']
95157,Acute hepatic porphyria,Clinical group,['All ages'],"['Autosomal dominant', 'Autosomal recessive']"
95159,Hepatoerythropoietic porphyria,Disease,['Childhood'],['Autosomal recessive']
95232,Lissencephaly due to LIS1 mutation,Disease,"['Antenatal', 'Infancy', 'Neonatal']",[]
95409,Acute adrenal insufficiency,Clinical syndrome,['All ages'],"['Autosomal recessive', 'Not applicable', 'X-linked dominant']"
95427,Secondary short bowel syndrome,Disease,['All ages'],['Not applicable']
95428,COG8-CDG,Disease,['Childhood'],['Autosomal recessive']
95429,Angioma serpiginosum,Disease,['Childhood'],"['Autosomal dominant', 'Not applicable', 'X-linked recessive']"
95430,Congenital tracheomalacia,Morphological anomaly,['Infancy'],['No data available']
95432,Primary progressive aphasia,Clinical group,['Adult'],"['Multigenic/multifactorial', 'Not applicable']"
95433,Autosomal recessive spinocerebellar ataxia-blindness-deafness syndrome,Disease,['Childhood'],['Autosomal recessive']
95434,Autosomal recessive cerebellar ataxia-movement disorder syndrome,Disease,"['Adult', 'Childhood', 'Elderly', 'Infancy']",['Autosomal recessive']
95455,Stevens-Johnson syndrome/toxic epidermal necrolysis spectrum,Disease,['All ages'],['Not applicable']
95459,Congenital tricuspid stenosis,Morphological anomaly,"['Infancy', 'Neonatal']",[]
95494,"Combined pituitary hormone deficiencies, genetic forms",Disease,"['Infancy', 'Neonatal']","['Autosomal dominant', 'Autosomal recessive', 'X-linked recessive']"
95496,Pituitary stalk interruption syndrome,Morphological anomaly,['Childhood'],"['Autosomal dominant', 'Autosomal recessive', 'Not applicable']"
95506,Primary hypophysitis,Clinical group,['Adult'],['Not applicable']
95512,Adenohypophysitis,Disease,"['Adolescent', 'Adult']",[]
95513,Panhypophysitis,Disease,"['Adolescent', 'Adult', 'Childhood', 'Elderly']",[]
95613,Pituitary apoplexy,Disease,['All ages'],['Not applicable']
95619,Post-traumatic pituitary deficiency,Disease,"['Adolescent', 'Adult', 'Childhood', 'Elderly']",[]
95626,Acquired arginine vasopressin deficiency,Clinical subtype,['All ages'],[]
95699,Congenital adrenal hyperplasia due to cytochrome P450 oxidoreductase deficiency,Disease,"['Infancy', 'Neonatal']",['Autosomal recessive']
95700,Familial adrenal hypoplasia with absent pituitary luteinizing hormone,Disease,['Infancy'],['Autosomal recessive']
95702,X-linked adrenal hypoplasia congenita,Disease,"['Childhood', 'Infancy']",['X-linked recessive']
95706,Non-syndromic posterior hypospadias,Morphological anomaly,"['Antenatal', 'Neonatal']","['Multigenic/multifactorial', 'X-linked recessive']"
95707,Idiopathic isolated micropenis,Morphological anomaly,['Neonatal'],[]
95712,Thyroid ectopia,Morphological anomaly,"['Infancy', 'Neonatal']",['Not applicable']
95713,Athyreosis,Morphological anomaly,"['Infancy', 'Neonatal']",['Autosomal dominant']
95715,Congenital hypothyroidism due to transplacental passage of TSH-binding inhibitory antibodies,Disease,['Neonatal'],['Not applicable']
95716,Familial thyroid dyshormonogenesis,Disease,"['Infancy', 'Neonatal']",['Autosomal recessive']
95717,Idiopathic congenital hypothyroidism,Disease,"['Infancy', 'Neonatal']",[]
95719,Thyroid hemiagenesis,Morphological anomaly,['Neonatal'],['Not applicable']
95720,Thyroid hypoplasia,Morphological anomaly,"['Infancy', 'Neonatal']","['Autosomal dominant', 'Not applicable']"
96055,Tetrasomy 21 syndrome,Malformation syndrome,"['Antenatal', 'Infancy', 'Neonatal']",[]
96059,Mosaic trisomy 4 syndrome,Malformation syndrome,"['Antenatal', 'Neonatal']",[]
96060,Mosaic trisomy 5 syndrome,Malformation syndrome,"['Antenatal', 'Neonatal']",[]
96061,Mosaic trisomy 8 syndrome,Malformation syndrome,"['Infancy', 'Neonatal']","['Not applicable', 'Unknown']"
96063,Mosaic trisomy 10 syndrome,Malformation syndrome,"['Antenatal', 'Neonatal']",[]
96068,Mosaic trisomy 22 syndrome,Malformation syndrome,"['Antenatal', 'Neonatal']",[]
96069,Distal duplication 1p36 syndrome,Malformation syndrome,"['Infancy', 'Neonatal']",[]
96070,Distal duplication 2p syndrome,Malformation syndrome,['Neonatal'],[]
96071,Distal duplication 3p syndrome,Malformation syndrome,"['Antenatal', 'Neonatal']",[]
96072,4p16.3 microduplication syndrome,Malformation syndrome,"['Infancy', 'Neonatal']",[]
96074,Distal duplication 7p syndrome,Malformation syndrome,"['Antenatal', 'Neonatal']",[]
96078,16p13.3 microduplication syndrome,Malformation syndrome,"['Infancy', 'Neonatal']",[]
96092,8p inverted duplication/deletion syndrome,Malformation syndrome,"['Infancy', 'Neonatal']","['Not applicable', 'Unknown']"
96094,Distal duplication 2q syndrome,Malformation syndrome,"['Infancy', 'Neonatal']",[]
96095,3q26 microduplication syndrome,Malformation syndrome,"['Antenatal', 'Neonatal']",[]
96096,Distal duplication 4q syndrome,Malformation syndrome,"['Antenatal', 'Neonatal']",[]
96097,Distal duplication 5q syndrome,Malformation syndrome,['Neonatal'],[]
96098,Distal duplication 6q syndrome,Malformation syndrome,"['Antenatal', 'Neonatal']",[]
96100,Distal duplication 8q syndrome,Malformation syndrome,"['Antenatal', 'Neonatal']",[]
96101,Distal duplication 9q syndrome,Malformation syndrome,"['Antenatal', 'Neonatal']",[]
96102,Distal duplication 10q syndrome,Malformation syndrome,"['Infancy', 'Neonatal']",[]
96103,Distal duplication 11q syndrome,Malformation syndrome,"['Antenatal', 'Neonatal']",[]
96105,Distal duplication 13q syndrome,Malformation syndrome,"['Antenatal', 'Neonatal']",[]
96106,Distal duplication 16q syndrome,Malformation syndrome,"['Antenatal', 'Neonatal']",[]
96107,Distal duplication 20q syndrome,Malformation syndrome,"['Antenatal', 'Neonatal']",[]
96109,Distal duplication 22q syndrome,Malformation syndrome,"['Antenatal', 'Neonatal']",[]
96112,Non-distal duplication 9q syndrome,Malformation syndrome,['Neonatal'],[]
96121,7q11.23 microduplication syndrome,Malformation syndrome,"['Infancy', 'Neonatal']",[]
96123,Monosomy 22 syndrome,Malformation syndrome,['Neonatal'],[]
96125,Distal deletion 6p syndrome,Malformation syndrome,"['Infancy', 'Neonatal']","['Not applicable', 'Unknown']"
96126,Distal deletion 7p syndrome,Malformation syndrome,"['Antenatal', 'Neonatal']",[]
96129,Distal deletion 19p syndrome,Malformation syndrome,"['Antenatal', 'Neonatal']",[]
96145,Distal deletion 4q syndrome,Malformation syndrome,"['Infancy', 'Neonatal']",[]
96147,Kleefstra syndrome due to 9q34 microdeletion,Etiological subtype,"['Infancy', 'Neonatal']",['Not applicable']
96148,Distal deletion 10q syndrome,Malformation syndrome,"['Antenatal', 'Neonatal']","['Not applicable', 'Unknown']"
96149,Distal deletion 12q syndrome,Malformation syndrome,['Neonatal'],[]
96150,Distal deletion 14q syndrome,Malformation syndrome,['Neonatal'],[]
96160,Non-distal deletion 12q syndrome,Malformation syndrome,['Neonatal'],[]
96167,Recombinant 8 syndrome,Malformation syndrome,"['Infancy', 'Neonatal']",['Unknown']
96168,Monosomy 13q34 syndrome,Malformation syndrome,['Neonatal'],['Not applicable']
96169,Koolen-De Vries syndrome,Malformation syndrome,"['Infancy', 'Neonatal']",['Autosomal dominant']
96170,Emanuel syndrome,Malformation syndrome,['Neonatal'],[]
96171,Ring chromosome 2 syndrome,Malformation syndrome,"['Antenatal', 'Infancy', 'Neonatal']",[]
96172,Ring chromosome 3 syndrome,Malformation syndrome,"['Antenatal', 'Infancy', 'Neonatal']",[]
96173,Ring chromosome 9 syndrome,Malformation syndrome,"['Antenatal', 'Neonatal']",[]
96175,Ring chromosome 11 syndrome,Malformation syndrome,"['Antenatal', 'Infancy', 'Neonatal']",[]
96176,Ring chromosome 13 syndrome,Malformation syndrome,"['Antenatal', 'Childhood', 'Infancy', 'Neonatal']",[]
96177,Ring chromosome 15 syndrome,Malformation syndrome,"['Antenatal', 'Infancy', 'Neonatal']",[]
96178,Ring chromosome 16 syndrome,Malformation syndrome,"['Antenatal', 'Infancy', 'Neonatal']",[]
96179,Maternal uniparental disomy of chromosome 2 syndrome,Malformation syndrome,"['Antenatal', 'Neonatal']",[]
96180,Maternal uniparental disomy of chromosome 4 syndrome,Malformation syndrome,"['Antenatal', 'Neonatal']",[]
96181,Maternal uniparental disomy of chromosome 6 syndrome,Malformation syndrome,"['Antenatal', 'Neonatal']",[]
96182,Silver-Russell syndrome due to maternal uniparental disomy of chromosome 7,Etiological subtype,"['Antenatal', 'Neonatal']",[]
96183,Maternal uniparental disomy of chromosome 9 syndrome,Malformation syndrome,"['Antenatal', 'Neonatal']",[]
96184,Temple syndrome due to maternal uniparental disomy of chromosome 14,Etiological subtype,"['Antenatal', 'Neonatal']",[]
96185,Maternal uniparental disomy of chromosome 16 syndrome,Malformation syndrome,"['Antenatal', 'Neonatal']",[]
96186,Maternal uniparental disomy of chromosome 20 syndrome,Malformation syndrome,"['Antenatal', 'Neonatal']",[]
96188,Maternal uniparental disomy of chromosome 22 syndrome,Malformation syndrome,"['Antenatal', 'Infancy', 'Neonatal']",[]
96190,Paternal uniparental disomy of chromosome 5 syndrome,Malformation syndrome,"['Antenatal', 'Neonatal']",[]
96191,Paternal uniparental disomy of chromosome 6 syndrome,Malformation syndrome,"['Antenatal', 'Neonatal']",[]
96192,Paternal uniparental disomy of chromosome 7 syndrome,Malformation syndrome,"['Childhood', 'Infancy']",[]
96194,Paternal uniparental disomy of chromosome 20 syndrome,Malformation syndrome,"['Antenatal', 'Neonatal']",[]
96195,Paternal uniparental disomy of chromosome 21 syndrome,Malformation syndrome,"['Antenatal', 'Neonatal']",[]
96201,X small rings syndrome,Malformation syndrome,"['Antenatal', 'Neonatal']",[]
96253,Cushing disease,Disease,['Adult'],['Not applicable']
96263,"48,XXXY syndrome",Malformation syndrome,"['Infancy', 'Neonatal']","['Not applicable', 'Unknown']"
96264,"49,XXXXY syndrome",Malformation syndrome,['Childhood'],"['Not applicable', 'Unknown']"
96265,Leydig cell hypoplasia due to complete LH resistance,Clinical subtype,['Neonatal'],[]
96266,Leydig cell hypoplasia due to partial LH resistance,Clinical subtype,['Neonatal'],[]
96334,Kagami-Ogata syndrome due to paternal uniparental disomy of chromosome 14,Etiological subtype,"['Infancy', 'Neonatal']",[]
97214,Eisenmenger syndrome,Malformation syndrome,"['Adolescent', 'Adult', 'Childhood']",['Not applicable']
97229,Riboflavin transporter deficiency,Malformation syndrome,"['Adolescent', 'Adult', 'Childhood', 'Infancy']",['Autosomal recessive']
97230,Solar urticaria,Disease,['All ages'],['Not applicable']
97232,Fingerprint body myopathy,Disease,['Neonatal'],[]
97234,Glycogen storage disease due to phosphoglycerate mutase deficiency,Disease,"['Adolescent', 'Childhood']",['Autosomal recessive']
97238,Rippling muscle disease,Disease,"['Adolescent', 'Adult', 'Childhood', 'Elderly']","['Autosomal dominant', 'Autosomal recessive']"
97239,Reducing body myopathy,Disease,"['Adult', 'Childhood', 'Infancy']","['Not applicable', 'X-linked dominant']"
97240,Zebra body myopathy,Disease,['Neonatal'],['Unknown']
97242,Congenital muscular dystrophy,Category,"['Infancy', 'Neonatal']","['Autosomal dominant', 'Autosomal recessive']"
97244,Rigid spine syndrome,Disease,"['Infancy', 'Neonatal']",['Autosomal recessive']
97249,Pontocerebellar hypoplasia type 3,Malformation syndrome,['Neonatal'],['Autosomal recessive']
97253,Neuroendocrine tumor of pancreas,Category,['Adult'],"['Autosomal dominant', 'Not applicable']"
97261,GRFoma,Disease,['Adult'],['Not applicable']
97278,PPoma,Disease,['Adult'],['Not applicable']
97279,Insulinoma,Disease,['All ages'],['Not applicable']
97280,Glucagonoma,Disease,['Adult'],['Not applicable']
97282,VIPoma,Disease,['All ages'],['Not applicable']
97283,Somatostatinoma,Disease,"['Adult', 'Elderly']",['Unknown']
97285,Thyroid lymphoma,Disease,['No data available'],[]
97286,Carney-Stratakis syndrome,Disease,"['Adolescent', 'Adult']",['Autosomal dominant']
97287,Bronchial neuroendocrine tumor,Disease,"['Adolescent', 'Adult', 'Childhood', 'Elderly']",['Not applicable']
97289,Thymic neuroendocrine tumor,Disease,"['Adult', 'Elderly']",[]
97290,Familial papillary thyroid carcinoma with renal papillary neoplasia,Disease,['Elderly'],[]
97292,Cardiogenic shock,Particular clinical situation in a disease or syndrome,"['Adolescent', 'Adult', 'Childhood', 'Elderly']",['Not applicable']
97297,Bohring-Opitz syndrome,Malformation syndrome,"['Antenatal', 'Neonatal']",['Autosomal dominant']
97330,Thoracic outlet syndrome,Disease,"['Adult', 'Elderly']",[]
97332,Kienbock disease,Disease,['Adult'],[]
97335,Osgood-Schlatter disease,Disease,"['Adolescent', 'Childhood']",['Not applicable']
97336,Panner disease,Disease,['Childhood'],['Not applicable']
97337,Sinding-Larsen-Johansson disease,Disease,"['Adolescent', 'Childhood']",['Not applicable']
97338,Melanoma of soft tissue,Disease,['Adult'],['Not applicable']
97339,Dural sinus malformation,Morphological anomaly,"['Antenatal', 'Infancy', 'Neonatal']",[]
97340,Hunter-McAlpine syndrome,Malformation syndrome,"['Antenatal', 'Infancy', 'Neonatal']",[]
97341,Persistent placoid maculopathy,Disease,"['Adult', 'Elderly']",[]
97345,ABri amyloidosis,Clinical subtype,['Adult'],['Autosomal dominant']
97346,ADan amyloidosis,Clinical subtype,[],['Autosomal dominant']
97349,Postencephalitic parkinsonism,Disease,"['Adult', 'Elderly']",[]
97355,Caribbean parkinsonism,Disease,"['Adult', 'Elderly']",[]
97360,Robinow syndrome,Malformation syndrome,"['Infancy', 'Neonatal']","['Autosomal dominant', 'Autosomal recessive']"
97361,"Renal hypoplasia, unilateral",Clinical subtype,['All ages'],['Not applicable']
97362,"Renal hypoplasia, bilateral",Clinical subtype,['All ages'],"['Autosomal dominant', 'Not applicable']"
97363,Unilateral multicystic dysplastic kidney,Clinical subtype,['All ages'],['Autosomal dominant']
97364,Bilateral multicystic dysplastic kidney,Clinical subtype,"['Antenatal', 'Neonatal']",[]
97367,Renal tubular dysgenesis due to twin-twin transfusion,Etiological subtype,[],['Not applicable']
97368,Drug-related renal tubular dysgenesis,Etiological subtype,[],['Not applicable']
97369,Renal tubular dysgenesis of genetic origin,Etiological subtype,[],['Autosomal recessive']
97548,Right sided atrial isomerism,Malformation syndrome,['Neonatal'],['Autosomal recessive']
97560,Primary membranous glomerulonephritis,Disease,['Adult'],[]
97563,Pauci-immune glomerulonephritis with ANCA,Clinical subtype,"['Adult', 'Elderly']",['Not applicable']
97564,Pauci-immune glomerulonephritis without ANCA,Clinical subtype,"['Adolescent', 'Adult', 'Childhood']",['Not applicable']
97566,Non-amyloid fibrillary glomerulopathy,Disease,['Adult'],['Not applicable']
97567,Immunotactoid glomerulopathy,Disease,['Adult'],['Not applicable']
97593,Pseudohypoparathyroidism,Category,['All ages'],"['Autosomal dominant', 'Not applicable']"
97598,Congenital renal artery stenosis,Disease,['Neonatal'],[]
97678,Maternal uniparental disomy of chromosome 13 syndrome,Malformation syndrome,['Adult'],[]
97685,17q11 microdeletion syndrome,Clinical subtype,"['Antenatal', 'Infancy', 'Neonatal']",['Not applicable']
98095,Autosomal recessive congenital cerebellar ataxia,Category,[],['Autosomal recessive']
98096,Autosomal recessive metabolic cerebellar ataxia,Category,[],['Autosomal recessive']
98097,Autosomal recessive cerebellar ataxia due to a DNA repair defect,Category,[],['Autosomal recessive']
98098,Autosomal recessive degenerative and progressive cerebellar ataxia,Category,[],['Autosomal recessive']
98099,Autosomal recessive syndromic cerebellar ataxia,Category,[],['Autosomal recessive']
98249,Ehlers-Danlos syndrome,Clinical group,"['Infancy', 'Neonatal']","['Autosomal dominant', 'Autosomal recessive', 'X-linked recessive']"
98261,Progressive myoclonic epilepsy,Clinical group,"['Adolescent', 'Childhood', 'Infancy', 'Neonatal']",[]
98267,Genetic non-syndromic obesity,Disease,"['Childhood', 'Infancy']",['Not applicable']
98274,Myeloproliferative neoplasm,Clinical group,['All ages'],[]
98291,Lymphoproliferative disease associated with primary immune disease,Category,['Childhood'],[]
98292,Mastocytosis,Category,['All ages'],[]
98293,Hodgkin lymphoma,Clinical group,"['Adolescent', 'Adult', 'Childhood', 'Elderly', 'Infancy']",['Multigenic/multifactorial']
98306,Familial partial lipodystrophy,Clinical group,"['Adolescent', 'Adult', 'Childhood', 'Elderly']","['Autosomal dominant', 'Autosomal recessive']"
98349,Autosomal dominant isolated diffuse palmoplantar keratoderma,Category,[],['Autosomal dominant']
98352,Autosomal dominant disease with diffuse palmoplantar keratoderma as a major feature,Category,[],['Autosomal dominant']
98353,Autosomal dominant disease associated with focal palmoplantar keratoderma as a major feature,Category,[],['Autosomal dominant']
98356,Autosomal recessive isolated diffuse palmoplantar keratoderma,Category,[],['Autosomal recessive']
98357,Autosomal recessive disease with focal palmoplantar keratoderma as a major feature,Category,[],['Autosomal recessive']
98375,Autoimmune hemolytic anemia,Clinical group,['All ages'],['Multigenic/multifactorial']
98428,Secondary polycythemia,Category,['All ages'],"['Autosomal dominant', 'Autosomal recessive']"
98434,Hereditary combined deficiency of vitamin K-dependent clotting factors,Disease,"['Infancy', 'Neonatal']",['Autosomal recessive']
98523,Non-syndromic pontocerebellar hypoplasia,Clinical group,"['Antenatal', 'Infancy', 'Neonatal']",['Autosomal recessive']
98555,Microphthalmia-anophthalmia-coloboma,Category,"['Antenatal', 'Neonatal']","['Autosomal dominant', 'Autosomal recessive', 'X-linked recessive']"
98606,Syndromic orbital border hypoplasia,Malformation syndrome,['Neonatal'],[]
98619,Rare isolated myopia,Disease,[],"['Autosomal dominant', 'Autosomal recessive']"
98625,Superficial corneal dystrophy,Category,['All ages'],"['Autosomal dominant', 'X-linked recessive']"
98626,Stromal corneal dystrophy,Category,['All ages'],"['Autosomal dominant', 'Autosomal recessive']"
98627,Posterior corneal dystrophy,Category,['All ages'],"['Autosomal dominant', 'Autosomal recessive', 'X-linked recessive']"
98672,Autosomal dominant optic atrophy,Clinical group,['Childhood'],['Autosomal dominant']
98673,"Autosomal dominant optic atrophy, classic form",Disease,"['Adolescent', 'Adult', 'Childhood']",['Autosomal dominant']
98676,Autosomal recessive isolated optic atrophy,Disease,"['Childhood', 'Infancy', 'Neonatal']",['Autosomal recessive']
98686,Congenital trochlear nerve palsy,Disease,['Neonatal'],['Not applicable']
98723,Hypoplastic right heart syndrome,Clinical group,['Neonatal'],[]
98754,Prader-Willi syndrome due to maternal uniparental disomy of chromosome 15,Etiological subtype,"['Adolescent', 'Adult']",['Not applicable']
98755,Spinocerebellar ataxia type 1,Disease,['All ages'],['Autosomal dominant']
98756,Spinocerebellar ataxia type 2,Disease,['All ages'],['Autosomal dominant']
98757,Spinocerebellar ataxia type 3,Disease,"['Adult', 'Childhood']",['Autosomal dominant']
98758,Spinocerebellar ataxia type 6,Disease,"['Adolescent', 'Adult', 'Elderly']",['Autosomal dominant']
98759,Spinocerebellar ataxia type 17,Disease,['All ages'],['Autosomal dominant']
98760,Spinocerebellar ataxia type 8,Disease,['Adult'],['Autosomal dominant']
98761,Spinocerebellar ataxia type 10,Disease,['Adult'],['Autosomal dominant']
98762,Spinocerebellar ataxia type 12,Disease,['All ages'],['Autosomal dominant']
98763,Spinocerebellar ataxia type 14,Disease,"['Adolescent', 'Adult', 'Childhood', 'Elderly']",['Autosomal dominant']
98764,Spinocerebellar ataxia type 27A,Disease,"['Adolescent', 'Adult']",['Autosomal dominant']
98765,Spinocerebellar ataxia type 4,Disease,['Adult'],['Autosomal dominant']
98766,Spinocerebellar ataxia type 5,Disease,"['Adolescent', 'Adult', 'Childhood', 'Elderly']",['Autosomal dominant']
98767,Spinocerebellar ataxia type 11,Disease,"['Adolescent', 'Adult', 'Childhood', 'Elderly']",['Autosomal dominant']
98768,Spinocerebellar ataxia type 13,Disease,['Adult'],['Autosomal dominant']
98769,Spinocerebellar ataxia type 15/16,Disease,"['Adult', 'Elderly']",['Autosomal dominant']
98771,Spinocerebellar ataxia type 18,Disease,['Adult'],['Autosomal dominant']
98772,Spinocerebellar ataxia type 19/22,Disease,['Adult'],['Autosomal dominant']
98773,Spinocerebellar ataxia type 21,Disease,['Adolescent'],['Autosomal dominant']
98784,Autosomal dominant nocturnal frontal lobe epilepsy,Disease,"['Adolescent', 'Adult', 'Childhood']",['Autosomal dominant']
98791,Alpha-thalassemia-intellectual disability syndrome linked to chromosome 16,Malformation syndrome,"['Infancy', 'Neonatal']","['Not applicable', 'Unknown']"
98793,Prader-Willi syndrome due to paternal 15q11q13 deletion,Etiological subtype,"['Antenatal', 'Neonatal']",['Autosomal dominant']
98794,Angelman syndrome due to maternal 15q11q13 deletion,Etiological subtype,['Infancy'],[]
98795,Angelman syndrome due to paternal uniparental disomy of chromosome 15,Etiological subtype,['Infancy'],[]
98797,Isochromosomy Yp syndrome,Malformation syndrome,"['Adolescent', 'Adult']",[]
98798,Isochromosomy Yq syndrome,Malformation syndrome,"['Adolescent', 'Adult']",[]
98805,"Primary dystonia, DYT4 type",Disease,"['Adolescent', 'Adult']",['Autosomal dominant']
98806,"Primary dystonia, DYT6 type",Disease,"['Adolescent', 'Adult', 'Childhood']",['Autosomal dominant']
98807,"Primary dystonia, DYT13 type",Disease,"['Adolescent', 'Childhood']",['Autosomal dominant']
98808,Autosomal dominant dopa-responsive dystonia,Disease,['Childhood'],"['Autosomal dominant', 'Not applicable']"
98809,Paroxysmal kinesigenic dyskinesia,Disease,"['Adolescent', 'Adult', 'Childhood', 'Infancy']","['Autosomal dominant', 'Not applicable']"
98810,Paroxysmal non-kinesigenic dyskinesia,Disease,"['Adolescent', 'Adult', 'Childhood', 'Infancy']","['Autosomal dominant', 'Not applicable']"
98811,Paroxysmal exertion-induced dyskinesia,Disease,"['Adolescent', 'Adult', 'Childhood', 'Infancy']","['Autosomal dominant', 'Not applicable']"
98813,Hypohidrotic ectodermal dysplasia with immunodeficiency,Disease,"['Infancy', 'Neonatal']","['Autosomal dominant', 'X-linked recessive']"
98818,Landau-Kleffner syndrome,Disease,['Childhood'],"['Autosomal dominant', 'Unknown']"
98820,Familial focal epilepsy with variable foci,Disease,"['Adolescent', 'Adult', 'Childhood', 'Infancy']",['Autosomal dominant']
98823,Chronic myelomonocytic leukemia,Disease,['Adult'],['Not applicable']
98824,Atypical chronic myeloid leukemia,Disease,['Adult'],[]
98826,Myelodysplastic neoplasm with low blasts,Disease,"['Adolescent', 'Adult', 'Childhood', 'Elderly', 'Infancy']",['Not applicable']
98827,Unclassified myelodysplastic syndrome,Disease,['All ages'],['Not applicable']
98829,Acute myeloid leukemia with abnormal bone marrow eosinophils inv(16)(p13q22) or t(16;16)(p13;q22),Disease,['Adult'],[]
98831,Acute myeloid leukemia with 11q23 abnormalities,Disease,['Childhood'],[]
98832,Acute myeloid leukemia with minimal differentiation,Disease,['Adult'],['Not applicable']
98833,Acute myeloblastic leukemia without maturation,Disease,['Adult'],['Not applicable']
98834,Acute myeloblastic leukemia with maturation,Disease,['All ages'],['Not applicable']
98838,Primary mediastinal large B-cell lymphoma,Disease,['Adult'],"['Multigenic/multifactorial', 'Not applicable']"
98839,Intravascular large B-cell lymphoma,Disease,[],['Not applicable']
98841,Anaplastic large cell lymphoma,Disease,['All ages'],['Not applicable']
98842,Lymphomatoid papulosis,Disease,['All ages'],[]
98843,"Classic Hodgkin lymphoma, nodular sclerosis type",Histopathological subtype,['Adult'],[]
98844,"Classic Hodgkin lymphoma, mixed cellularity type",Histopathological subtype,['Adult'],[]
98845,"Classic Hodgkin lymphoma, lymphocyte-rich type",Histopathological subtype,['Adult'],[]
98846,"Classic Hodgkin lymphoma, lymphocyte-depleted type",Histopathological subtype,['Adult'],[]
98848,Indolent systemic mastocytosis,Disease,"['Adult', 'Elderly']",['Not applicable']
98849,Systemic mastocytosis with associated hematologic neoplasm,Disease,"['Adult', 'Elderly']",['Not applicable']
98850,Aggressive systemic mastocytosis,Disease,"['Adult', 'Antenatal', 'Elderly', 'Neonatal']",['Not applicable']
98851,Mast cell leukemia,Disease,['All ages'],['Not applicable']
98853,Autosomal dominant Emery-Dreifuss muscular dystrophy,Etiological subtype,['Childhood'],['Autosomal dominant']
98855,Autosomal recessive Emery-Dreifuss muscular dystrophy,Etiological subtype,['Childhood'],['Autosomal recessive']
98856,Charcot-Marie-Tooth disease type 2B1,Disease,['Childhood'],['Autosomal recessive']
98863,X-linked Emery-Dreifuss muscular dystrophy,Etiological subtype,['Childhood'],['X-linked recessive']
98868,Southeast Asian ovalocytosis,Disease,['All ages'],['Autosomal dominant']
98869,Congenital dyserythropoietic anemia type I,Disease,"['Infancy', 'Neonatal']",['Autosomal recessive']
98870,Congenital dyserythropoietic anemia type III,Disease,['All ages'],"['Autosomal dominant', 'Autosomal recessive']"
98871,Transient erythroblastopenia of childhood,Disease,"['Childhood', 'Infancy']",[]
98873,Congenital dyserythropoietic anemia type II,Disease,['Childhood'],['Autosomal recessive']
98878,Hemophilia A,Disease,"['Childhood', 'Infancy', 'Neonatal']",['X-linked recessive']
98879,Hemophilia B,Disease,"['Childhood', 'Infancy', 'Neonatal']",['X-linked recessive']
98880,Familial afibrinogenemia,Clinical subtype,"['Infancy', 'Neonatal']",['Autosomal recessive']
98881,Familial dysfibrinogenemia,Clinical subtype,['All ages'],['Autosomal dominant']
98885,Bleeding diathesis due to glycoprotein VI deficiency,Etiological subtype,[],['Autosomal recessive']
98886,Bleeding diathesis due to integrin alpha2-beta1 deficiency,Etiological subtype,[],['Autosomal dominant']
98889,Bilateral perisylvian polymicrogyria,Clinical subtype,"['Antenatal', 'Infancy', 'Neonatal']",[]
98890,Early-onset X-linked optic atrophy,Disease,['Childhood'],['X-linked recessive']
98892,Periventricular nodular heterotopia,Clinical subtype,['Childhood'],"['Autosomal dominant', 'Autosomal recessive', 'X-linked dominant']"
98893,Congenital muscular dystrophy type 1B,Disease,"['Infancy', 'Neonatal']",['Autosomal recessive']
98895,Becker muscular dystrophy,Disease,"['Adolescent', 'Adult', 'Childhood', 'Elderly']",['X-linked recessive']
98896,Duchenne muscular dystrophy,Disease,['Childhood'],['X-linked recessive']
98897,Oculopharyngodistal myopathy,Disease,"['Adolescent', 'Adult', 'Childhood']","['Autosomal dominant', 'Autosomal recessive']"
98902,Amish nemaline myopathy,Disease,['Neonatal'],['Autosomal recessive']
98905,Congenital multicore myopathy with external ophthalmoplegia,Clinical subtype,"['Infancy', 'Neonatal']",[]
98907,Neutral lipid storage disease with ichthyosis,Disease,"['Infancy', 'Neonatal']",['Autosomal recessive']
98908,Neutral lipid storage disease with myopathy,Disease,['Adult'],['Autosomal recessive']
98909,Desminopathy,Disease,"['Adolescent', 'Adult', 'Childhood', 'Infancy']",[]
98911,Distal myotilinopathy,Disease,"['Adult', 'Elderly']",[]
98912,"Late-onset distal myopathy, Markesbery-Griggs type",Disease,['Adult'],[]
98913,Postsynaptic congenital myasthenic syndromes,Etiological subtype,"['Infancy', 'Neonatal']",['Autosomal recessive']
98914,Presynaptic congenital myasthenic syndromes,Etiological subtype,"['Infancy', 'Neonatal']","['Autosomal dominant', 'Autosomal recessive']"
98915,Synaptic congenital myasthenic syndromes,Etiological subtype,"['Infancy', 'Neonatal']",[]
98916,Acute inflammatory demyelinating polyradiculoneuropathy,Disease,['All ages'],"['Multigenic/multifactorial', 'Not applicable']"
98917,Acute motor and sensory axonal neuropathy,Disease,['All ages'],"['Multigenic/multifactorial', 'Not applicable']"
98918,Acute motor axonal neuropathy,Disease,['All ages'],"['Multigenic/multifactorial', 'Not applicable']"
98919,Miller Fisher syndrome,Disease,['All ages'],"['Multigenic/multifactorial', 'Not applicable']"
98920,Spinal muscular atrophy with respiratory distress type 1,Disease,"['Infancy', 'Neonatal']",['Autosomal recessive']
98933,"Multiple system atrophy, parkinsonian type",Clinical subtype,['Adult'],['Not applicable']
98934,Huntington disease-like 2,Disease,['Adult'],['Autosomal dominant']
98938,Colobomatous microphthalmia,Malformation syndrome,"['Antenatal', 'Neonatal']","['Autosomal dominant', 'Autosomal recessive']"
98948,Congenital symblepharon,Clinical subtype,"['Antenatal', 'Neonatal']",[]
98949,Complete cryptophthalmia,Clinical subtype,"['Antenatal', 'Neonatal']",[]
98950,Partial cryptophthalmia,Clinical subtype,"['Antenatal', 'Neonatal']",[]
98954,Meesmann corneal dystrophy,Disease,['Childhood'],['Autosomal dominant']
98955,Lisch epithelial corneal dystrophy,Disease,['Childhood'],['X-linked dominant']
98956,Epithelial basement membrane dystrophy,Disease,[],['Autosomal dominant']
98957,Gelatinous drop-like corneal dystrophy,Disease,['Childhood'],['Autosomal recessive']
98959,Subepithelial mucinous corneal dystrophy,Disease,['Childhood'],['Autosomal dominant']
98960,Thiel-Behnke corneal dystrophy,Disease,"['Adolescent', 'Adult', 'Childhood']",['Autosomal dominant']
98961,Reis-Bücklers corneal dystrophy,Disease,['Childhood'],['Autosomal dominant']
98962,Granular corneal dystrophy type I,Disease,['Childhood'],['Autosomal dominant']
98963,Granular corneal dystrophy type II,Disease,['Childhood'],['Autosomal dominant']
98964,Lattice corneal dystrophy type I,Disease,['All ages'],['Autosomal dominant']
98967,Schnyder corneal dystrophy,Disease,['All ages'],['Autosomal dominant']
98969,Macular corneal dystrophy,Disease,['All ages'],['Autosomal recessive']
98970,Fleck corneal dystrophy,Disease,['All ages'],['Autosomal dominant']
98971,Posterior amorphous corneal dystrophy,Disease,"['Infancy', 'Neonatal']",['Autosomal dominant']
98972,Central cloudy dystrophy of François,Disease,['Childhood'],['Autosomal dominant']
98973,Posterior polymorphous corneal dystrophy,Disease,['Childhood'],['Autosomal dominant']
98974,Fuchs endothelial corneal dystrophy,Disease,['Adult'],"['Autosomal dominant', 'Multigenic/multifactorial', 'Not applicable']"
98976,Congenital glaucoma,Disease,"['Infancy', 'Neonatal']","['Autosomal dominant', 'Autosomal recessive', 'Not applicable']"
98977,Juvenile glaucoma,Disease,"['Adolescent', 'Childhood']",['Autosomal dominant']
98978,Axenfeld anomaly,Morphological anomaly,[],['Autosomal dominant']
98984,Pulverulent cataract,Clinical subtype,"['Infancy', 'Neonatal']","['Autosomal dominant', 'Autosomal recessive']"
98985,Early-onset sutural cataract,Clinical subtype,"['Infancy', 'Neonatal']",['Autosomal dominant']
98988,Early-onset anterior polar cataract,Clinical subtype,"['Infancy', 'Neonatal']",['Autosomal dominant']
98989,Cerulean cataract,Clinical subtype,['Childhood'],['Autosomal dominant']
98990,Coralliform cataract,Clinical subtype,"['Infancy', 'Neonatal']",['Autosomal dominant']
98991,Early-onset nuclear cataract,Clinical subtype,"['Infancy', 'Neonatal']","['Autosomal dominant', 'Autosomal recessive', 'X-linked recessive']"
98992,Early-onset partial cataract,Clinical subtype,"['Infancy', 'Neonatal']","['Autosomal dominant', 'Autosomal recessive', 'X-linked recessive']"
98993,Early-onset posterior polar cataract,Clinical subtype,"['Infancy', 'Neonatal']",['Autosomal dominant']
98994,Total early-onset cataract,Clinical subtype,"['Infancy', 'Neonatal']","['Autosomal dominant', 'Autosomal recessive']"
98995,Early-onset zonular cataract,Clinical subtype,"['Infancy', 'Neonatal']","['Autosomal dominant', 'Autosomal recessive', 'X-linked recessive']"
99000,Adult-onset foveomacular vitelliform dystrophy,Disease,['Adult'],"['Autosomal dominant', 'Not applicable']"
99001,Butterfly-shaped pigment dystrophy,Disease,['Adult'],['Autosomal dominant']
99002,Reticular dystrophy of the retinal pigment epithelium,Disease,['Adult'],"['Autosomal recessive', 'Unknown']"
99003,Multifocal pattern dystrophy simulating fundus flavimaculatus,Disease,['Adult'],['Autosomal dominant']
99013,Spastic paraplegia type 7,Disease,"['Adolescent', 'Adult', 'Childhood', 'Elderly']","['Autosomal dominant', 'Autosomal recessive']"
99014,X-linked Charcot-Marie-Tooth disease type 5,Disease,"['Childhood', 'Infancy']",['X-linked recessive']
99015,Spastic paraplegia type 2,Disease,['Childhood'],['X-linked recessive']
99027,Adult-onset autosomal dominant leukodystrophy,Disease,['Adult'],['Autosomal dominant']
99042,Congenitally uncorrected transposition of the great arteries with coarctation,Clinical subtype,"['Infancy', 'Neonatal']","['Multigenic/multifactorial', 'Not applicable']"
99043,Double outlet right ventricle with subaortic or doubly committed ventricular septal defect with pulmonary stenosis,Clinical subtype,[],['Multigenic/multifactorial']
99045,Double outlet right ventricle with subpulmonary ventricular septal defect,Clinical subtype,[],['Multigenic/multifactorial']
99046,Double outlet right ventricle with non-committed subpulmonary ventricular septal defect,Clinical subtype,[],['Multigenic/multifactorial']
99050,Abnormal origin of right or left pulmonary artery from the aorta,Morphological anomaly,"['Infancy', 'Neonatal']",[]
99063,Shone complex,Malformation syndrome,"['Adult', 'Childhood', 'Infancy', 'Neonatal']",[]
99077,Kommerell diverticulum,Morphological anomaly,[],['Not applicable']
99094,Laubry-Pezzi syndrome,Morphological anomaly,"['Infancy', 'Neonatal']",[]
99095,Congenital Gerbode defect,Morphological anomaly,"['Infancy', 'Neonatal']",[]
99103,"Atrial septal defect, ostium secundum type",Clinical subtype,"['Antenatal', 'Infancy', 'Neonatal']",[]
99104,"Atrial septal defect, coronary sinus type",Clinical subtype,"['Antenatal', 'Infancy', 'Neonatal']",[]
99105,"Atrial septal defect, sinus venosus type",Clinical subtype,"['Antenatal', 'Infancy', 'Neonatal']",[]
99106,"Atrial septal defect, ostium primum type",Clinical subtype,"['Antenatal', 'Infancy', 'Neonatal']",[]
99124,Congenital partial pulmonary venous return anomaly,Morphological anomaly,"['Adolescent', 'Adult', 'Childhood', 'Infancy']",[]
99125,Congenital total pulmonary venous return anomaly,Morphological anomaly,['Neonatal'],['Not applicable']
99129,Congenital complete agenesis of pericardium,Morphological anomaly,[],['Not applicable']
99130,Congenital partial agenesis of pericardium,Morphological anomaly,[],['Not applicable']
99131,Pleuro-pericardial cyst,Morphological anomaly,[],['Not applicable']
99138,Hemolytic anemia due to erythrocyte adenosine deaminase overproduction,Disease,[],['Autosomal dominant']
99141,Lymphedema-posterior choanal atresia syndrome,Malformation syndrome,['Neonatal'],['Autosomal recessive']
99147,Acquired von Willebrand syndrome,Disease,['Adult'],['Not applicable']
99172,Euryblepharon,Morphological anomaly,['Neonatal'],['Unknown']
99179,Kandori fleck retina,Malformation syndrome,"['Adolescent', 'Adult', 'Childhood']",[]
99226,Monosomy X syndrome,Etiological subtype,"['Antenatal', 'Childhood', 'Infancy', 'Neonatal']",['Not applicable']
99228,Mosaic monosomy X syndrome,Etiological subtype,"['Antenatal', 'Childhood', 'Infancy', 'Neonatal']",['Not applicable']
99324,Paternal uniparental disomy of chromosome 13 syndrome,Malformation syndrome,"['Antenatal', 'Neonatal']",[]
99329,"48,XYYY syndrome",Malformation syndrome,"['Antenatal', 'Infancy', 'Neonatal']",[]
99330,"49,XYYYY syndrome",Malformation syndrome,"['Antenatal', 'Infancy', 'Neonatal']",[]
99361,Familial medullary thyroid carcinoma,Disease,[],['Autosomal dominant']
99413,Turner syndrome due to structural X chromosome anomalies,Etiological subtype,"['Antenatal', 'Childhood', 'Infancy', 'Neonatal']",[]
99429,Complete androgen insensitivity syndrome,Disease,['All ages'],['X-linked recessive']
99642,"Spondyloepimetaphyseal dysplasia, Handigodu type",Disease,"['Adolescent', 'Adult', 'Childhood']",[]
99646,Metaphyseal chondromatosis with D-2-hydroxyglutaric aciduria,Disease,"['Childhood', 'Infancy', 'Neonatal']",['Not applicable']
99657,"Primary dystonia, DYT2 type",Disease,['Childhood'],['Autosomal recessive']
99672,Fried's tooth and nail syndrome,Malformation syndrome,"['Antenatal', 'Infancy', 'Neonatal']",[]
99688,Dermotrichic syndrome,Malformation syndrome,['Neonatal'],[]
99710,Punctate acrokeratoderma freckle-like pigmentation,Disease,['Childhood'],[]
99718,Leber plus disease,Disease,"['Adolescent', 'Adult', 'Childhood', 'Infancy']",['Mitochondrial inheritance']
99725,Pituitary gigantism,Disease,"['Adolescent', 'Childhood', 'Infancy']","['Autosomal dominant', 'X-linked dominant']"
99731,Isolated sulfite oxidase deficiency,Clinical subtype,"['Infancy', 'Neonatal']",[]
99734,Myotonia fluctuans,Disease,['Childhood'],['Autosomal dominant']
99735,Myotonia permanens,Disease,['Childhood'],['Autosomal dominant']
99736,Acetazolamide-responsive myotonia,Disease,['Childhood'],['Autosomal dominant']
99739,Rare familial disorder with hypertrophic cardiomyopathy,Category,[],['Autosomal dominant']
99741,King-Denborough syndrome,Malformation syndrome,"['Antenatal', 'Infancy', 'Neonatal']",['Autosomal dominant']
99742,Amish lethal microcephaly,Malformation syndrome,"['Infancy', 'Neonatal']",['Autosomal recessive']
99745,Typhoid,Disease,['All ages'],['Not applicable']
99748,Pontiac fever,Disease,['All ages'],['Not applicable']
99749,Kostmann syndrome,Disease,['Neonatal'],['Autosomal recessive']
99750,Atypical progressive supranuclear palsy syndrome,Clinical subtype,"['Adult', 'Elderly']",[]
99771,Bifid uvula,Morphological anomaly,"['Infancy', 'Neonatal']","['Multigenic/multifactorial', 'Not applicable']"
99772,Cleft velum,Morphological anomaly,"['Infancy', 'Neonatal']","['Multigenic/multifactorial', 'Not applicable']"
99776,Mosaic trisomy 9 syndrome,Malformation syndrome,"['Infancy', 'Neonatal']",[]
99789,Dentin dysplasia type I,Clinical subtype,['Childhood'],"['Autosomal dominant', 'Autosomal recessive']"
99791,Dentin dysplasia type II,Clinical subtype,[],['Autosomal dominant']
99792,Dentin dysplasia-sclerotic bones syndrome,Disease,['Infancy'],[]
99796,Subcortical band heterotopia,Morphological anomaly,[],"['Autosomal recessive', 'Unknown', 'X-linked recessive']"
99798,Oligodontia,Morphological anomaly,['Childhood'],"['Autosomal dominant', 'Autosomal recessive', 'X-linked recessive']"
99802,Hemimegalencephaly,Malformation syndrome,['Infancy'],['Not applicable']
99803,Haddad syndrome,Malformation syndrome,"['Infancy', 'Neonatal']","['Autosomal dominant', 'Multigenic/multifactorial']"
99806,Oculootodental syndrome,Malformation syndrome,['Infancy'],[]
99807,PEHO-like syndrome,Disease,"['Infancy', 'Neonatal']",['Autosomal recessive']
99810,Familial porencephaly,Etiological subtype,"['Infancy', 'Neonatal']",['Autosomal dominant']
99811,Neuronal intestinal pseudoobstruction,Etiological subtype,['All ages'],[]
99812,LIG4 syndrome,Disease,"['Infancy', 'Neonatal']",['Autosomal recessive']
99818,Turcot syndrome with polyposis,Clinical subtype,['All ages'],['Autosomal dominant']
99819,Familial gestational hyperthyroidism,Disease,"['Adolescent', 'Adult']",['Autosomal dominant']
99824,Lassa fever,Disease,['All ages'],[]
99825,Nipah virus disease,Disease,['All ages'],[]
99826,Marburg hemorrhagic fever,Disease,['All ages'],[]
99827,Crimean-Congo hemorrhagic fever,Disease,['All ages'],[]
99828,Dengue fever,Disease,['All ages'],['Not applicable']
99829,Yellow fever,Disease,['All ages'],[]
99832,Resistance to thyrotropin-releasing hormone syndrome,Disease,['Infancy'],['Autosomal recessive']
99842,Leukocyte adhesion deficiency type I,Clinical subtype,['Childhood'],['Autosomal recessive']
99843,Leukocyte adhesion deficiency type II,Clinical subtype,['Childhood'],['Autosomal recessive']
99844,Leukocyte adhesion deficiency type III,Clinical subtype,['Childhood'],['Autosomal recessive']
99845,Genetic recurrent myoglobinuria,Disease,['Childhood'],"['Autosomal dominant', 'Autosomal recessive', 'Not applicable']"
99846,Autosomal dominant myoglobinuria,Disease,['No data available'],['Autosomal dominant']
99849,Glycogen storage disease due to muscle beta-enolase deficiency,Disease,['Adult'],['Autosomal recessive']
99852,Ravine syndrome,Disease,['Infancy'],['Autosomal recessive']
99853,Ovarioleukodystrophy,Clinical subtype,"['Adolescent', 'Adult', 'Childhood']",['Autosomal recessive']
99857,Secondary syringomyelia,Disease,['Adult'],[]
99860,Precursor B-cell acute lymphoblastic leukemia,Disease,['Childhood'],['Not applicable']
99861,Precursor T-cell acute lymphoblastic leukemia,Disease,"['Adolescent', 'Adult']",['Not applicable']
99865,Spermatocytic seminoma,Disease,"['Adolescent', 'Adult']",['Unknown']
99867,Thymoma,Disease,['Adult'],['Not applicable']
99868,Thymic carcinoma,Disease,['Adult'],['Not applicable']
99869,Thymic neuroendocrine carcinoma,Disease,['Adult'],['Not applicable']
99879,Familial isolated hyperparathyroidism,Disease,['Adult'],['Autosomal dominant']
99880,Hyperparathyroidism-jaw tumor syndrome,Disease,"['Adolescent', 'Adult']",[]
99885,Isolated permanent neonatal diabetes mellitus,Disease,"['Antenatal', 'Infancy', 'Neonatal']","['Autosomal dominant', 'Autosomal recessive']"
99886,Transient neonatal diabetes mellitus,Disease,"['Antenatal', 'Neonatal']","['Autosomal dominant', 'Autosomal recessive', 'Not applicable']"
99887,Acute megakaryoblastic leukemia in children with Down syndrome,Clinical subtype,['Childhood'],['Not applicable']
99889,Cushing syndrome due to ectopic ACTH secretion,Disease,"['Adult', 'Elderly']",['Not applicable']
99898,Mendelian susceptibility to mycobacterial diseases due to complete IFNgammaR1 deficiency,Disease,"['Infancy', 'Neonatal']",['Autosomal recessive']
99901,Acyl-CoA dehydrogenase 9 deficiency,Disease,"['Childhood', 'Infancy', 'Neonatal']",['Autosomal recessive']
99903,Spirillary rat-bite fever,Etiological subtype,['All ages'],[]
99905,Streptobacillary rat-bite fever,Etiological subtype,['All ages'],[]
99912,Ovarian dysgerminoma,Disease,['Adolescent'],['Unknown']
99915,Malignant granulosa cell tumor of the ovary,Disease,"['Adolescent', 'Adult', 'Elderly']",[]
99916,Malignant Sertoli-Leydig cell tumor of the ovary,Disease,"['Adolescent', 'Adult', 'Childhood', 'Elderly']",[]
99917,"Theca steroid-producing cell malignant tumor of ovary, not further specified",Disease,['Adult'],[]
99918,Streptococcal toxic-shock syndrome,Etiological subtype,['All ages'],['Not applicable']
99919,Staphylococcal toxic-shock syndrome,Etiological subtype,['All ages'],['Not applicable']
99921,Chronic graft versus host disease,Clinical subtype,['All ages'],[]
99925,Invasive mole,Disease,['Adult'],['Not applicable']
99926,Gestational choriocarcinoma,Disease,['Adult'],['Not applicable']
99927,Hydatidiform mole,Disease,"['Adolescent', 'Adult']","['Autosomal recessive', 'Not applicable']"
99928,Placental site trophoblastic tumor,Disease,['Adult'],['Not applicable']
99931,Idiopathic pulmonary hemosiderosis,Disease,['Childhood'],[]
99932,Heiner syndrome,Disease,['Infancy'],[]
99936,Autosomal dominant Charcot-Marie-Tooth disease type 2B,Disease,"['Adolescent', 'Adult']",['Autosomal dominant']
99937,Autosomal dominant Charcot-Marie-Tooth disease type 2C,Disease,"['Adolescent', 'Adult', 'Childhood', 'Infancy']",['Autosomal dominant']
99938,Autosomal dominant Charcot-Marie-Tooth disease type 2D,Disease,"['Adolescent', 'Adult']",['Autosomal dominant']
99939,Autosomal dominant Charcot-Marie-Tooth disease type 2E,Disease,"['Adolescent', 'Adult', 'Childhood', 'Infancy']",['Autosomal dominant']
99940,Autosomal dominant Charcot-Marie-Tooth disease type 2F,Disease,"['Adolescent', 'Adult', 'Elderly']",['Autosomal dominant']
99941,Autosomal dominant Charcot-Marie-Tooth disease type 2G,Disease,"['Adolescent', 'Adult', 'Childhood', 'Elderly']",['Autosomal dominant']
99942,Autosomal dominant Charcot-Marie-Tooth disease type 2I,Disease,['Adult'],['Autosomal dominant']
99943,Autosomal dominant Charcot-Marie-Tooth disease type 2J,Disease,['Adult'],['Autosomal dominant']
99944,Autosomal dominant Charcot-Marie-Tooth disease type 2K,Disease,"['Adolescent', 'Adult', 'Childhood']",['Autosomal dominant']
99945,Autosomal dominant Charcot-Marie-Tooth disease type 2L,Disease,"['Adolescent', 'Adult']",['Autosomal dominant']
99946,Autosomal dominant Charcot-Marie-Tooth disease type 2A1,Disease,['Childhood'],['Autosomal dominant']
99947,Autosomal dominant Charcot-Marie-Tooth disease type 2A2,Disease,['Childhood'],['Autosomal dominant']
99948,Charcot-Marie-Tooth disease type 4A,Disease,"['Infancy', 'Neonatal']",['Autosomal recessive']
99949,Charcot-Marie-Tooth disease type 4C,Disease,['Childhood'],['Autosomal recessive']
99950,Charcot-Marie-Tooth disease type 4D,Disease,"['Adolescent', 'Childhood']",['Autosomal recessive']
99951,Charcot-Marie-Tooth disease type 4E,Disease,"['Infancy', 'Neonatal']",['Autosomal recessive']
99952,Charcot-Marie-Tooth disease type 4F,Disease,['Childhood'],['Autosomal recessive']
99953,Charcot-Marie-Tooth disease type 4G,Disease,"['Adolescent', 'Childhood']",['Autosomal recessive']
99954,Charcot-Marie-Tooth disease type 4H,Disease,['Infancy'],['Autosomal recessive']
99955,Charcot-Marie-Tooth disease type 4B1,Disease,"['Infancy', 'Neonatal']",['Autosomal recessive']
99956,Charcot-Marie-Tooth disease type 4B2,Disease,['Childhood'],['Autosomal recessive']
99965,O'Sullivan-McLeod syndrome,Disease,['Adult'],[]
99966,Atypical teratoid rhabdoid tumor,Disease,"['Antenatal', 'Childhood', 'Infancy', 'Neonatal']",[]
99967,Myxoid/round cell liposarcoma,Histopathological subtype,['Adult'],['Not applicable']
99969,Pleomorphic liposarcoma,Histopathological subtype,['Adult'],['Not applicable']
99970,Dedifferentiated liposarcoma,Histopathological subtype,['Adult'],['Not applicable']
99971,Well-differentiated liposarcoma,Histopathological subtype,['Adult'],['Not applicable']
99976,Adenocarcinoma of the esophagus,Disease,"['Adult', 'Elderly']",['Not applicable']
99977,Squamous cell carcinoma of the esophagus,Disease,"['Adult', 'Elderly']","['Multigenic/multifactorial', 'Not applicable']"
99978,Klatskin tumor,Disease,['Adult'],['Not applicable']
99981,Apnea of prematurity,Disease,"['Infancy', 'Neonatal']",['Not applicable']
99989,Intermediate DEND syndrome,Disease,"['Infancy', 'Neonatal']","['Autosomal dominant', 'Autosomal recessive', 'Not applicable']"
99994,Complex regional pain syndrome type 2,Clinical subtype,['All ages'],[]
99995,Complex regional pain syndrome type 1,Clinical subtype,['All ages'],[]
100006,"ABeta amyloidosis, Dutch type",Clinical subtype,['Adult'],['Autosomal dominant']
100008,ACys amyloidosis,Clinical subtype,"['Adolescent', 'Adult']",['Autosomal dominant']
100011,Lissencephaly with cerebellar hypoplasia type A,Malformation syndrome,"['Antenatal', 'Neonatal']",[]
100012,Lissencephaly with cerebellar hypoplasia type B,Malformation syndrome,"['Antenatal', 'Infancy', 'Neonatal']",[]
100013,Lissencephaly with cerebellar hypoplasia type C,Malformation syndrome,['Neonatal'],[]
100014,Lissencephaly with cerebellar hypoplasia type D,Malformation syndrome,"['Antenatal', 'Neonatal']",[]
100015,Lissencephaly with cerebellar hypoplasia type E,Malformation syndrome,"['Antenatal', 'Neonatal']",[]
100016,Lissencephaly with cerebellar hypoplasia type F,Malformation syndrome,"['Antenatal', 'Neonatal']",[]
100019,Myelodysplastic neoplasm with increased blasts type 1,Clinical subtype,['Adult'],['Not applicable']
100020,Myelodysplastic neoplasm with increased blasts type 2,Clinical subtype,['Adult'],['Not applicable']
100024,Mu-heavy chain disease,Clinical subtype,['Adult'],[]
100025,Alpha-heavy chain disease,Clinical subtype,"['Adolescent', 'Adult']",[]
100026,Gamma-heavy chain disease,Clinical subtype,['Adult'],[]
100031,Hypoplastic amelogenesis imperfecta,Clinical subtype,[],"['Autosomal dominant', 'Autosomal recessive', 'X-linked dominant']"
100032,Hypocalcified amelogenesis imperfecta,Clinical subtype,[],"['Autosomal dominant', 'Autosomal recessive']"
100033,Hypomaturation amelogenesis imperfecta,Clinical subtype,[],"['Autosomal recessive', 'X-linked dominant']"
100034,Hypomaturation-hypoplastic amelogenesis imperfecta with taurodontism,Clinical subtype,[],['Autosomal dominant']
100043,Autosomal dominant intermediate Charcot-Marie-Tooth disease type A,Disease,['Adult'],['Autosomal dominant']
100044,Autosomal dominant intermediate Charcot-Marie-Tooth disease type B,Disease,"['Adolescent', 'Adult', 'Childhood']",['Autosomal dominant']
100045,Autosomal dominant intermediate Charcot-Marie-Tooth disease type C,Disease,"['Adolescent', 'Adult', 'Childhood']",['Autosomal dominant']
100046,Autosomal dominant intermediate Charcot-Marie-Tooth disease type D,Disease,['Adult'],['Autosomal dominant']
100050,Hereditary angioedema type 1,Etiological subtype,['All ages'],['Autosomal dominant']
100051,Hereditary angioedema type 2,Etiological subtype,['All ages'],['Autosomal dominant']
100054,F12-related hereditary angioedema with normal C1Inh,Clinical subtype,['Adult'],['Autosomal dominant']
100055,Acquired angioedema type 2,Clinical subtype,['Adult'],['Not applicable']
100056,Acquired angioedema type 1,Clinical subtype,['Adult'],['Not applicable']
100057,Renin-angiotensin-aldosterone system-blocker-induced angioedema,Disease,['Adult'],"['Multigenic/multifactorial', 'Not applicable']"
100069,Semantic dementia,Disease,['Adult'],"['Multigenic/multifactorial', 'Not applicable']"
100070,Progressive non-fluent aphasia,Disease,['Adult'],"['Multigenic/multifactorial', 'Not applicable']"
100071,Mosaic trisomy 3 syndrome,Malformation syndrome,"['Antenatal', 'Neonatal']",[]
100073,Neurogenic thoracic outlet syndrome,Clinical subtype,['All ages'],['Not applicable']
100075,Neuroendocrine tumor of stomach,Disease,"['Adult', 'Elderly']",['Not applicable']
100077,Jejunal neuroendocrine tumor,Category,['Adult'],[]
100078,Ileal neuroendocrine tumor,Disease,['Adult'],['Not applicable']
100079,Neuroendocrine neoplasm of appendix,Disease,['Adult'],[]
100080,Neuroendocrine tumor of the colon,Disease,"['Adult', 'Elderly']",[]
100081,Neuroendocrine tumor of the rectum,Disease,['Adult'],[]
100082,Neuroendocrine tumor of anal canal,Disease,"['Adult', 'Elderly']",[]
100083,Laryngeal neuroendocrine tumor,Disease,['Adult'],[]
100084,Middle ear neuroendocrine tumor,Disease,"['Adolescent', 'Adult', 'Elderly']",[]
100085,Primary hepatic neuroendocrine carcinoma,Disease,['Adult'],['Not applicable']
100086,Gallbladder neuroendocrine tumor,Disease,['Adult'],[]
100088,Rare thyroid carcinoma,Category,['Adult'],[]
100093,Carcinoid syndrome,Clinical syndrome,['All ages'],['Not applicable']
100924,Porphyria due to ALA dehydratase deficiency,Disease,"['Adolescent', 'Childhood']",['Autosomal recessive']
100973,FRAXE intellectual disability,Disease,"['Antenatal', 'Infancy', 'Neonatal']",['X-linked recessive']
100974,FRAXF syndrome,Disease,"['Antenatal', 'Infancy', 'Neonatal']",[]
100976,Bathing suit ichthyosis,Disease,"['Infancy', 'Neonatal']",['Autosomal recessive']
100978,Cloverleaf skull-asphyxiating thoracic dysplasia syndrome,Malformation syndrome,['Neonatal'],[]
100979,Autosomal dominant complex spastic paraplegia,Clinical group,[],['Autosomal dominant']
100980,Autosomal dominant pure spastic paraplegia,Clinical group,[],['Autosomal dominant']
100981,Autosomal recessive complex spastic paraplegia,Clinical group,[],['Autosomal recessive']
100982,Autosomal recessive pure spastic paraplegia,Clinical group,[],['Autosomal recessive']
100984,Autosomal dominant spastic paraplegia type 3,Disease,"['Adult', 'Childhood']",['Autosomal dominant']
100985,Autosomal dominant spastic paraplegia type 4,Disease,"['Adolescent', 'Adult', 'Childhood', 'Infancy']",['Autosomal dominant']
100986,Autosomal recessive spastic paraplegia type 5A,Disease,"['Adolescent', 'Childhood']",['Autosomal recessive']
100988,Autosomal dominant spastic paraplegia type 6,Disease,"['Adolescent', 'Adult', 'Childhood']",['Autosomal dominant']
100989,Autosomal dominant spastic paraplegia type 8,Disease,"['Adolescent', 'Adult']",['Autosomal dominant']
100991,Autosomal dominant spastic paraplegia type 10,Disease,"['Adolescent', 'Adult', 'Childhood']",['Autosomal dominant']
100993,Autosomal dominant spastic paraplegia type 12,Disease,"['Adolescent', 'Adult', 'Childhood']",['Autosomal dominant']
100994,Autosomal dominant spastic paraplegia type 13,Disease,"['Adolescent', 'Adult']",['Autosomal dominant']
100995,Autosomal recessive spastic paraplegia type 14,Disease,['Adult'],['Autosomal recessive']
100996,Autosomal recessive spastic paraplegia type 15,Disease,"['Adolescent', 'Adult', 'Childhood']",['Autosomal recessive']
100997,X-linked spastic paraplegia type 16,Disease,['Infancy'],['X-linked recessive']
100998,Autosomal dominant spastic paraplegia type 17,Disease,"['Adolescent', 'Adult', 'Childhood']",['Autosomal dominant']
100999,Autosomal dominant spastic paraplegia type 19,Disease,['Adult'],['Autosomal dominant']
101000,Autosomal recessive spastic paraplegia type 20,Disease,['Infancy'],['Autosomal recessive']
101001,Autosomal recessive spastic paraplegia type 21,Disease,"['Adolescent', 'Adult', 'Childhood']",['Autosomal recessive']
101003,Autosomal recessive spastic paraplegia type 23,Disease,['Childhood'],['Autosomal recessive']
101004,Autosomal recessive spastic paraplegia type 24,Disease,['Infancy'],['Autosomal recessive']
101005,Autosomal recessive spastic paraplegia type 25,Disease,['Adult'],['Autosomal recessive']
101006,Autosomal recessive spastic paraplegia type 26,Disease,"['Adolescent', 'Childhood']",['Autosomal recessive']
101007,Autosomal recessive spastic paraplegia type 27,Disease,"['Adolescent', 'Adult']",['Autosomal recessive']
101008,Autosomal recessive spastic paraplegia type 28,Disease,"['Adolescent', 'Childhood', 'Infancy']",['Autosomal recessive']
101009,Autosomal dominant spastic paraplegia type 29,Disease,['Adolescent'],['Autosomal dominant']
101010,Autosomal spastic paraplegia type 30,Disease,"['Adolescent', 'Adult']","['Autosomal dominant', 'Autosomal recessive']"
101011,Autosomal dominant spastic paraplegia type 31,Disease,['Childhood'],['Autosomal dominant']
101016,Romano-Ward syndrome,Disease,['All ages'],"['Autosomal dominant', 'Autosomal recessive']"
101028,Transaldolase deficiency,Disease,"['Infancy', 'Neonatal']",['Autosomal recessive']
101029,Sub-cortical nodular heterotopia,Clinical subtype,"['Antenatal', 'Infancy', 'Neonatal']",[]
101030,Subependymal nodular heterotopia,Clinical subtype,"['Antenatal', 'Infancy', 'Neonatal']",[]
101039,Female restricted epilepsy with intellectual disability,Disease,"['Antenatal', 'Infancy', 'Neonatal']",['Unknown']
101041,Familial hypofibrinogenemia,Clinical subtype,['All ages'],['Autosomal dominant']
101046,Autosomal dominant epilepsy with auditory features,Disease,"['Adolescent', 'Adult', 'Childhood']",['Autosomal dominant']
101049,Familial hypocalciuric hypercalcemia type 2,Etiological subtype,[],['Autosomal dominant']
101063,Situs inversus totalis,Morphological anomaly,[],"['Autosomal dominant', 'Autosomal recessive', 'Not applicable']"
101068,Congenital stromal corneal dystrophy,Disease,['Neonatal'],['Autosomal dominant']
101070,Bilateral frontoparietal polymicrogyria,Clinical subtype,"['Antenatal', 'Infancy', 'Neonatal']",[]
101071,Unilateral hemispheric polymicrogyria,Clinical subtype,"['Antenatal', 'Infancy', 'Neonatal']",[]
101075,X-linked Charcot-Marie-Tooth disease type 1,Disease,['Childhood'],['X-linked dominant']
101076,X-linked Charcot-Marie-Tooth disease type 2,Disease,"['Childhood', 'Infancy']",['X-linked recessive']
101077,X-linked Charcot-Marie-Tooth disease type 3,Disease,"['Adolescent', 'Childhood']",['X-linked recessive']
101078,X-linked Charcot-Marie-Tooth disease type 4,Disease,"['Childhood', 'Infancy', 'Neonatal']",['X-linked recessive']
101081,Charcot-Marie-Tooth disease type 1A,Disease,['Childhood'],['Autosomal dominant']
101082,Charcot-Marie-Tooth disease type 1B,Disease,"['Adolescent', 'Adult', 'Childhood', 'Infancy']",['Autosomal dominant']
101083,Charcot-Marie-Tooth disease type 1C,Disease,"['Adolescent', 'Adult', 'Childhood']",['Autosomal dominant']
101084,Charcot-Marie-Tooth disease type 1D,Disease,"['Adolescent', 'Adult', 'Childhood', 'Infancy']",['Autosomal dominant']
101085,Charcot-Marie-Tooth disease type 1F,Disease,"['Childhood', 'Infancy']",['Autosomal dominant']
101088,X-linked hyper-IgM syndrome,Clinical subtype,[],['X-linked recessive']
101097,Autosomal recessive Charcot-Marie-Tooth disease with hoarseness,Disease,"['Infancy', 'Neonatal']",['Autosomal recessive']
101101,Charcot-Marie-Tooth disease type 2B2,Disease,['Adult'],['Autosomal recessive']
101102,Charcot-Marie-Tooth disease type 2H,Disease,['Childhood'],['Autosomal recessive']
101108,Spinocerebellar ataxia type 23,Disease,['Adult'],['Autosomal dominant']
101109,Spinocerebellar ataxia type 28,Disease,['Childhood'],['Autosomal dominant']
101110,Spinocerebellar ataxia type 20,Disease,['Adult'],['Autosomal dominant']
101111,Spinocerebellar ataxia type 25,Disease,['All ages'],['Autosomal dominant']
101112,Spinocerebellar ataxia type 26,Disease,['Adult'],['Autosomal dominant']
101150,Autosomal recessive dopa-responsive dystonia,Disease,"['Infancy', 'Neonatal']",['Autosomal recessive']
101206,Pulmonary valve agenesis-tetralogy of Fallot-absence of ductus arteriosus syndrome,Malformation syndrome,"['Antenatal', 'Neonatal']",[]
101330,Porphyria cutanea tarda,Disease,['Adult'],"['Autosomal dominant', 'Multigenic/multifactorial']"
101334,African tick typhus,Disease,[],['Not applicable']
101351,Familial isolated congenital asplenia,Morphological anomaly,[],['Autosomal dominant']
101685,Rare non-syndromic intellectual disability,Disease,"['Childhood', 'Infancy']","['Autosomal dominant', 'Autosomal recessive', 'X-linked dominant', 'X-linked recessive']"
101959,Chronic primary adrenal insufficiency,Category,['All ages'],['Multigenic/multifactorial']
102006,Neurovascular malformation,Category,['All ages'],[]
102014,Autosomal dominant limb-girdle muscular dystrophy,Category,[],['Autosomal dominant']
102015,Autosomal recessive limb-girdle muscular dystrophy,Category,[],['Autosomal recessive']
102724,Acute myeloid leukemia with t(8;21)(q22;q22) translocation,Disease,"['Adolescent', 'Adult', 'Childhood']",[]
103907,Chronic diarrhea due to glucoamylase deficiency,Disease,['Childhood'],[]
103908,Congenital sodium diarrhea,Disease,"['Antenatal', 'Neonatal']","['Autosomal dominant', 'Autosomal recessive']"
103909,Trehalase deficiency,Disease,"['Adolescent', 'Adult']",['Autosomal dominant']
103910,Congenital enterocyte heparan sulfate deficiency,Disease,"['Infancy', 'Neonatal']",[]
103918,Tropical pancreatitis,Disease,['Childhood'],[]
103919,Autoimmune pancreatitis,Clinical group,[],['Not applicable']
104075,Adenocarcinoma of the small intestine,Disease,['Adult'],['Not applicable']
137577,Neonatal hypoxic and ischemic brain injury,Particular clinical situation in a disease or syndrome,"['Infancy', 'Neonatal']",['Not applicable']
137583,Vulvar intraepithelial neoplasia,Disease,"['Adult', 'Elderly']",['Not applicable']
137596,Neurotrophic keratopathy,Disease,"['Adult', 'Childhood']",['Not applicable']
137599,Herpes simplex virus stromal keratitis,Disease,['All ages'],['Not applicable']
137605,Legius syndrome,Malformation syndrome,"['Childhood', 'Infancy', 'Neonatal']",['Autosomal dominant']
137608,Segmental outgrowth-lipomatosis-arteriovenous malformation-epidermal nevus syndrome,Malformation syndrome,['Neonatal'],[]
137622,Intractable diarrhea-choanal atresia-eye anomalies syndrome,Malformation syndrome,"['Infancy', 'Neonatal']",[]
137625,Glycogen storage disease due to muscle and heart glycogen synthase deficiency,Disease,['Childhood'],['Autosomal recessive']
137628,Cardiac anomalies-heterotaxy syndrome,Malformation syndrome,"['Antenatal', 'Infancy', 'Neonatal']",['Autosomal dominant']
137631,"Lung fibrosis-immunodeficiency-46,XX gonadal dysgenesis syndrome",Disease,['Infancy'],[]
137634,Overgrowth-macrocephaly-facial dysmorphism syndrome,Malformation syndrome,"['Antenatal', 'Infancy', 'Neonatal']",['Autosomal dominant']
137639,Hypomyelinating leukodystrophy-ataxia-hypodontia-hypomyelination syndrome,Clinical subtype,"['Infancy', 'Neonatal']",['Autosomal recessive']
137667,Capillary malformation-arteriovenous malformation,Malformation syndrome,"['Infancy', 'Neonatal']","['Autosomal dominant', 'Not applicable']"
137675,Histiocytoid cardiomyopathy,Disease,"['Infancy', 'Neonatal']","['Autosomal recessive', 'Unknown', 'X-linked dominant']"
137678,Spondyloepiphyseal dysplasia with metatarsal shortening,Disease,"['Adolescent', 'Childhood']",['Autosomal dominant']
137681,Hepatoencephalopathy due to combined oxidative phosphorylation defect type 1,Disease,['Neonatal'],['Autosomal recessive']
137686,Asherman syndrome,Disease,['Adult'],['Not applicable']
137698,Cytomegalovirus disease in patients with impaired cell mediated immunity deemed at risk,Particular clinical situation in a disease or syndrome,['All ages'],['Not applicable']
137754,Aminoacylase 1 deficiency,Disease,['Childhood'],['Autosomal recessive']
137776,Lethal congenital contracture syndrome type 2,Malformation syndrome,"['Antenatal', 'Neonatal']",['Autosomal recessive']
137783,Lethal congenital contracture syndrome type 3,Malformation syndrome,"['Antenatal', 'Neonatal']",['Autosomal recessive']
137807,Primary cutaneous amyloidosis,Clinical group,['All ages'],"['Autosomal dominant', 'Not applicable']"
137817,Arachnoiditis,Disease,['All ages'],['Not applicable']
137831,X-linked intellectual disability-cerebellar hypoplasia syndrome,Disease,"['Infancy', 'Neonatal']",['X-linked dominant']
137834,Frank-Ter Haar syndrome,Disease,"['Antenatal', 'Neonatal']",['Autosomal recessive']
137839,Lemierre syndrome,Disease,['Adolescent'],[]
137867,Madras motor neuron disease,Disease,"['Adolescent', 'Adult', 'Childhood']","['Not applicable', 'X-linked recessive']"
137888,Auriculocondylar syndrome,Malformation syndrome,"['Infancy', 'Neonatal']","['Autosomal dominant', 'Autosomal recessive']"
137893,Male infertility due to large-headed multiflagellar polyploid spermatozoa,Clinical subtype,[],['Autosomal recessive']
137898,Leukoencephalopathy with brain stem and spinal cord involvement-high lactate syndrome,Disease,['Childhood'],['Autosomal recessive']
137908,Hypotonia with lactic acidemia and hyperammonemia,Disease,"['Antenatal', 'Neonatal']",['Autosomal recessive']
137914,Choanal atresia,Morphological anomaly,"['Childhood', 'Infancy', 'Neonatal']",['Not applicable']
137917,"Choanal atresia, unilateral",Clinical subtype,"['Infancy', 'Neonatal']",['Not applicable']
137920,"Choanal atresia, bilateral",Clinical subtype,"['Infancy', 'Neonatal']",['Not applicable']
137926,Primary laryngeal lymphangioma,Malformation syndrome,"['Infancy', 'Neonatal']",[]
137932,Congenital laryngeal palsy,Malformation syndrome,['Neonatal'],[]
137935,Airway infantile hemangioma,Disease,['Infancy'],['Not applicable']
139390,Non-syndromic craniosynostosis,Clinical group,"['Infancy', 'Neonatal']",[]
139396,X-linked cerebral adrenoleukodystrophy,Clinical subtype,['All ages'],['X-linked recessive']
139399,Adrenomyeloneuropathy,Clinical subtype,['Adult'],['X-linked recessive']
139402,Drug reaction with eosinophilia and systemic symptoms,Disease,['All ages'],['Not applicable']
139406,Encephalopathy due to prosaposin deficiency,Disease,"['Infancy', 'Neonatal']",['Autosomal recessive']
139411,Carney triad,Disease,"['Adolescent', 'Adult']",[]
139414,Congenital panfollicular nevus,Disease,"['Infancy', 'Neonatal']",[]
139417,Acute transverse myelitis,Disease,"['Adolescent', 'Adult', 'Childhood', 'Elderly', 'Infancy']",[]
139423,Idiopathic acute transverse myelitis,Clinical subtype,['All ages'],['Not applicable']
139426,Perioral myoclonia with absences,Disease,['Childhood'],[]
139431,Epilepsy with eyelid myoclonia,Disease,['Childhood'],['Unknown']
139436,Multicentric reticulohistiocytosis,Disease,['Adult'],['Not applicable']
139441,Hypomyelination with atrophy of basal ganglia and cerebellum,Disease,"['Childhood', 'Infancy']",['Autosomal dominant']
139444,Leukoencephalopathy with bilateral anterior temporal lobe cysts,Disease,"['Infancy', 'Neonatal']",['Unknown']
139447,Progressive cavitating leukoencephalopathy,Disease,"['Childhood', 'Infancy']",['Autosomal recessive']
139450,Microtia-eye coloboma-imperforation of the nasolacrimal duct syndrome,Malformation syndrome,['No data available'],['Autosomal dominant']
139455,Autosomal recessive bestrophinopathy,Disease,['All ages'],['Autosomal recessive']
139466,SERKAL syndrome,Malformation syndrome,['Antenatal'],['Autosomal recessive']
139471,Microphthalmia with brain and digit anomalies,Malformation syndrome,['Antenatal'],[]
139474,17q11.2 microduplication syndrome,Malformation syndrome,"['Infancy', 'Neonatal']",['Autosomal dominant']
139480,Autosomal recessive spastic paraplegia type 39,Disease,['Childhood'],['Autosomal recessive']
139485,Autosomal recessive ataxia due to ubiquinone deficiency,Disease,['Childhood'],['Autosomal recessive']
139507,Dietary iron overload disease,Disease,"['Adult', 'Elderly']",['Not applicable']
139512,Neuropathy with hearing impairment,Disease,['Adult'],['Autosomal dominant']
139515,Charcot-Marie-Tooth disease type 4J,Disease,"['Adult', 'Childhood', 'Infancy']",['Autosomal recessive']
139518,Distal hereditary motor neuropathy type 1,Disease,"['Adolescent', 'Adult', 'Childhood']",['Autosomal dominant']
139525,Distal hereditary motor neuropathy type 2,Disease,"['Adolescent', 'Adult']",['Autosomal dominant']
139536,Distal hereditary motor neuropathy type 5,Disease,"['Adolescent', 'Adult', 'Childhood']",['Autosomal dominant']
139547,Distal spinal muscular atrophy type 3,Disease,"['Adolescent', 'Adult', 'Childhood', 'Infancy']",['Autosomal recessive']
139552,"Distal hereditary motor neuropathy, Jerash type",Disease,['Childhood'],['Autosomal recessive']
139557,X-linked distal spinal muscular atrophy type 3,Disease,"['Adolescent', 'Adult', 'Childhood', 'Infancy']",['X-linked recessive']
139564,Hereditary sensory and autonomic neuropathy type 1B,Disease,['Adult'],['Autosomal dominant']
139573,Hereditary sensory and autonomic neuropathy with deafness and global delay,Disease,"['Childhood', 'Infancy']",['Autosomal recessive']
139578,Mutilating hereditary sensory neuropathy with spastic paraplegia,Disease,"['Childhood', 'Infancy']",['Autosomal recessive']
139583,X-linked hereditary sensory and autonomic neuropathy with deafness,Disease,['Childhood'],['X-linked recessive']
139589,Distal hereditary motor neuropathy type 7,Disease,"['Adolescent', 'Adult', 'Childhood']",['Autosomal dominant']
140286,Secondary hypoparathyroidism due to impaired parathormon secretion,Disease,"['Adolescent', 'Adult', 'Childhood', 'Elderly']",['Not applicable']
140436,Primary intraosseous venous malformation,Disease,[],['Autosomal recessive']
140453,Autosomal dominant hereditary demyelinating motor and sensory neuropathy,Category,[],['Autosomal dominant']
140456,Autosomal dominant hereditary axonal motor and sensory neuropathy,Category,[],['Autosomal dominant']
140459,Autosomal recessive hereditary demyelinating motor and sensory neuropathy,Category,[],['Autosomal recessive']
140465,Autosomal dominant distal hereditary motor neuropathy,Category,[],['Autosomal dominant']
140468,Autosomal recessive distal hereditary motor neuropathy,Category,[],['Autosomal recessive']
140474,Autosomal dominant hereditary sensory and autonomic neuropathy,Category,[],['Autosomal dominant']
140477,Autosomal recessive hereditary sensory and autonomic neuropathy,Category,[],['Autosomal recessive']
140481,Autosomal dominant slowed nerve conduction velocity,Disease,['Adult'],['Autosomal dominant']
140874,Joubert syndrome and related disorders,Category,"['Infancy', 'Neonatal']","['Autosomal recessive', 'X-linked recessive']"
140896,Severe acute respiratory syndrome,Disease,['All ages'],['Not applicable']
140905,Hyperlipidemia due to hepatic triacylglycerol lipase deficiency,Disease,['No data available'],[]
140908,Brachydactyly type B2,Clinical subtype,['Neonatal'],['Autosomal dominant']
140917,Stapes ankylosis with broad thumbs and toes,Malformation syndrome,"['Infancy', 'Neonatal']",['Autosomal dominant']
140922,Titin-related limb-girdle muscular dystrophy R10,Disease,"['Adolescent', 'Adult', 'Childhood']",['Autosomal recessive']
140927,Self-limited neonatal-infantile epilepsy,Disease,"['Infancy', 'Neonatal']",['Autosomal dominant']
140933,Linear atrophoderma of Moulin,Disease,['Childhood'],[]
140936,Lelis syndrome,Malformation syndrome,"['Adolescent', 'Adult', 'Childhood']",['Autosomal recessive']
140941,Short stature due to primary acid-labile subunit deficiency,Disease,"['Infancy', 'Neonatal']",['Autosomal recessive']
140944,CLOVES syndrome,Malformation syndrome,"['Infancy', 'Neonatal']",['Not applicable']
140949,Low-flow priapism,Particular clinical situation in a disease or syndrome,['All ages'],['Not applicable']
140952,Syndactyly-telecanthus-anogenital and renal malformations syndrome,Malformation syndrome,"['Infancy', 'Neonatal']",['X-linked dominant']
140957,Autosomal dominant macrothrombocytopenia,Disease,"['Adolescent', 'Adult', 'Childhood', 'Elderly', 'Infancy']",['Autosomal dominant']
140963,Bilateral microtia-deafness-cleft palate syndrome,Malformation syndrome,['Neonatal'],"['Autosomal dominant', 'Autosomal recessive']"
140966,"Palmoplantar keratoderma, Nagashima type",Disease,"['Childhood', 'Infancy']",['Autosomal recessive']
140969,Saldino-Mainzer syndrome,Disease,['Infancy'],['Autosomal recessive']
140976,RHYNS syndrome,Disease,"['Antenatal', 'Infancy', 'Neonatal']",['Autosomal recessive']
140989,Primary angiitis of the central nervous system,Disease,['All ages'],['Not applicable']
141000,Orofaciodigital syndrome type 11,Malformation syndrome,['Neonatal'],['Not applicable']
141007,Orofaciodigital syndrome type 9,Malformation syndrome,"['Antenatal', 'Infancy', 'Neonatal']",['Autosomal recessive']
141074,External auditory canal aplasia/hypoplasia,Morphological anomaly,['Neonatal'],[]
141077,Epignathus,Clinical subtype,"['Antenatal', 'Neonatal']",['Not applicable']
141083,Nasolacrimal duct cyst,Morphological anomaly,"['Adult', 'Infancy', 'Neonatal']",['Not applicable']
141091,Polyrrhinia,Malformation syndrome,"['Antenatal', 'Neonatal']",['Not applicable']
141096,Supernumerary nostril,Malformation syndrome,"['Antenatal', 'Neonatal']",['Not applicable']
141099,Proboscis lateralis,Malformation syndrome,"['Antenatal', 'Infancy', 'Neonatal']",['Not applicable']
141112,Nasal glial heterotopia,Disease,[],['Not applicable']
141118,Nasal encephalocele,Clinical subtype,[],['Unknown']
141121,Congenital subglottic stenosis,Malformation syndrome,['Neonatal'],[]
141127,Congenital tracheal stenosis,Morphological anomaly,"['Infancy', 'Neonatal']",['Not applicable']
141132,Oculo-auriculo-vertebral spectrum,Malformation syndrome,"['Antenatal', 'Neonatal']",['Not applicable']
141145,Hemifacial hyperplasia,Malformation syndrome,"['Antenatal', 'Infancy', 'Neonatal']",['Not applicable']
141148,Hemifacial myohyperplasia,Malformation syndrome,['Neonatal'],[]
141152,Isolated congenital hypoglossia/aglossia,Morphological anomaly,"['Infancy', 'Neonatal']",[]
141163,Glossopalatine ankylosis,Malformation syndrome,"['Infancy', 'Neonatal']",['Not applicable']
141168,Frontonasal arteriovenous malformation,Malformation syndrome,['Neonatal'],[]
141171,Maxillary arteriovenous malformation,Malformation syndrome,['Neonatal'],[]
141174,Mandibular arteriovenous malformation,Malformation syndrome,['Neonatal'],[]
141179,Non-involuting congenital hemangioma,Disease,"['Infancy', 'Neonatal']",['Not applicable']
141184,Rapidly involuting congenital hemangioma,Disease,"['Infancy', 'Neonatal']",['Not applicable']
141194,Cerebrofacial arteriovenous metameric syndrome type 1,Malformation syndrome,"['Childhood', 'Infancy']",[]
141199,Cerebrofacial arteriovenous metameric syndrome type 3,Malformation syndrome,"['Childhood', 'Infancy']",[]
141209,Diffuse lymphatic malformation,Malformation syndrome,"['Infancy', 'Neonatal']",['Not applicable']
141214,Isolated congenital syngnathia,Malformation syndrome,['Neonatal'],[]
141234,Median facial cleft,Clinical group,"['Antenatal', 'Neonatal']",[]
141242,Paramedian nasal cleft,Morphological anomaly,"['Antenatal', 'Neonatal']",[]
141253,Oblique facial cleft,Clinical group,"['Infancy', 'Neonatal']",[]
141258,Tessier number 4 facial cleft,Morphological anomaly,"['Antenatal', 'Neonatal']",[]
141261,Tessier number 5 facial cleft,Morphological anomaly,"['Antenatal', 'Neonatal']",[]
141265,Tessier number 6 facial cleft,Morphological anomaly,"['Antenatal', 'Neonatal']",[]
141269,Lateral facial cleft,Clinical group,"['Antenatal', 'Neonatal']",[]
141276,Tessier number 7 facial cleft,Morphological anomaly,"['Antenatal', 'Neonatal']",['Autosomal dominant']
141288,Midline cervical cleft,Morphological anomaly,[],['Not applicable']
141291,Cleft lip and alveolus,Morphological anomaly,"['Infancy', 'Neonatal']",['Multigenic/multifactorial']
141333,Biemond syndrome type 2,Disease,"['Antenatal', 'Neonatal']",['Unknown']
155867,Paramedian facial cleft,Clinical group,"['Antenatal', 'Neonatal']",[]
156728,"Spondyloepimetaphyseal dysplasia, matrilin-3 type",Disease,"['Antenatal', 'Neonatal']",['Autosomal recessive']
156731,"Dyssegmental dysplasia, Rolland-Desbuquois type",Disease,"['Antenatal', 'Neonatal']",[]
157215,Hereditary hypophosphatemic rickets with hypercalciuria,Disease,"['Childhood', 'Infancy']","['Autosomal dominant', 'Autosomal recessive']"
157713,Congenital or early infantile CACH syndrome,Clinical subtype,"['Infancy', 'Neonatal']",[]
157716,Late infantile CACH syndrome,Clinical subtype,['Childhood'],[]
157719,Juvenile or adult CACH syndrome,Clinical subtype,"['Adolescent', 'Adult']",[]
157769,Situs ambiguus,Morphological anomaly,['Antenatal'],[]
157791,Epithelioid hemangioendothelioma,Disease,"['Adolescent', 'Adult', 'Childhood', 'Elderly']",['Not applicable']
157794,Hereditary mixed polyposis syndrome,Disease,['Childhood'],['Autosomal dominant']
157798,Serrated polyposis syndrome,Disease,"['Adult', 'Elderly']","['Autosomal dominant', 'Multigenic/multifactorial', 'Unknown']"
157801,Mesoaxial synostotic syndactyly with phalangeal reduction,Morphological anomaly,"['Infancy', 'Neonatal']",['Autosomal recessive']
157820,Cold-induced sweating syndrome,Disease,"['Adult', 'Childhood']",['Autosomal recessive']
157826,Congenital epulis,Disease,"['Infancy', 'Neonatal']",[]
157832,Craniorhiny,Malformation syndrome,['Neonatal'],[]
157835,Paroxysmal hemicrania,Disease,"['Adolescent', 'Adult', 'Childhood', 'Elderly']",['Not applicable']
157846,Neuroferritinopathy,Disease,['Adult'],['Autosomal dominant']
157850,Pantothenate kinase-associated neurodegeneration,Disease,['All ages'],['Autosomal recessive']
157941,Huntington disease-like 1,Disease,['Adult'],['Autosomal dominant']
157946,Huntington disease-like 3,Disease,['Childhood'],['Autosomal recessive']
157954,ANE syndrome,Disease,['Adult'],['Autosomal recessive']
157962,"Oculoauricular syndrome, Schorderet type",Malformation syndrome,"['Infancy', 'Neonatal']",['Autosomal recessive']
157965,SLC39A13-related spondylodysplastic Ehlers-Danlos syndrome,Clinical subtype,['Neonatal'],['Autosomal recessive']
157973,Congenital muscular dystrophy due to LMNA mutation,Disease,"['Infancy', 'Neonatal']",['Autosomal dominant']
157991,Generalized eruptive histiocytosis,Disease,"['Adolescent', 'Adult', 'Childhood', 'Elderly']",['Not applicable']
157997,Benign cephalic histiocytosis,Disease,['Infancy'],['Not applicable']
158000,Juvenile xanthogranuloma,Disease,"['Adolescent', 'Childhood', 'Infancy', 'Neonatal']",['Not applicable']
158003,Xanthoma disseminatum,Disease,"['Adolescent', 'Adult', 'Childhood']",['Not applicable']
158008,Papular xanthoma,Disease,"['Adolescent', 'Adult', 'Childhood', 'Elderly', 'Infancy']",['Not applicable']
158011,Necrobiotic xanthogranuloma,Disease,[],['Not applicable']
158014,Rosaï-Dorfman disease,Disease,"['Adolescent', 'Adult']",[]
158019,Indeterminate cell histiocytosis,Disease,[],['Not applicable']
158022,Progressive nodular histiocytosis,Disease,"['Adolescent', 'Adult', 'Childhood']",['Not applicable']
158025,Hereditary progressive mucinous histiocytosis,Disease,['Childhood'],['Autosomal dominant']
158029,Sea-blue histiocytosis,Disease,"['Adolescent', 'Adult']",['Autosomal dominant']
158032,Hemophagocytic syndrome,Category,"['Adolescent', 'Childhood', 'Infancy']",[]
158048,Hemophagocytic syndrome associated with an infection,Particular clinical situation in a disease or syndrome,['All ages'],[]
158057,Acquired hemophagocytic lymphohistiocytosis associated with malignant disease,Particular clinical situation in a disease or syndrome,['All ages'],[]
158061,Macrophage activation syndrome,Clinical syndrome,"['Adolescent', 'Adult', 'Childhood']",[]
158668,Ectodermal dysplasia-skin fragility syndrome,Disease,"['Infancy', 'Neonatal']",['Autosomal recessive']
158673,"Localized dystrophic epidermolysis bullosa, acral form",Clinical subtype,"['Infancy', 'Neonatal']","['Autosomal dominant', 'Autosomal recessive']"
158676,"Localized dystrophic epidermolysis bullosa, nails only",Clinical subtype,"['Infancy', 'Neonatal']","['Autosomal dominant', 'Autosomal recessive']"
158681,Epidermolysis bullosa simplex with circinate migratory erythema,Disease,"['Infancy', 'Neonatal']",['Autosomal dominant']
158684,Epidermolysis bullosa simplex with pyloric atresia,Disease,['Neonatal'],['Autosomal recessive']
158687,Lethal acantholytic erosive disorder,Disease,['Neonatal'],['Autosomal recessive']
158775,Smoldering systemic mastocytosis,Disease,"['Adult', 'Elderly']",[]
160148,Cap polyposis,Disease,"['Adolescent', 'Adult', 'Childhood', 'Elderly']",['Not applicable']
162516,Isolated congenital nasal pyriform aperture stenosis,Malformation syndrome,['Neonatal'],[]
163525,Subacute cutaneous lupus erythematosus,Disease,"['Adult', 'Elderly']",[]
163531,Chronic cutaneous lupus erythematosus,Clinical group,"['Adolescent', 'Adult', 'Childhood', 'Elderly']",['Multigenic/multifactorial']
163596,Hb Bart's hydrops fetalis,Clinical subtype,"['Antenatal', 'Neonatal']",['Autosomal recessive']
163634,Maffucci syndrome,Disease,['Childhood'],['Not applicable']
163649,Spondyloepiphyseal dysplasia-craniosynostosis-cleft palate-cataracts-intellectual disability syndrome,Disease,"['Infancy', 'Neonatal']",['Autosomal recessive']
163654,Spondyloepiphyseal dysplasia-brachydactyly-speech disorder syndrome,Disease,"['Infancy', 'Neonatal']",['Unknown']
163662,"Spondyloepiphyseal dysplasia, Reardon type",Disease,"['Infancy', 'Neonatal']",['Autosomal dominant']
163665,"Spondyloepiphyseal dysplasia tarda, Kohn type",Disease,['Childhood'],['Autosomal recessive']
163668,"Spondyloepiphyseal dysplasia, MacDermot type",Malformation syndrome,"['Infancy', 'Neonatal']",['Autosomal dominant']
163681,CNTNAP2-related developmental and epileptic encephalopathy,Disease,['Infancy'],['Autosomal recessive']
163684,Leukoencephalopathy-dystonia-motor neuropathy syndrome,Disease,['Childhood'],['Autosomal recessive']
163690,Hypotonia-cystinuria syndrome,Disease,"['Infancy', 'Neonatal']",['Autosomal recessive']
163693,2p21 microdeletion syndrome,Disease,"['Infancy', 'Neonatal']",['Autosomal recessive']
163696,Action myoclonus-renal failure syndrome,Disease,"['Adolescent', 'Adult']",['Autosomal recessive']
163699,Alveolar soft tissue sarcoma,Disease,['All ages'],['Not applicable']
163703,Febrile infection-related epilepsy syndrome,Disease,['All ages'],['Not applicable']
163708,Cryptogenic late-onset epileptic spasms,Disease,['Childhood'],[]
163717,Benign familial mesial temporal lobe epilepsy,Disease,[],['Autosomal dominant']
163721,Rolandic epilepsy-speech dyspraxia syndrome,Disease,"['Antenatal', 'Infancy', 'Neonatal']","['Autosomal dominant', 'X-linked dominant']"
163727,Rolandic epilepsy-paroxysmal exercise-induced dystonia-writer's cramp syndrome,Disease,['Infancy'],[]
163746,Peripheral demyelinating neuropathy-central dysmyelinating leukodystrophy-Waardenburg syndrome-Hirschsprung disease,Disease,"['Infancy', 'Neonatal']",['Autosomal dominant']
163921,Posttransplant acute limbic encephalitis,Particular clinical situation in a disease or syndrome,['All ages'],[]
163927,Pustulosis palmaris et plantaris,Disease,[],"['Autosomal dominant', 'Autosomal recessive']"
163931,Acrodermatitis continua of Hallopeau,Disease,[],['Autosomal recessive']
163934,Atopic keratoconjunctivitis,Disease,['All ages'],['Not applicable']
163937,"X-linked intellectual disability, Najm type",Disease,"['Infancy', 'Neonatal']",['X-linked dominant']
163956,"X-linked intellectual disability, Nascimento type",Disease,['Infancy'],['X-linked recessive']
163961,X-linked cerebral-cerebellar-coloboma syndrome,Disease,"['Infancy', 'Neonatal']",['X-linked recessive']
163966,"X-linked dominant chondrodysplasia, Chassaing-Lacombe type",Disease,"['Infancy', 'Neonatal']",['X-linked dominant']
163971,"X-linked intellectual disability, Cilliers type",Disease,"['Infancy', 'Neonatal']",['X-linked recessive']
163976,"X-linked intellectual disability, Van Esch type",Malformation syndrome,"['Infancy', 'Neonatal']",['X-linked recessive']
163979,X-linked intellectual disability-craniofacioskeletal syndrome,Disease,"['Antenatal', 'Infancy', 'Neonatal']",['Unknown']
163985,Hyperekplexia-epilepsy syndrome,Disease,['Neonatal'],['X-linked recessive']
164736,Familial advanced sleep-phase syndrome,Disease,"['Adolescent', 'Childhood']",['Autosomal dominant']
165805,Familial mesial temporal lobe epilepsy with febrile seizures,Disease,"['Childhood', 'Infancy']","['Autosomal dominant', 'Autosomal recessive']"
165955,Wound myiasis,Disease,[],['Not applicable']
165958,Cavitary myiasis,Disease,[],['Not applicable']
165991,Exercise-induced hyperinsulinism,Disease,[],['Autosomal dominant']
166002,Multiple epiphyseal dysplasia due to collagen 9 anomaly,Disease,"['Adolescent', 'Childhood']",['Autosomal dominant']
166016,"Multiple epiphyseal dysplasia, Lowry type",Disease,['Neonatal'],[]
166024,Multiple epiphyseal dysplasia-macrocephaly-facial dysmorphism syndrome,Disease,"['Infancy', 'Neonatal']",['Autosomal recessive']
166029,Multiple epiphyseal dysplasia-severe proximal femoral dysplasia syndrome,Disease,['Childhood'],[]
166032,Multiple epiphyseal dysplasia-miniepiphyses syndrome,Disease,"['Childhood', 'Infancy']",[]
166035,Brachydactyly-short stature-retinitis pigmentosa syndrome,Malformation syndrome,"['Childhood', 'Infancy']",[]
166038,"Metaphyseal chondrodysplasia, Kaitila type",Disease,['Neonatal'],[]
166063,Pontocerebellar hypoplasia type 4,Malformation syndrome,['Antenatal'],['Autosomal recessive']
166073,Pontocerebellar hypoplasia type 6,Malformation syndrome,['Neonatal'],['Autosomal recessive']
166078,Von Willebrand disease type 1,Clinical subtype,['All ages'],['Autosomal dominant']
166081,Von Willebrand disease type 2,Clinical subtype,['All ages'],"['Autosomal dominant', 'Autosomal recessive']"
166084,Von Willebrand disease type 2A,Clinical subtype,[],"['Autosomal dominant', 'Autosomal recessive']"
166087,Von Willebrand disease type 2B,Clinical subtype,[],['Autosomal dominant']
166090,Von Willebrand disease type 2M,Clinical subtype,[],['Autosomal dominant']
166093,Von Willebrand disease type 2N,Clinical subtype,[],['Autosomal recessive']
166096,Von Willebrand disease type 3,Clinical subtype,"['Infancy', 'Neonatal']",['Autosomal recessive']
166100,Autosomal dominant otospondylomegaepiphyseal dysplasia,Malformation syndrome,"['Infancy', 'Neonatal']",['Autosomal dominant']
166105,FASTKD2-related infantile mitochondrial encephalomyopathy,Disease,"['Adolescent', 'Infancy', 'Neonatal']",['Autosomal recessive']
166108,Birk-Barel syndrome,Disease,['Infancy'],[]
166113,Bazex syndrome,Disease,['Adult'],['Not applicable']
166119,Isolated osteopoikilosis,Disease,"['Adolescent', 'Adult', 'Childhood']",['Autosomal dominant']
166260,Dentinogenesis imperfecta type 2,Clinical subtype,['Childhood'],['Autosomal dominant']
166265,Dentinogenesis imperfecta type 3,Clinical subtype,['Childhood'],['Autosomal dominant']
166272,Odontochondrodysplasia,Malformation syndrome,"['Infancy', 'Neonatal']",[]
166277,Wormian bone-multiple fractures-dentinogenesis imperfecta-skeletal dysplasia,Malformation syndrome,['Childhood'],['Unknown']
166282,Familial sick sinus syndrome,Disease,"['Adult', 'Elderly']","['Autosomal dominant', 'Autosomal recessive']"
166286,Porokeratotic eccrine ostial and dermal duct nevus,Disease,"['Infancy', 'Neonatal']",[]
166291,Dirofilariasis,Disease,['All ages'],['Not applicable']
166305,Benign infantile seizures associated with mild gastroenteritis,Disease,['Infancy'],[]
166308,Benign infantile focal epilepsy with midline spikes and waves during sleep,Disease,['Infancy'],[]
166409,Photosensitive epilepsy,Disease,"['Adolescent', 'Adult', 'Childhood']",[]
166412,Hot water reflex epilepsy,Disease,[],['Autosomal dominant']
167635,Scleromyxedema,Disease,['Adult'],[]
168443,Spondyloepimetaphyseal dysplasia-hypotrichosis syndrome,Disease,"['Infancy', 'Neonatal']",[]
168451,Spondyloepimetaphyseal dysplasia-abnormal dentition syndrome,Disease,['Infancy'],[]
168454,"Spondyloepimetaphyseal dysplasia, Geneviève type",Disease,['Infancy'],['Autosomal recessive']
168544,"Spondylometaphyseal dysplasia, Golden type",Disease,['No data available'],['X-linked recessive']
168549,Axial spondylometaphyseal dysplasia,Disease,"['Childhood', 'Infancy']",['Autosomal recessive']
168552,Spondylometaphyseal dysplasia-bowed forearms-facial dysmorphism syndrome,Disease,['Infancy'],['Autosomal recessive']
168555,"Spondylometaphyseal dysplasia, A4 type",Disease,['Infancy'],['Autosomal recessive']
168558,"46,XY difference of sex development-adrenal insufficiency due to CYP11A1 deficiency",Disease,"['Infancy', 'Neonatal']","['Autosomal dominant', 'Autosomal recessive']"
168563,"46,XY gonadal dysgenesis-motor and sensory neuropathy syndrome",Malformation syndrome,"['Infancy', 'Neonatal']",['Autosomal recessive']
168566,Fatal mitochondrial disease due to combined oxidative phosphorylation defect type 3,Disease,"['Infancy', 'Neonatal']",['Autosomal recessive']
168569,H syndrome,Malformation syndrome,['Childhood'],['Autosomal recessive']
168572,Native American myopathy,Malformation syndrome,"['Infancy', 'Neonatal']",['Autosomal recessive']
168577,Hereditary cryohydrocytosis with reduced stomatin,Disease,"['Infancy', 'Neonatal']",['Autosomal dominant']
168583,Hereditary North American Indian childhood cirrhosis,Clinical subtype,"['Infancy', 'Neonatal']",['Autosomal recessive']
168588,Hyperandrogenism due to cortisone reductase deficiency,Malformation syndrome,"['Antenatal', 'Infancy', 'Neonatal']","['Autosomal dominant', 'Autosomal recessive']"
168593,Sudden infant death-dysgenesis of the testes syndrome,Malformation syndrome,"['Infancy', 'Neonatal']",['Autosomal recessive']
168598,Methionine adenosyltransferase I/III deficiency,Disease,['Infancy'],['Autosomal recessive']
168601,Congenital enteropathy due to enteropeptidase deficiency,Disease,"['Infancy', 'Neonatal']",['Autosomal recessive']
168606,Seborrhea-like dermatitis with psoriasiform elements,Disease,['Childhood'],['Autosomal dominant']
168612,Congenital deficiency in alpha-fetoprotein,Biological anomaly,"['Antenatal', 'Neonatal']",[]
168615,Hereditary persistence of alpha-fetoprotein,Biological anomaly,['Adolescent'],['Autosomal dominant']
168621,"Dysplasia of head of femur, Meyer type",Disease,"['Infancy', 'Neonatal']",[]
168624,"Familial scaphocephaly syndrome, McGillivray type",Malformation syndrome,"['Infancy', 'Neonatal']",['Autosomal dominant']
168629,Autosomal thrombocytopenia with normal platelets,Etiological subtype,[],"['Autosomal dominant', 'Autosomal recessive']"
168632,Generalized basaloid follicular hamartoma syndrome,Disease,[],['Autosomal dominant']
168782,Childhood disintegrative disorder,Disease,['Childhood'],['Not applicable']
168796,"Heart-hand syndrome, Slovenian type",Malformation syndrome,['Adult'],['Autosomal dominant']
168811,Malignant peritoneal mesothelioma,Disease,['Adult'],"['Multigenic/multifactorial', 'Not applicable']"
168816,Peritoneal inclusion cyst,Disease,['Adult'],['Unknown']
168829,Primary peritoneal carcinoma,Disease,['Adult'],['Unknown']
168940,Chronic eosinophilic leukemia,Disease,"['Adolescent', 'Adult', 'Childhood']",['Not applicable']
168956,Hypereosinophilic syndrome,Clinical group,['All ages'],"['Not applicable', 'Unknown']"
168960,Refractory anemia with excess blasts in transformation,Disease,"['Adolescent', 'Adult', 'Elderly']",[]
168966,Composite lymphoma,Disease,"['Adult', 'Elderly']",[]
168984,CLAPO syndrome,Malformation syndrome,"['Infancy', 'Neonatal']",['Unknown']
168999,Malignant melanoma of the mucosa,Disease,"['Adult', 'Elderly']",[]
169079,Cernunnos-XLF deficiency,Disease,"['Infancy', 'Neonatal']",['Autosomal recessive']
169082,Combined immunodeficiency due to CD3gamma deficiency,Disease,['Infancy'],['Autosomal recessive']
169085,Susceptibility to respiratory infections associated with CD8alpha chain mutation,Disease,"['Infancy', 'Neonatal']",['Autosomal recessive']
169090,Combined immunodeficiency due to CRAC channel dysfunction,Disease,"['Infancy', 'Neonatal']",['Autosomal recessive']
169095,Severe combined immunodeficiency due to FOXN1 deficiency,Disease,"['Infancy', 'Neonatal']",['Autosomal recessive']
169100,Immunodeficiency due to CD25 deficiency,Disease,['Infancy'],['Autosomal recessive']
169105,Good syndrome,Disease,['Adult'],[]
169142,Recurrent infections due to specific granule deficiency,Disease,"['Infancy', 'Neonatal']",['Autosomal recessive']
169154,T-B+ severe combined immunodeficiency due to IL-7Ralpha deficiency,Disease,['Infancy'],['Autosomal recessive']
169157,T-B+ severe combined immunodeficiency due to CD45 deficiency,Disease,['Infancy'],['Autosomal recessive']
169160,T-B+ severe combined immunodeficiency due to CD3delta/CD3epsilon/CD3zeta,Disease,['Infancy'],['Autosomal recessive']
169186,Autosomal recessive centronuclear myopathy,Disease,"['Childhood', 'Infancy', 'Neonatal']",['Autosomal recessive']
169189,Autosomal dominant centronuclear myopathy,Disease,"['Adolescent', 'Adult', 'Childhood', 'Infancy', 'Neonatal']",['Autosomal dominant']
169464,Primary CD59 deficiency,Disease,"['Infancy', 'Neonatal']",['Autosomal recessive']
169793,Severe hemophilia B,Clinical subtype,"['Infancy', 'Neonatal']",['X-linked recessive']
169796,Moderate hemophilia B,Clinical subtype,"['Infancy', 'Neonatal']",['X-linked recessive']
169799,Mild hemophilia B,Clinical subtype,"['Infancy', 'Neonatal']",['X-linked recessive']
169802,Severe hemophilia A,Clinical subtype,"['Infancy', 'Neonatal']",['X-linked recessive']
169805,Moderate hemophilia A,Clinical subtype,"['Infancy', 'Neonatal']",['X-linked recessive']
169808,Mild hemophilia A,Clinical subtype,"['Infancy', 'Neonatal']",['X-linked recessive']
171430,Severe congenital nemaline myopathy,Disease,"['Infancy', 'Neonatal']",['Autosomal recessive']
171433,Intermediate nemaline myopathy,Disease,['Neonatal'],"['Autosomal dominant', 'Autosomal recessive']"
171436,Typical nemaline myopathy,Disease,['Neonatal'],"['Autosomal dominant', 'Autosomal recessive']"
171439,Childhood-onset nemaline myopathy,Disease,['Childhood'],['Autosomal dominant']
171442,Adult-onset nemaline myopathy,Disease,['Adult'],['Not applicable']
171445,Muscle filaminopathy,Disease,['Adult'],['Autosomal dominant']
171607,X-linked spastic paraplegia type 34,Disease,"['Adolescent', 'Adult', 'Childhood']",['X-linked recessive']
171612,Autosomal dominant spastic paraplegia type 37,Disease,['All ages'],['Autosomal dominant']
171617,Autosomal dominant spastic paraplegia type 38,Disease,['Childhood'],['Autosomal dominant']
171622,Autosomal recessive spastic paraplegia type 32,Disease,['Childhood'],['Autosomal recessive']
171629,Autosomal recessive spastic paraplegia type 35,Disease,"['Adolescent', 'Childhood']",['Autosomal recessive']
171673,Limbal stem cell deficiency,Disease,"['Adolescent', 'Adult', 'Childhood', 'Elderly', 'Infancy']",['Not applicable']
171680,Lissencephaly due to TUBA1A mutation,Malformation syndrome,"['Antenatal', 'Neonatal']","['Autosomal dominant', 'Not applicable']"
171695,Parkinsonian-pyramidal syndrome,Disease,"['Adolescent', 'Adult']",['Autosomal recessive']
171700,Diffuse panbronchiolitis,Disease,['Adult'],['Multigenic/multifactorial']
171703,Microcephaly-polymicrogyria-corpus callosum agenesis syndrome,Malformation syndrome,"['Antenatal', 'Neonatal']",['Autosomal recessive']
171706,Short stature-delayed bone age due to thyroid hormone metabolism deficiency,Disease,"['Childhood', 'Infancy']",['Autosomal recessive']
171709,Male infertility due to globozoospermia,Clinical subtype,['Adult'],['Autosomal recessive']
171719,Cutis laxa-Marfanoid syndrome,Malformation syndrome,"['Infancy', 'Neonatal']",[]
171723,White sponge nevus,Disease,[],['Autosomal dominant']
171829,6q16 microdeletion syndrome,Disease,"['Antenatal', 'Infancy', 'Neonatal']",['Unknown']
171839,Craniosynostosis-hydrocephalus-Arnold-Chiari malformation type I-radioulnar synostosis syndrome,Malformation syndrome,['Neonatal'],[]
171844,Blindness-scoliosis-arachnodactyly syndrome,Malformation syndrome,"['Adolescent', 'Childhood']",['Autosomal dominant']
171848,Polyneuropathy-hearing loss-ataxia-retinitis pigmentosa-cataract syndrome,Disease,['Childhood'],['Autosomal recessive']
171851,MEDNIK syndrome,Disease,"['Antenatal', 'Infancy', 'Neonatal']",['Autosomal recessive']
171863,Autosomal dominant spastic paraplegia type 42,Disease,"['Adolescent', 'Adult', 'Childhood']",['Autosomal dominant']
171866,"Spondyloepimetaphyseal dysplasia, aggrecan type",Disease,"['Infancy', 'Neonatal']",['Autosomal recessive']
171871,Renal pseudohypoaldosteronism type 1,Clinical subtype,"['Infancy', 'Neonatal']",['Autosomal dominant']
171876,Generalized pseudohypoaldosteronism type 1,Clinical subtype,"['Infancy', 'Neonatal']",['Autosomal recessive']
171881,Cap myopathy,Disease,"['Childhood', 'Infancy', 'Neonatal']",['Autosomal dominant']
171929,Trisomy 10p syndrome,Malformation syndrome,"['Infancy', 'Neonatal']",[]
174590,Congenital hypogonadotropic hypogonadism,Category,"['Infancy', 'Neonatal']","['Autosomal dominant', 'Autosomal recessive', 'X-linked recessive']"
177901,Prader-Willi syndrome due to paternal deletion of 15q11q13 type 1,Etiological subtype,"['Antenatal', 'Neonatal']",['Autosomal dominant']
177904,Prader-Willi syndrome due to paternal deletion of 15q11q13 type 2,Etiological subtype,"['Antenatal', 'Neonatal']",['Autosomal dominant']
177907,Prader-Willi syndrome due to translocation,Etiological subtype,"['Antenatal', 'Neonatal']",['Not applicable']
177910,Prader-Willi syndrome due to imprinting mutation,Etiological subtype,"['Antenatal', 'Neonatal']",['Not applicable']
177926,Bleeding disorder in hemophilia A carriers,Clinical subtype,['All ages'],['X-linked recessive']
177929,Bleeding disorder in hemophilia B carriers,Clinical subtype,[],['X-linked recessive']
178029,Arginine vasopressin deficiency,Disease,['Childhood'],"['Autosomal dominant', 'Autosomal recessive', 'X-linked dominant']"
178145,Moderate multiminicore disease with hand involvement,Clinical subtype,"['Childhood', 'Infancy', 'Neonatal']",[]
178148,Antenatal multiminicore disease with arthrogryposis multiplex congenita,Clinical subtype,['Antenatal'],[]
178303,8q22.1 microdeletion syndrome,Malformation syndrome,"['Infancy', 'Neonatal']","['Not applicable', 'Unknown']"
178307,Reticulate acropigmentation of Kitamura,Disease,"['Adolescent', 'Adult', 'Childhood']",['Autosomal dominant']
178320,Acute lung injury,Particular clinical situation in a disease or syndrome,['All ages'],['Not applicable']
178333,Åland Islands eye disease,Disease,"['Infancy', 'Neonatal']",['X-linked recessive']
178338,UV-sensitive syndrome,Disease,['Infancy'],['Autosomal recessive']
178345,Aromatase excess syndrome,Disease,"['Adolescent', 'Childhood']",['Autosomal dominant']
178355,Smith-McCort dysplasia,Disease,['Childhood'],['Autosomal recessive']
178364,Syndromic microphthalmia type 5,Malformation syndrome,"['Antenatal', 'Neonatal']",['Autosomal dominant']
178377,Osteosclerosis-developmental delay-craniosynostosis syndrome,Malformation syndrome,"['Infancy', 'Neonatal']",['Autosomal dominant']
178382,Congenital vertical talus,Morphological anomaly,"['Infancy', 'Neonatal']",['Autosomal dominant']
178389,Osteopetrosis-hypogammaglobulinemia syndrome,Disease,"['Infancy', 'Neonatal']",['Autosomal recessive']
178396,Hemorrhagic disease due to alpha-1-antitrypsin Pittsburgh mutation,Disease,['Adolescent'],"['Autosomal dominant', 'Not applicable']"
178400,Distal myopathy with anterior tibial onset,Disease,"['Adolescent', 'Adult']",[]
178461,X-linked myopathy with postural muscle atrophy,Disease,['Adult'],['X-linked recessive']
178464,Hereditary myopathy with early respiratory failure,Disease,['Adult'],['Autosomal dominant']
178469,Autosomal dominant non-syndromic intellectual disability,Etiological subtype,"['Childhood', 'Infancy']",['Autosomal dominant']
178475,Wound botulism,Etiological subtype,['All ages'],[]
178478,Infant botulism,Clinical subtype,"['Infancy', 'Neonatal']",[]
178481,Intestinal botulism,Clinical subtype,['All ages'],[]
178487,Adult intestinal botulism,Clinical subtype,['Adult'],[]
178506,"Brain calcification, Rajab type",Disease,"['Adolescent', 'Adult', 'Childhood', 'Elderly']",['Autosomal recessive']
178509,Perry syndrome,Disease,['Adult'],['Autosomal dominant']
178512,Folliculotropic mycosis fungoides,Disease,['Adult'],['Not applicable']
178517,Localized pagetoid reticulosis,Disease,['Adult'],['Not applicable']
178566,Mycosis fungoides and variants,Clinical group,['Adult'],['Not applicable']
179494,Obesity due to leptin receptor gene deficiency,Etiological subtype,"['Childhood', 'Infancy']",['Autosomal recessive']
180176,Familial juvenile hypertrophy of the breast,Morphological anomaly,[],['Not applicable']
180226,Embryonal carcinoma,Disease,"['Adolescent', 'Childhood']",['Not applicable']
180229,Polyembryoma,Disease,"['Adolescent', 'Adult']",['Not applicable']
180234,Mixed germ cell tumor,Disease,"['Adolescent', 'Adult', 'Childhood']",['Not applicable']
180242,Malignant tumor of fallopian tubes,Disease,"['Adult', 'Elderly']",['Not applicable']
180247,Vaginal carcinoma,Disease,"['Adult', 'Elderly']",[]
180261,Phyllodes tumor of the breast,Disease,['Adult'],[]
180275,Paget disease of the nipple,Disease,['Adult'],[]
181428,Familial Hyperalphalipoproteinemia,Biological anomaly,[],['Autosomal dominant']
182050,MYH9-related disease,Disease,"['Adolescent', 'Adult', 'Childhood', 'Infancy', 'Neonatal']",['Autosomal dominant']
182090,Pulmonary arterial hypertension,Category,['All ages'],"['Autosomal dominant', 'Not applicable']"
183422,Polymalformative genetic syndrome with increased risk of developing cancer,Category,['All ages'],"['Autosomal dominant', 'Autosomal recessive']"
183660,Severe combined immunodeficiency,Clinical group,"['Infancy', 'Neonatal']","['Autosomal recessive', 'X-linked recessive']"
183675,Recurrent infections associated with rare immunoglobulin isotypes deficiency,Disease,['Childhood'],['Unknown']
183678,Hermansky-Pudlak syndrome due to AP-3 deficiency,Clinical subtype,['Neonatal'],['Autosomal recessive']
183707,Infantile LAD-like disease due to RAC2 deficiency,Disease,"['Infancy', 'Neonatal']",['Unknown']
189427,Cushing syndrome due to bilateral macronodular adrenocortical disease,Disease,['All ages'],"['Autosomal dominant', 'Not applicable']"
189466,Familial isolated hypoparathyroidism due to impaired PTH secretion,Clinical subtype,[],"['Autosomal dominant', 'Autosomal recessive']"
199241,Pulmonary capillary hemangiomatosis,Disease,['All ages'],"['Autosomal dominant', 'Autosomal recessive', 'Not applicable']"
199244,Nelson syndrome,Clinical syndrome,"['Adult', 'Elderly']",[]
199247,Corticosteroid-binding globulin deficiency,Disease,['Adult'],['Semi-dominant']
199251,Ledderhose disease,Disease,['Adult'],[]
199267,Infantile digital fibromatosis,Disease,"['Childhood', 'Infancy', 'Neonatal']",[]
199276,Familial multiple lipomatosis,Disease,"['Adolescent', 'Adult', 'Infancy']",[]
199282,Harlequin syndrome,Disease,['All ages'],['Not applicable']
199285,Hereditary hypercarotenemia and vitamin A deficiency,Disease,"['Childhood', 'Infancy']",['Autosomal dominant']
199293,Congenital microgastria,Morphological anomaly,"['Antenatal', 'Infancy', 'Neonatal']",[]
199296,Congenital isolated ACTH deficiency,Disease,['Neonatal'],['Autosomal recessive']
199299,Late-onset isolated ACTH deficiency,Disease,['Adult'],['Not applicable']
199302,Isolated cleft lip,Morphological anomaly,"['Infancy', 'Neonatal']",['Multigenic/multifactorial']
199306,Cleft lip/palate,Morphological anomaly,"['Infancy', 'Neonatal']",['Multigenic/multifactorial']
199310,Tetragametic chimerism syndrome,Malformation syndrome,"['Infancy', 'Neonatal']","['Not applicable', 'Unknown']"
199315,Familial clubfoot with or without associated lower limb anomalies,Malformation syndrome,"['Infancy', 'Neonatal']",['Autosomal dominant']
199318,15q13.3 microdeletion syndrome,Malformation syndrome,['Childhood'],"['Autosomal dominant', 'Not applicable']"
199326,"Isolated autosomal dominant hypomagnesemia, Glaudemans type",Disease,"['Infancy', 'Neonatal']",['Autosomal dominant']
199329,"Congenital myopathy, Paradas type",Disease,"['Infancy', 'Neonatal']",['Autosomal recessive']
199332,Endocrine-cerebro-osteodysplasia syndrome,Malformation syndrome,"['Infancy', 'Neonatal']",['Autosomal recessive']
199337,Pancreatic insufficiency-anemia-hyperostosis syndrome,Disease,"['Infancy', 'Neonatal']",['Autosomal recessive']
199340,"Muscular dystrophy, Selcen type",Disease,"['Adolescent', 'Childhood']",['Autosomal dominant']
199343,EAST syndrome,Disease,"['Infancy', 'Neonatal']",['Autosomal recessive']
199348,Thiamine-responsive encephalopathy,Disease,['Adolescent'],['Autosomal recessive']
199351,Adult-onset dystonia-parkinsonism,Disease,"['Adolescent', 'Adult']",['Autosomal recessive']
199354,Cerebral autosomal recessive arteriopathy-subcortical infarcts-leukoencephalopathy,Disease,"['Adolescent', 'Adult']",['Autosomal recessive']
199642,Isolated congenital microcephaly,Malformation syndrome,"['Antenatal', 'Neonatal']",[]
200418,Immunodeficiency with factor I anomaly,Disease,"['Adolescent', 'Adult', 'Childhood']",['Autosomal recessive']
206428,Hypoxanthine-guanine phosphoribosyltransferase deficiency,Clinical group,['All ages'],['X-linked recessive']
206436,Infantile Krabbe disease,Clinical subtype,['Infancy'],[]
206443,Late-infantile/juvenile Krabbe disease,Clinical subtype,"['Adolescent', 'Childhood', 'Infancy']",[]
206448,Adult Krabbe disease,Clinical subtype,['Adult'],[]
206470,Cystadenoma of childhood,Disease,['Childhood'],[]
206484,Gonadoblastoma,Disease,['Adolescent'],[]
206538,Malignant non-dysgerminomatous germ cell tumor of ovary,Disease,['Adolescent'],['Unknown']
206546,Symptomatic form of muscular dystrophy of Duchenne and Becker in female carriers,Disease,['Adult'],['X-linked recessive']
206549,Anoctamin-5-related limb-girdle muscular dystrophy R12,Disease,"['Adolescent', 'Adult', 'Childhood']",['Autosomal recessive']
206554,Fukutin-related limb-girdle muscular dystrophy R13,Disease,['Infancy'],['Autosomal recessive']
206559,POMT2-related limb-girdle muscular dystrophy R14,Disease,['Infancy'],['Autosomal recessive']
206564,POMGNT1-related limb-girdle muscular dystrophy R15,Disease,"['Adolescent', 'Childhood']",['Autosomal recessive']
206569,Immune-mediated necrotizing myopathy,Disease,"['Adolescent', 'Adult', 'Childhood', 'Elderly']",['Not applicable']
206572,Overlap myositis,Disease,['Adult'],['Not applicable']
206575,Rippling muscle disease with myasthenia gravis,Disease,[],['Not applicable']
206580,Autosomal recessive lower motor neuron disease with childhood onset,Disease,['Childhood'],['Autosomal recessive']
206583,Adult polyglucosan body disease,Clinical subtype,['Adult'],['Autosomal recessive']
206594,Subacute inflammatory demyelinating polyneuropathy,Disease,['All ages'],[]
206599,Isolated asymptomatic elevation of creatine phosphokinase,Biological anomaly,['All ages'],[]
206650,Autosomal dominant distal myopathy,Category,[],['Autosomal dominant']
206653,Autosomal recessive distal myopathy,Category,[],['Autosomal recessive']
206991,Viral myositis,Disease,['All ages'],[]
206994,Bacterial myositis,Disease,['All ages'],[]
206997,Parasitic myositis,Category,['All ages'],[]
207000,Fungal myositis,Disease,['All ages'],[]
208441,Bilateral parasagittal parieto-occipital polymicrogyria,Clinical subtype,"['Antenatal', 'Infancy', 'Neonatal']",['Autosomal recessive']
208444,Bilateral frontal polymicrogyria,Clinical subtype,"['Antenatal', 'Infancy', 'Neonatal']",[]
208447,Bilateral generalized polymicrogyria,Clinical subtype,"['Antenatal', 'Infancy', 'Neonatal']",[]
208508,Autosomal dominant cerebellar ataxia type II,Clinical group,[],['Autosomal dominant']
208513,Spinocerebellar ataxia type 29,Disease,"['Infancy', 'Neonatal']","['Autosomal dominant', 'Autosomal recessive']"
208650,NLRP3-associated autoinflammatory disease,Clinical group,"['Adolescent', 'Childhood', 'Infancy', 'Neonatal']","['Autosomal dominant', 'Not applicable']"
209004,Axonal polyneuropathy associated with IgG/IgM/IgA monoclonal gammopathy,Disease,"['Adult', 'Elderly']",['Not applicable']
209335,Autosomal dominant adult-onset proximal spinal muscular atrophy,Disease,"['Adult', 'Elderly']",['Autosomal dominant']
209341,DYNC1H1-related autosomal dominant childhood-onset proximal spinal muscular atrophy,Etiological subtype,"['Adult', 'Antenatal', 'Childhood', 'Infancy', 'Neonatal']",['Autosomal dominant']
209370,Severe neonatal-onset encephalopathy with microcephaly,Disease,"['Infancy', 'Neonatal']",['X-linked recessive']
209867,Autosomal dominant rhegmatogenous retinal detachment,Disease,['Adult'],['Autosomal dominant']
209902,Hypercholesterolemia due to cholesterol 7alpha-hydroxylase deficiency,Disease,['Adult'],['Semi-dominant']
209905,Brain-lung-thyroid syndrome,Disease,"['Infancy', 'Neonatal']",['Autosomal dominant']
209908,Isolated childhood apraxia of speech,Disease,['Childhood'],['Autosomal dominant']
209916,Extraskeletal myxoid chondrosarcoma,Disease,['Adult'],['Not applicable']
209919,Idiopathic copper-associated cirrhosis,Disease,['Childhood'],['Unknown']
209932,Cone dystrophy with supernormal rod response,Disease,"['Adolescent', 'Adult', 'Childhood']",['Autosomal recessive']
209943,IRVAN syndrome,Disease,"['Adolescent', 'Adult', 'Childhood']",['Not applicable']
209951,Autosomal spastic paraplegia type 18,Disease,"['Childhood', 'Infancy']","['Autosomal dominant', 'Autosomal recessive']"
209956,Idiopathic uveal effusion syndrome,Disease,['Adult'],['Unknown']
209959,Phacoanaphylactic uveitis,Disease,['Adult'],['Not applicable']
209964,Solitary rectal ulcer syndrome,Disease,['Adult'],['Not applicable']
209967,Episodic ataxia type 6,Disease,['Childhood'],['Autosomal dominant']
209970,Episodic ataxia type 7,Disease,['Childhood'],['Autosomal dominant']
209973,Benign nocturnal alternating hemiplegia of childhood,Disease,"['Childhood', 'Infancy']",['Unknown']
209981,IRIDA syndrome,Disease,"['Infancy', 'Neonatal']",['Autosomal recessive']
209989,Non-papillary transitional cell carcinoma of the bladder,Disease,"['Adult', 'Elderly']",['Not applicable']
210110,Intermediate osteopetrosis,Malformation syndrome,['Childhood'],['Autosomal recessive']
210115,Sterile multifocal osteomyelitis with periostitis and pustulosis,Disease,"['Infancy', 'Neonatal']",['Autosomal recessive']
210122,Congenital alveolar capillary dysplasia,Disease,"['Infancy', 'Neonatal']",['Autosomal dominant']
210128,Urocanic aciduria,Disease,"['Infancy', 'Neonatal']",['Autosomal recessive']
210133,Leukonychia totalis-acanthosis-nigricans-like lesions-abnormal hair syndrome,Disease,"['Infancy', 'Neonatal']",['Autosomal dominant']
210136,Pulmonary fibrosis-hepatic hyperplasia-bone marrow hypoplasia syndrome,Disease,['Adult'],['Unknown']
210141,Inherited congenital spastic tetraplegia,Disease,"['Infancy', 'Neonatal']","['Autosomal recessive', 'Unknown']"
210144,"Lethal polymalformative syndrome, Boissel type",Malformation syndrome,"['Infancy', 'Neonatal']",['Autosomal recessive']
210159,Adult hepatocellular carcinoma,Disease,"['Adult', 'Elderly']",['Not applicable']
210163,"Congenital lethal myopathy, Compton-North type",Disease,"['Antenatal', 'Neonatal']",['Autosomal recessive']
210272,Mal de débarquement,Clinical syndrome,['All ages'],['Not applicable']
210548,Macrocephaly-intellectual disability-autism syndrome,Disease,"['Infancy', 'Neonatal']",['Autosomal dominant']
210571,Dystonia 16,Disease,"['Childhood', 'Infancy']",['Autosomal recessive']
210584,Spindle cell hemangioma,Disease,"['Adolescent', 'Adult', 'Childhood', 'Elderly']",['Not applicable']
211017,Spinocerebellar ataxia type 30,Disease,"['Adult', 'Elderly']",['Autosomal dominant']
211037,Autosomal dominant proximal spinal muscular atrophy,Clinical group,[],['Autosomal dominant']
211067,Episodic ataxia type 5,Disease,['All ages'],['Autosomal dominant']
213504,Adenocarcinoma of ovary,Disease,['Adult'],['Not applicable']
213512,Malignant mixed Müllerian tumor of the ovary,Disease,['Adult'],[]
213528,Rare adenocarcinoma of the breast,Disease,['Adult'],[]
213531,Metaplastic carcinoma of the breast,Disease,['Adult'],[]
213557,Salivary gland type cancer of the breast,Disease,['Adult'],[]
213716,Squamous cell carcinoma of the corpus uteri,Disease,['Adult'],[]
213746,Transitional cell carcinoma of the corpus uteri,Disease,['Adult'],[]
213751,Malignant germ cell tumor of the corpus uteri,Disease,"['Adult', 'Elderly']",[]
213767,Squamous cell carcinoma of the cervix uteri,Disease,['Adult'],[]
213772,Adenocarcinoma of the cervix uteri,Disease,['Adult'],['Not applicable']
213777,High-grade neuroendocrine carcinoma of the cervix uteri,Disease,"['Adult', 'Elderly']",[]
213787,Carcinosarcoma of the cervix uteri,Disease,"['Adult', 'Elderly']",[]
213792,Adenosarcoma of the cervix uteri,Disease,"['Adolescent', 'Adult', 'Elderly']",[]
213802,Rhabdomyosarcoma of the cervix uteri,Disease,"['Adolescent', 'Adult', 'Childhood']",[]
213807,Leiomyosarcoma of the cervix uteri,Disease,"['Adult', 'Elderly']",[]
213812,Primitive neuroectodermal tumor of the cervix uteri,Disease,['Adult'],[]
216675,Transposition of the great arteries,Category,"['Infancy', 'Neonatal']","['Multigenic/multifactorial', 'Not applicable']"
216694,Congenitally corrected transposition of the great arteries,Morphological anomaly,['All ages'],['Not applicable']
216718,Isolated congenitally uncorrected transposition of the great arteries,Clinical subtype,"['Infancy', 'Neonatal']","['Multigenic/multifactorial', 'Not applicable']"
216729,Congenitally uncorrected transposition of the great arteries with cardiac malformation,Clinical subtype,"['Infancy', 'Neonatal']","['Multigenic/multifactorial', 'Not applicable']"
216796,Osteogenesis imperfecta type 1,Clinical subtype,['Childhood'],['Autosomal dominant']
216804,Osteogenesis imperfecta type 2,Clinical subtype,"['Antenatal', 'Neonatal']","['Autosomal dominant', 'Autosomal recessive']"
216812,Osteogenesis imperfecta type 3,Clinical subtype,"['Infancy', 'Neonatal']","['Autosomal dominant', 'Autosomal recessive', 'X-linked recessive']"
216820,Osteogenesis imperfecta type 4,Clinical subtype,"['Infancy', 'Neonatal']","['Autosomal dominant', 'Autosomal recessive', 'X-linked recessive']"
216828,Osteogenesis imperfecta type 5,Clinical subtype,"['Infancy', 'Neonatal']","['Autosomal dominant', 'Autosomal recessive']"
216866,Classic pantothenate kinase-associated neurodegeneration,Clinical subtype,"['Infancy', 'Neonatal']",[]
216873,Atypical pantothenate kinase-associated neurodegeneration,Clinical subtype,['Childhood'],[]
216972,"Niemann-Pick disease type C, severe perinatal form",Clinical subtype,"['Antenatal', 'Neonatal']",['Autosomal recessive']
216975,"Niemann-Pick disease type C, severe early infantile neurologic onset",Clinical subtype,"['Infancy', 'Neonatal']",['Autosomal recessive']
216978,"Niemann-Pick disease type C, late infantile neurologic onset",Clinical subtype,['Childhood'],['Autosomal recessive']
216981,"Niemann-Pick disease type C, juvenile neurologic onset",Clinical subtype,['Childhood'],['Autosomal recessive']
216986,"Niemann-Pick disease type C, adult neurologic onset",Clinical subtype,['Childhood'],['Autosomal recessive']
217008,Bockenheimer syndrome,Malformation syndrome,"['Childhood', 'Neonatal']",['Not applicable']
217012,Spinocerebellar ataxia type 31,Disease,"['Adolescent', 'Adult', 'Childhood', 'Elderly']",['Autosomal dominant']
217017,Zechi-Ceide syndrome,Malformation syndrome,"['Infancy', 'Neonatal']",['Autosomal recessive']
217026,"Microcephaly-facio-cardio-skeletal syndrome, Hadziselimovic type",Malformation syndrome,"['Infancy', 'Neonatal']",['Unknown']
217055,Autosomal recessive intermediate Charcot-Marie-Tooth disease type A,Disease,['Childhood'],['Autosomal recessive']
217059,Isolated nail clubbing,Morphological anomaly,"['Infancy', 'Neonatal']","['Autosomal dominant', 'Autosomal recessive']"
217064,5-fluorouracil poisoning,Particular clinical situation in a disease or syndrome,"['Adult', 'Elderly']",['Not applicable']
217067,Pouchitis,Particular clinical situation in a disease or syndrome,['All ages'],['Not applicable']
217071,Renal cell carcinoma,Clinical group,['Adult'],['Not applicable']
217074,Rare carcinoma of pancreas,Category,['Adult'],['Not applicable']
217080,Pulmonary fungal infections in patients deemed at risk,Particular clinical situation in a disease or syndrome,['All ages'],['Not applicable']
217085,"Mucopolysaccharidosis type 2, severe form",Clinical subtype,['Childhood'],['X-linked recessive']
217093,"Mucopolysaccharidosis type 2, attenuated form",Clinical subtype,['Childhood'],['X-linked recessive']
217253,NMDA receptor encephalitis,Disease,['All ages'],['Not applicable']
217260,Progressive multifocal leukoencephalopathy,Disease,['All ages'],['Not applicable']
217266,BNAR syndrome,Malformation syndrome,"['Antenatal', 'Neonatal']",['Autosomal recessive']
217330,REN-related autosomal dominant tubulointerstitial kidney disease,Clinical subtype,"['Adolescent', 'Adult', 'Childhood', 'Infancy']",['Autosomal dominant']
217335,RIN2 syndrome,Malformation syndrome,"['Infancy', 'Neonatal']",['Autosomal recessive']
217340,17q21.31 microduplication syndrome,Malformation syndrome,"['Infancy', 'Neonatal']","['Not applicable', 'Unknown']"
217346,19q13.11 microdeletion syndrome,Malformation syndrome,"['Infancy', 'Neonatal']","['Not applicable', 'Unknown']"
217371,Acute infantile liver failure due to synthesis defect of mtDNA-encoded proteins,Disease,"['Infancy', 'Neonatal']",['Autosomal recessive']
217377,Microduplication Xp11.22p11.23 syndrome,Malformation syndrome,"['Infancy', 'Neonatal']","['Not applicable', 'X-linked dominant']"
217382,Neurodegenerative syndrome due to cerebral folate transport deficiency,Disease,['Childhood'],['Autosomal recessive']
217385,17p13.3 microduplication syndrome,Malformation syndrome,"['Infancy', 'Neonatal']","['Not applicable', 'Unknown']"
217390,Combined immunodeficiency due to DOCK8 deficiency,Disease,"['Infancy', 'Neonatal']",['Autosomal recessive']
217396,Progressive polyneuropathy with bilateral striatal necrosis,Disease,['Childhood'],['Autosomal recessive']
217399,Congenital insensitivity to pain-hyperhidrosis-absence of cutaneous sensory innervation,Disease,"['Infancy', 'Neonatal']",['Unknown']
217407,Hereditary hypotrichosis with recurrent skin vesicles,Disease,"['Infancy', 'Neonatal']",['Autosomal recessive']
217467,Hereditary thrombophilia due to congenital histidine-rich (poly-L) glycoprotein deficiency,Disease,[],['Autosomal dominant']
217557,Pulmonary interstitial glycogenosis,Disease,"['Infancy', 'Neonatal']",['Not applicable']
217560,Neuroendocrine cell hyperplasia of infancy,Disease,"['Infancy', 'Neonatal']",['Not applicable']
217563,Neonatal acute respiratory distress syndrome,Disease,['Neonatal'],['Autosomal recessive']
217566,Chronic respiratory distress with surfactant metabolism deficiency,Disease,['All ages'],['Autosomal dominant']
217604,Dilated cardiomyopathy,Category,['All ages'],[]
217622,Sensorineural deafness with dilated cardiomyopathy,Disease,['Childhood'],['Autosomal dominant']
217656,Inherited isolated arrhythmogenic cardiomyopathy,Disease,['No data available'],['Autosomal dominant']
220295,Xeroderma pigmentosum-Cockayne syndrome complex,Disease,"['Infancy', 'Neonatal']",['Autosomal recessive']
220386,Semilobar holoprosencephaly,Clinical subtype,"['Infancy', 'Neonatal']","['Multigenic/multifactorial', 'Not applicable']"
220393,Diffuse cutaneous systemic sclerosis,Clinical subtype,['Adult'],"['Multigenic/multifactorial', 'Not applicable']"
220402,Limited cutaneous systemic sclerosis,Clinical subtype,['Adult'],"['Multigenic/multifactorial', 'Not applicable']"
220407,Limited systemic sclerosis,Clinical subtype,['Adult'],['Not applicable']
220436,Quebec platelet disorder,Disease,['Adult'],['Autosomal dominant']
220448,Macrothrombocytopenia with mitral valve insufficiency,Disease,['Childhood'],[]
220460,Attenuated familial adenomatous polyposis,Disease,['Adult'],"['Autosomal dominant', 'Autosomal recessive']"
220465,Laron syndrome with immunodeficiency,Disease,"['Childhood', 'Infancy', 'Neonatal']",['Autosomal recessive']
220489,Rare hereditary hemochromatosis,Category,['All ages'],"['Autosomal dominant', 'Autosomal recessive']"
220493,Joubert syndrome with ocular defect,Malformation syndrome,"['Infancy', 'Neonatal']",['Autosomal recessive']
220497,Joubert syndrome with renal defect,Malformation syndrome,"['Infancy', 'Neonatal']",['Autosomal recessive']
221008,Rothmund-Thomson syndrome type 1,Clinical subtype,"['Infancy', 'Neonatal']",['Autosomal recessive']
221016,Rothmund-Thomson syndrome type 2,Clinical subtype,"['Infancy', 'Neonatal']",['Autosomal recessive']
221039,"Hereditary sclerosing poikiloderma, Weary type",Disease,['Childhood'],[]
221043,Hereditary fibrosing poikiloderma-tendon contractures-myopathy-pulmonary fibrosis syndrome,Disease,['Infancy'],['Autosomal dominant']
221046,Poikiloderma with neutropenia,Disease,"['Childhood', 'Infancy', 'Neonatal']",['Autosomal recessive']
221054,Acrocephalopolydactyly,Malformation syndrome,"['Infancy', 'Neonatal']",['Autosomal recessive']
221061,Familial cerebral cavernous malformation,Malformation syndrome,['All ages'],['Autosomal dominant']
221074,Marchiafava-Bignami disease,Disease,['Adult'],[]
221091,Trigeminal neuralgia,Disease,"['Adolescent', 'Adult', 'Elderly']",['Not applicable']
221098,Glossopharyngeal neuralgia,Disease,"['Adolescent', 'Adult', 'Elderly']",[]
221120,Pseudoaminopterin syndrome,Malformation syndrome,"['Antenatal', 'Neonatal']",[]
221126,Fowler vasculopathy,Malformation syndrome,"['Antenatal', 'Neonatal']",['Autosomal recessive']
221139,Combined immunodeficiency with facio-oculo-skeletal anomalies,Disease,['Neonatal'],[]
221142,Confetti-like macular atrophy,Disease,['Adult'],[]
221145,"Cutis laxa with severe pulmonary, gastrointestinal and urinary anomalies",Malformation syndrome,['Neonatal'],['Autosomal recessive']
225123,TFR2-related hemochromatosis,Disease,"['Adolescent', 'Adult']",['Autosomal recessive']
225147,Sporadic infantile bilateral striatal necrosis,Disease,['All ages'],['Not applicable']
225154,Familial infantile bilateral striatal necrosis,Disease,"['Infancy', 'Neonatal']","['Autosomal dominant', 'Autosomal recessive', 'Mitochondrial inheritance']"
226292,Permanent congenital hypothyroidism,Category,"['Infancy', 'Neonatal']","['Autosomal recessive', 'Not applicable']"
226307,Hypothyroidism due to deficient transcription factors involved in pituitary development or function,Disease,['Infancy'],"['Autosomal dominant', 'Autosomal recessive']"
226313,Congenital hypothyroidism due to maternal intake of antithyroid drugs,Disease,"['Infancy', 'Neonatal']",[]
226316,Genetic transient congenital hypothyroidism,Disease,"['Infancy', 'Neonatal']",[]
227510,"Multiple system atrophy, cerebellar type",Clinical subtype,['Adult'],['Not applicable']
227535,Hereditary breast cancer,Disease,"['Adult', 'Elderly']","['Autosomal dominant', 'Multigenic/multifactorial']"
227796,Fundus albipunctatus,Disease,['Childhood'],"['Autosomal dominant', 'Autosomal recessive']"
227972,Toxic oil syndrome,Disease,['All ages'],['Not applicable']
227976,"Autosomal recessive optic atrophy, OPA7 type",Disease,['Childhood'],['Autosomal recessive']
227982,Autoimmune polyendocrinopathy type 3,Disease,['All ages'],['Multigenic/multifactorial']
227990,Autoimmune polyendocrinopathy type 4,Disease,['Adult'],['Multigenic/multifactorial']
228000,Idiopathic CD4 lymphocytopenia,Biological anomaly,['Adult'],['Not applicable']
228003,Severe combined immunodeficiency due to CORO1A deficiency,Disease,"['Childhood', 'Infancy', 'Neonatal']",['Autosomal recessive']
228012,Progressive sensorineural hearing loss-hypertrophic cardiomyopathy syndrome,Disease,['All ages'],['Autosomal dominant']
228113,Anal fistula,Particular clinical situation in a disease or syndrome,['All ages'],['Not applicable']
228116,Hughes-Stovin syndrome,Disease,['Adult'],['Not applicable']
228119,Fusariosis,Disease,['All ages'],['Not applicable']
228123,Coccidioidomycosis,Disease,['All ages'],['Not applicable']
228140,"Idiopathic ventricular fibrillation, non Brugada type",Disease,['All ages'],"['Autosomal dominant', 'Not applicable']"
228157,Marburg acute multiple sclerosis,Disease,['Adult'],['Multigenic/multifactorial']
228165,Baló concentric sclerosis,Disease,['Adult'],['Multigenic/multifactorial']
228169,Autosomal dominant striatal neurodegeneration,Disease,['Adult'],['Autosomal dominant']
228174,Autosomal dominant Charcot-Marie-Tooth disease type 2N,Disease,['All ages'],['Autosomal dominant']
228179,Autosomal dominant Charcot-Marie-Tooth disease type 2M,Disease,['All ages'],['Autosomal dominant']
228190,Patent ductus arteriosus-bicuspid aortic valve-hand anomalies syndrome,Malformation syndrome,"['Infancy', 'Neonatal']",['Autosomal dominant']
228227,Late-onset focal dermal elastosis,Disease,['Adult'],['Not applicable']
228236,Linear focal elastosis,Disease,['All ages'],['Not applicable']
228240,Elastoderma,Disease,"['Adolescent', 'Adult']",['Not applicable']
228243,Elastofibroma dorsi,Disease,['Adult'],['Not applicable']
228247,Acquired pseudoxanthoma elasticum,Disease,['Adult'],['Not applicable']
228254,Elastoma,Disease,['Childhood'],['Not applicable']
228264,Papular elastorrhexis,Disease,['All ages'],['Not applicable']
228272,Primary anetoderma,Disease,['All ages'],['Not applicable']
228277,Familial anetoderma,Disease,['All ages'],"['Autosomal dominant', 'Autosomal recessive']"
228285,Acquired cutis laxa,Disease,['All ages'],['Not applicable']
228290,White fibrous papulosis of the neck,Disease,['Adult'],['Not applicable']
228293,Pseudoxanthoma elasticum-like papillary dermal elastolysis,Disease,['Adult'],['Not applicable']
228299,Mid-dermal elastolysis,Disease,['Adult'],['Not applicable']
228302,"Carnitine palmitoyl transferase II deficiency, myopathic form",Clinical subtype,"['Adolescent', 'Adult', 'Childhood', 'Infancy']",['Autosomal recessive']
228305,"Carnitine palmitoyl transferase II deficiency, severe infantile form",Clinical subtype,"['Infancy', 'Neonatal']",['Autosomal recessive']
228308,"Carnitine palmitoyl transferase II deficiency, neonatal form",Clinical subtype,['Neonatal'],['Autosomal recessive']
228312,"Autoimmune hemolytic anemia, cold type",Clinical group,['All ages'],['Multigenic/multifactorial']
228371,Foodborne botulism,Clinical subtype,['All ages'],[]
228374,Charcot-Marie-Tooth disease type 2B5,Disease,"['Childhood', 'Infancy']",['Autosomal recessive']
228379,Virus-associated trichodysplasia spinulosa,Disease,['All ages'],['Not applicable']
228384,5q14.3 microdeletion syndrome,Etiological subtype,"['Infancy', 'Neonatal']","['Not applicable', 'Unknown']"
228387,Spondylo-megaepiphyseal-metaphyseal dysplasia,Disease,"['Infancy', 'Neonatal']",['Autosomal recessive']
228390,Frontonasal dysplasia-alopecia-genital anomalies syndrome,Malformation syndrome,"['Infancy', 'Neonatal']",['Autosomal recessive']
228396,Ptosis-upper ocular movement limitation-absence of lacrimal punctum syndrome,Malformation syndrome,"['Infancy', 'Neonatal']",['Autosomal recessive']
228399,8q12 microduplication syndrome,Malformation syndrome,"['Infancy', 'Neonatal']","['Not applicable', 'Unknown']"
228402,2q23.1 microdeletion syndrome,Malformation syndrome,"['Infancy', 'Neonatal']","['Not applicable', 'Unknown']"
228410,Cardiac anomalies-short stature-joint hypermobility-facial dysmorphism syndrome,Malformation syndrome,"['Infancy', 'Neonatal']",['Autosomal dominant']
228415,5q35 microduplication syndrome,Malformation syndrome,['Childhood'],"['Not applicable', 'Unknown']"
228423,GATA2 deficiency spectrum,Disease,['Adult'],"['Autosomal dominant', 'Not applicable']"
228426,Syndromic multisystem autoimmune disease due to Itch deficiency,Disease,"['Infancy', 'Neonatal']",['Autosomal recessive']
229717,Isolated agammaglobulinemia,Disease,"['Infancy', 'Neonatal']","['Autosomal dominant', 'Autosomal recessive', 'X-linked recessive']"
230800,Toxin-mediated infectious botulism,Clinical subtype,['All ages'],[]
230839,Classical-like Ehlers-Danlos syndrome type 1,Disease,"['Childhood', 'Infancy', 'Neonatal']",['Autosomal recessive']
230851,Cardiac-valvular Ehlers-Danlos syndrome,Disease,"['Infancy', 'Neonatal']",['Autosomal recessive']
230857,Ehlers-Danlos/osteogenesis imperfecta syndrome,Disease,"['Infancy', 'Neonatal']",['Autosomal dominant']
231013,Congenital trigeminal anesthesia,Disease,"['Infancy', 'Neonatal']",['Not applicable']
231031,Erythema palmare hereditarium,Disease,"['Infancy', 'Neonatal']",['Autosomal dominant']
231040,Familial generalized lentiginosis,Disease,['All ages'],"['Autosomal dominant', 'Unknown']"
231080,High-grade dysplasia in patients with Barrett esophagus,Particular clinical situation in a disease or syndrome,['All ages'],['Not applicable']
231108,Rhabdoid tumor predisposition syndrome,Disease,['Childhood'],['Autosomal dominant']
231111,Drug-induced lupus erythematosus,Disease,['All ages'],['Not applicable']
231117,Beckwith-Wiedemann syndrome due to imprinting defect of 11p15,Etiological subtype,"['Infancy', 'Neonatal']",[]
231120,Beckwith-Wiedemann syndrome due to CDKN1C mutation,Etiological subtype,"['Infancy', 'Neonatal']",['Autosomal dominant']
231127,Beckwith-Wiedemann syndrome due to 11p15 microdeletion,Etiological subtype,[],['Not applicable']
231130,Beckwith-Wiedemann syndrome due to 11p15 translocation/inversion,Etiological subtype,"['Infancy', 'Neonatal']",[]
231137,Silver-Russell syndrome due to 7p11.2p13 microduplication,Etiological subtype,"['Infancy', 'Neonatal']","['Autosomal dominant', 'Not applicable']"
231140,Silver-Russell syndrome due to an imprinting defect of 11p15,Etiological subtype,"['Antenatal', 'Neonatal']","['Not applicable', 'Unknown']"
231144,Silver-Russell syndrome due to 11p15 microduplication,Etiological subtype,"['Antenatal', 'Neonatal']","['Autosomal dominant', 'Not applicable']"
231147,Silver-Russell syndrome due to maternal uniparental disomy of chromosome 11,Etiological subtype,"['Infancy', 'Neonatal']","['Not applicable', 'Unknown']"
231154,Combined immunodeficiency due to partial RAG1 deficiency,Disease,"['Infancy', 'Neonatal']",['Autosomal recessive']
231160,Familial cerebral saccular aneurysm,Disease,['All ages'],"['Autosomal dominant', 'Autosomal recessive']"
231169,Usher syndrome type 1,Clinical subtype,"['Infancy', 'Neonatal']",['Autosomal recessive']
231178,Usher syndrome type 2,Clinical subtype,"['Infancy', 'Neonatal']",['Autosomal recessive']
231183,Usher syndrome type 3,Clinical subtype,"['Adolescent', 'Childhood']",['Autosomal recessive']
231214,Beta-thalassemia major,Clinical subtype,"['Infancy', 'Neonatal']",['Autosomal recessive']
231222,Beta-thalassemia intermedia,Clinical subtype,['Childhood'],['Autosomal recessive']
231226,Dominant beta-thalassemia,Clinical subtype,['Childhood'],['Autosomal dominant']
231230,Beta-thalassemia associated with another hemoglobin anomaly,Category,['All ages'],"['Autosomal dominant', 'Autosomal recessive']"
231237,Delta-beta-thalassemia,Disease,"['Infancy', 'Neonatal']",['Autosomal recessive']
231242,Hemoglobin C-beta-thalassemia syndrome,Disease,"['Adolescent', 'Adult', 'Childhood', 'Infancy']",['Autosomal recessive']
231249,Hemoglobin E-beta-thalassemia syndrome,Disease,"['Adolescent', 'Adult', 'Childhood', 'Infancy']",['Autosomal recessive']
231393,Beta-thalassemia-X-linked thrombocytopenia syndrome,Disease,['No data available'],['X-linked recessive']
231401,Alpha-thalassemia-myelodysplastic syndrome,Disease,['Adult'],['Not applicable']
231413,Variant of Guillain-Barré syndrome,Category,['All ages'],"['Multigenic/multifactorial', 'Not applicable']"
231416,Regional variant of Guillain-Barré syndrome,Clinical group,['All ages'],"['Multigenic/multifactorial', 'Not applicable']"
231419,Functional variant of Guillain-Barré syndrome,Clinical group,['All ages'],"['Multigenic/multifactorial', 'Not applicable']"
231426,Pharyngeal-cervical-brachial variant of Guillain-Barré syndrome,Disease,['All ages'],"['Multigenic/multifactorial', 'Not applicable']"
231445,Paraparetic variant of Guillain-Barré syndrome,Disease,['All ages'],"['Multigenic/multifactorial', 'Not applicable']"
231450,Acute pure sensory neuropathy,Disease,['All ages'],"['Multigenic/multifactorial', 'Not applicable']"
231457,Acute pandysautonomia,Disease,['All ages'],"['Multigenic/multifactorial', 'Not applicable']"
231466,Acute sensory ataxic neuropathy,Disease,['All ages'],"['Multigenic/multifactorial', 'Not applicable']"
231500,Hermansky-Pudlak syndrome due to BLOC-3 deficiency,Clinical subtype,"['Infancy', 'Neonatal']",['Autosomal recessive']
231512,Hermansky-Pudlak syndrome due to BLOC-2 deficiency,Clinical subtype,"['Infancy', 'Neonatal']",['Autosomal recessive']
231556,Late-onset localized junctional epidermolysis bullosa-intellectual disability syndrome,Disease,['Childhood'],['Unknown']
231568,Autosomal dominant generalized dystrophic epidermolysis bullosa,Disease,"['Infancy', 'Neonatal']",['Autosomal dominant']
231573,Congenital erosive and vesicular dermatosis,Disease,"['Infancy', 'Neonatal']",['Not applicable']
231580,Primary unilateral adrenal hyperplasia,Disease,['All ages'],['Not applicable']
231625,Adrenocortical carcinoma with pure aldosterone hypersecretion,Disease,['All ages'],['Not applicable']
231632,Ectopic aldosterone-producing tumor,Disease,['All ages'],['Not applicable']
231637,Rare surgically correctable form of primary aldosteronism,Category,['All ages'],['Not applicable']
231641,Rare non surgically correctable form of primary aldosteronism,Category,[],"['Autosomal dominant', 'Not applicable']"
231662,Isolated growth hormone deficiency type IA,Clinical subtype,"['Infancy', 'Neonatal']",['Autosomal recessive']
231671,Isolated growth hormone deficiency type IB,Clinical subtype,"['Infancy', 'Neonatal']",['Autosomal recessive']
231679,Isolated growth hormone deficiency type II,Clinical subtype,"['Infancy', 'Neonatal']",['Autosomal dominant']
231692,Isolated growth hormone deficiency type III,Clinical subtype,"['Infancy', 'Neonatal']",['X-linked recessive']
231720,Non-acquired combined pituitary hormone deficiency-sensorineural hearing loss-spine abnormalities syndrome,Malformation syndrome,"['Infancy', 'Neonatal']",['Autosomal recessive']
231736,Microcornea-posterior megalolenticonus-persistent fetal vasculature-coloboma syndrome,Malformation syndrome,"['Infancy', 'Neonatal']",['Unknown']
231742,Epibulbar lipodermoid-preauricular appendage-polythelia syndrome,Malformation syndrome,"['Infancy', 'Neonatal']",['Autosomal dominant']
235936,Familial hyperaldosteronism,Clinical group,['All ages'],['Autosomal dominant']
238269,AApoAII amyloidosis,Clinical subtype,[],['Autosomal dominant']
238329,Severe X-linked mitochondrial encephalomyopathy,Disease,"['Infancy', 'Neonatal']",['X-linked recessive']
238446,15q11q13 microduplication syndrome,Malformation syndrome,"['Infancy', 'Neonatal']","['Not applicable', 'Unknown']"
238455,Infantile dystonia-parkinsonism,Disease,"['Infancy', 'Neonatal']",['Autosomal recessive']
238459,SLC35A1-CDG,Disease,"['Infancy', 'Neonatal']",['No data available']
238468,Hypohidrotic ectodermal dysplasia,Disease,"['Infancy', 'Neonatal']","['Autosomal dominant', 'Autosomal recessive', 'X-linked recessive']"
238475,Familial hypercholanemia,Disease,"['Infancy', 'Neonatal']",['Autosomal recessive']
238505,Combined immunodeficiency due to CD27 deficiency,Disease,"['Adolescent', 'Adult', 'Childhood', 'Infancy']",['Autosomal recessive']
238517,Hypotonia-cystinuria type 1 syndrome,Clinical group,"['Infancy', 'Neonatal']",['Autosomal recessive']
238523,Atypical hypotonia-cystinuria syndrome,Disease,"['Infancy', 'Neonatal']",['Autosomal recessive']
238536,Congenital secondary polycythemia,Category,"['Infancy', 'Neonatal']","['Autosomal dominant', 'Autosomal recessive']"
238547,Acquired secondary polycythemia,Category,['All ages'],['Not applicable']
238557,Chuvash erythrocytosis,Disease,"['Infancy', 'Neonatal']",['Autosomal recessive']
238569,Immune dysregulation-inflammatory bowel disease-arthritis-recurrent infections syndrome,Disease,"['Infancy', 'Neonatal']",['Autosomal recessive']
238578,Familial clubfoot due to 17q23.1q23.2 microduplication,Etiological subtype,"['Infancy', 'Neonatal']","['Autosomal dominant', 'Not applicable']"
238583,Hyperphenylalaninemia due to tetrahydrobiopterin deficiency,Disease,"['Infancy', 'Neonatal']",['Autosomal recessive']
238593,IgG4-related mesenteritis,Clinical subtype,['Adult'],['Not applicable']
238606,Primary orthostatic tremor,Disease,['Adult'],['Not applicable']
238621,Ileal pouch anal anastomosis related faecal incontinence,Particular clinical situation in a disease or syndrome,['All ages'],['Not applicable']
238624,Idiopathic intracranial hypertension,Disease,"['Adult', 'Elderly']",['Not applicable']
238637,Megacystis-megaureter syndrome,Disease,"['Infancy', 'Neonatal']",[]
238642,"Primary megaureter, adult-onset form",Clinical subtype,['Adult'],['Unknown']
238646,"Congenital primary megaureter, obstructed form",Clinical subtype,"['Infancy', 'Neonatal']",['Unknown']
238650,"Congenital primary megaureter, refluxing form",Clinical subtype,"['Infancy', 'Neonatal']",['Unknown']
238654,"Congenital primary megaureter, nonrefluxing and unobstructed form",Clinical subtype,"['Infancy', 'Neonatal']",['Unknown']
238666,Isolated congenital hypogonadotropic hypogonadism,Disease,"['Adolescent', 'Infancy', 'Neonatal']","['Autosomal dominant', 'Autosomal recessive', 'Oligogenic', 'Unknown', 'X-linked recessive']"
238670,Isolated thyrotropin-releasing hormone deficiency,Disease,['All ages'],['Unknown']
238688,Neonatal iodine exposure,Disease,"['Infancy', 'Neonatal']",['Not applicable']
238722,Familial congenital mirror movements,Disease,"['Childhood', 'Infancy']","['Autosomal dominant', 'Autosomal recessive']"
238744,Mammary-digital-nail syndrome,Malformation syndrome,"['Infancy', 'Neonatal']",['Autosomal dominant']
238750,4q21 microdeletion syndrome,Malformation syndrome,"['Infancy', 'Neonatal']","['Not applicable', 'Unknown']"
238763,Glaucoma secondary to spherophakia/ectopia lentis and megalocornea,Malformation syndrome,"['Infancy', 'Neonatal']",['Autosomal recessive']
238769,1q44 microdeletion syndrome,Malformation syndrome,"['Infancy', 'Neonatal']","['Not applicable', 'Unknown']"
240071,Classic progressive supranuclear palsy syndrome,Clinical subtype,['Adult'],['Not applicable']
240085,Progressive supranuclear palsy-predominant parkinsonism syndrome,Clinical subtype,['Adult'],['Not applicable']
240094,Progressive supranuclear palsy-pure akinesia with gait freezing syndrome,Clinical subtype,['Adult'],['Not applicable']
240103,Progressive supranuclear palsy-corticobasal syndrome,Clinical subtype,['Adult'],['Not applicable']
240112,Progressive supranuclear palsy-progressive non-fluent aphasia syndrome,Clinical subtype,['Adult'],['Not applicable']
240760,Nijmegen breakage syndrome-like disorder,Malformation syndrome,['Neonatal'],[]
243343,Dimethylglycine dehydrogenase deficiency,Disease,['Childhood'],['Autosomal recessive']
243367,Acute fatty liver of pregnancy,Disease,['Adult'],['Multigenic/multifactorial']
244242,HELLP syndrome,Disease,['Adult'],['Multigenic/multifactorial']
244275,De novo thrombotic microangiopathy after kidney transplantation,Particular clinical situation in a disease or syndrome,['All ages'],[]
244283,Biliary atresia with splenic malformation syndrome,Malformation syndrome,"['Infancy', 'Neonatal']",['Multigenic/multifactorial']
244305,Dominant hypophosphatemia with nephrolithiasis or osteoporosis,Disease,['Adult'],['Autosomal dominant']
244310,RFT1-CDG,Disease,"['Infancy', 'Neonatal']",['Autosomal recessive']
247165,Infantile mercury poisoning,Disease,['Infancy'],['Not applicable']
247198,Progressive cerebello-cerebral atrophy,Disease,"['Infancy', 'Neonatal']",['Autosomal recessive']
247203,Collecting duct carcinoma,Disease,['Adult'],['Not applicable']
247234,Sporadic adult-onset ataxia of unknown etiology,Disease,"['Adult', 'Elderly']",['Not applicable']
247239,Non-hereditary degenerative ataxia,Category,['Adult'],['Not applicable']
247245,Superficial siderosis,Disease,['All ages'],['Not applicable']
247257,Inhalational anthrax,Disease,['All ages'],['Not applicable']
247262,Hyperphosphatasia-intellectual disability syndrome,Disease,"['Infancy', 'Neonatal']",['Autosomal recessive']
247353,Generalized pustular psoriasis,Disease,['Adult'],"['Autosomal recessive', 'Not applicable']"
247378,Autosomal recessive secondary polycythemia not associated with VHL gene,Disease,"['Infancy', 'Neonatal']",['Autosomal recessive']
247511,Autosomal dominant secondary polycythemia,Disease,"['Infancy', 'Neonatal']",['Autosomal dominant']
247522,Primary ciliary dyskinesia-retinitis pigmentosa syndrome,Disease,['Childhood'],['X-linked recessive']
247525,Citrullinemia type I,Disease,['All ages'],['Autosomal recessive']
247546,Acute neonatal citrullinemia type I,Clinical subtype,"['Infancy', 'Neonatal']",['Autosomal recessive']
247573,Late-onset citrullinemia type I,Clinical subtype,['Adult'],['Autosomal recessive']
247582,Citrin deficiency,Category,['All ages'],['Autosomal recessive']
247585,Citrullinemia type II,Disease,['Adult'],['Autosomal recessive']
247598,Neonatal intrahepatic cholestasis due to citrin deficiency,Disease,"['Infancy', 'Neonatal']",['Autosomal recessive']
247604,Juvenile primary lateral sclerosis,Disease,['Childhood'],['Autosomal recessive']
247623,Perinatal lethal hypophosphatasia,Clinical subtype,"['Antenatal', 'Neonatal']",['Autosomal recessive']
247638,Prenatal benign hypophosphatasia,Clinical subtype,"['Antenatal', 'Neonatal']","['Autosomal dominant', 'Autosomal recessive']"
247651,Infantile hypophosphatasia,Clinical subtype,"['Infancy', 'Neonatal']",['Autosomal recessive']
247667,Childhood-onset hypophosphatasia,Clinical subtype,"['Childhood', 'Infancy']","['Autosomal dominant', 'Autosomal recessive']"
247676,Adult hypophosphatasia,Clinical subtype,['Adult'],"['Autosomal dominant', 'Autosomal recessive']"
247685,Odontohypophosphatasia,Clinical subtype,"['Adolescent', 'Adult', 'Childhood', 'Infancy']","['Autosomal dominant', 'Autosomal recessive']"
247691,Retinal vasculopathy with cerebral leukoencephalopathy and systemic manifestations,Disease,"['Adult', 'Elderly']",['Autosomal dominant']
247698,Multiple endocrine neoplasia type 2A,Clinical subtype,['Childhood'],['Autosomal dominant']
247709,Multiple endocrine neoplasia type 2B,Clinical subtype,['Childhood'],['Autosomal dominant']
247718,Inflammatory myopathy with abundant macrophages,Disease,[],['Not applicable']
247724,Idiopathic eosinophilic myositis,Disease,[],['Not applicable']
247762,Lipoblastoma,Disease,['Childhood'],['Not applicable']
247765,X-linked cerebellar ataxia,Category,[],"['X-linked dominant', 'X-linked recessive']"
247768,Müllerian aplasia and hyperandrogenism,Malformation syndrome,"['Infancy', 'Neonatal']","['Autosomal dominant', 'Not applicable']"
247775,Mayer-Rokitansky-Küster-Hauser syndrome type 1,Clinical subtype,"['Adolescent', 'Antenatal']","['Autosomal dominant', 'Not applicable']"
247790,FTH1-related iron overload,Disease,['No data available'],['Autosomal dominant']
247794,Juvenile cataract-microcornea-renal glucosuria syndrome,Disease,['Childhood'],['Autosomal dominant']
247798,MUTYH-related attenuated familial adenomatous polyposis,Clinical subtype,['Adult'],"['Autosomal dominant', 'Autosomal recessive']"
247806,APC-related attenuated familial adenomatous polyposis,Clinical subtype,"['Adolescent', 'Adult', 'Childhood']","['Autosomal dominant', 'Autosomal recessive']"
247815,Autosomal recessive ataxia due to PEX10 deficiency,Disease,"['Adolescent', 'Childhood']",['Autosomal recessive']
247820,Ectodermal dysplasia-pili torti-cutaneous syndactyly syndrome,Malformation syndrome,"['Infancy', 'Neonatal']",['Autosomal recessive']
247827,Ectodermal dysplasia-hyperhidrosis-cutaneous syndactyly syndrome,Malformation syndrome,"['Infancy', 'Neonatal']",['Autosomal recessive']
247834,Occult macular dystrophy,Disease,['All ages'],['Autosomal dominant']
247868,NLRP12-associated hereditary periodic fever syndrome,Disease,"['Infancy', 'Neonatal']",['Autosomal dominant']
248095,Primary hypertrophic osteoarthropathy,Clinical group,"['Infancy', 'Neonatal']",['Autosomal recessive']
248111,Juvenile Huntington disease,Disease,"['Adolescent', 'Childhood']",['Autosomal dominant']
250831,Logopenic progressive aphasia,Disease,['Adult'],"['Multigenic/multifactorial', 'Not applicable']"
250923,Isolated aniridia,Morphological anomaly,['Neonatal'],"['Autosomal dominant', 'Not applicable']"
250932,Autosomal dominant optic atrophy and peripheral neuropathy,Disease,['Childhood'],['Autosomal dominant']
250972,Polymicrogyria with optic nerve hypoplasia,Malformation syndrome,"['Infancy', 'Neonatal']",['Autosomal recessive']
250977,AICA-ribosiduria,Disease,"['Antenatal', 'Infancy', 'Neonatal']",['Autosomal recessive']
250984,Autosomal recessive Stickler syndrome,Clinical subtype,['Childhood'],['Autosomal recessive']
250989,1q21.1 microdeletion syndrome,Malformation syndrome,"['Infancy', 'Neonatal']","['Autosomal dominant', 'Not applicable']"
250994,1q21.1 microduplication syndrome,Malformation syndrome,"['Infancy', 'Neonatal']","['Autosomal dominant', 'Not applicable']"
250999,1q41q42 microdeletion syndrome,Malformation syndrome,"['Infancy', 'Neonatal']","['Not applicable', 'Unknown']"
251004,Paternal uniparental disomy of chromosome 1 syndrome,Malformation syndrome,"['Infancy', 'Neonatal']","['Not applicable', 'Unknown']"
251009,Maternal uniparental disomy of chromosome 1 syndrome,Malformation syndrome,"['Infancy', 'Neonatal']","['Not applicable', 'Unknown']"
251014,2q31.1 microdeletion syndrome,Malformation syndrome,"['Infancy', 'Neonatal']","['Not applicable', 'Unknown']"
251019,2q32q33 microdeletion syndrome,Malformation syndrome,"['Infancy', 'Neonatal']","['Not applicable', 'Unknown']"
251028,SATB2-associated syndrome due to a chromosomal rearrangement,Etiological subtype,"['Infancy', 'Neonatal']","['Not applicable', 'Unknown']"
251038,3q29 microduplication syndrome,Malformation syndrome,"['Infancy', 'Neonatal']","['Autosomal dominant', 'Not applicable']"
251043,Ring chromosome 5 syndrome,Malformation syndrome,"['Infancy', 'Neonatal']","['Not applicable', 'Unknown']"
251046,6p22 microdeletion syndrome,Malformation syndrome,"['Infancy', 'Neonatal']","['Not applicable', 'Unknown']"
251056,6q25.2q25.3 microdeletion syndrome,Malformation syndrome,"['Infancy', 'Neonatal']",['Not applicable']
251061,7q31 microdeletion syndrome,Malformation syndrome,"['Infancy', 'Neonatal']","['Not applicable', 'Unknown']"
251066,8p11.2 deletion syndrome,Malformation syndrome,"['Infancy', 'Neonatal']","['Not applicable', 'Unknown']"
251071,8p23.1 microdeletion syndrome,Malformation syndrome,"['Infancy', 'Neonatal']","['Not applicable', 'Unknown']"
251076,8p23.1 duplication syndrome,Malformation syndrome,"['Infancy', 'Neonatal']","['Not applicable', 'Unknown']"
251262,Familial osteochondritis dissecans,Disease,['Childhood'],['Autosomal dominant']
251274,Familial hyperaldosteronism type III,Disease,"['Adolescent', 'Childhood', 'Infancy']",['Autosomal dominant']
251279,Microphthalmia-retinitis pigmentosa-foveoschisis-optic disc drusen syndrome,Disease,['Adult'],['Autosomal recessive']
251282,Autosomal dominant spastic ataxia type 1,Disease,"['Adolescent', 'Adult', 'Childhood']",['Autosomal dominant']
251287,Benign concentric annular macular dystrophy,Disease,['Childhood'],['Autosomal dominant']
251290,Parietal foramina with clavicular hypoplasia,Malformation syndrome,"['Infancy', 'Neonatal']",['Autosomal dominant']
251295,Pigmented paravenous retinochoroidal atrophy,Disease,['All ages'],"['Autosomal dominant', 'Not applicable']"
251304,Infantile onset panniculitis with uveitis and systemic granulomatosis,Disease,"['Infancy', 'Neonatal']",['Not applicable']
251307,Idiopathic recurrent pericarditis,Disease,['All ages'],['Not applicable']
251328,Unclassified vasculitis,Disease,[],['Not applicable']
251332,Unexplained long-lasting fever/inflammatory syndrome,Disease,['All ages'],[]
251347,Ataxia-telangiectasia-like disorder,Disease,"['Infancy', 'Neonatal']",['Autosomal recessive']
251355,Sickle cell disease associated with another hemoglobin anomaly,Category,['All ages'],['Autosomal recessive']
251359,Sickle cell-beta-thalassemia disease syndrome,Disease,['All ages'],['Autosomal recessive']
251365,Sickle cell-hemoglobin C disease syndrome,Disease,['All ages'],['Autosomal recessive']
251370,Sickle cell-hemoglobin D disease syndrome,Disease,['All ages'],['Autosomal recessive']
251375,Sickle cell-hemoglobin E disease syndrome,Disease,['All ages'],['Autosomal recessive']
251380,Hereditary persistence of fetal hemoglobin-sickle cell disease syndrome,Disease,['All ages'],['Autosomal recessive']
251383,CK syndrome,Malformation syndrome,"['Infancy', 'Neonatal']",['X-linked recessive']
251393,Localized junctional epidermolysis bullosa,Disease,"['Infancy', 'Neonatal']",['Autosomal recessive']
251510,"46,XY partial gonadal dysgenesis",Malformation syndrome,"['Infancy', 'Neonatal']","['Autosomal dominant', 'Autosomal recessive', 'X-linked recessive', 'Y-linked']"
251515,Distal arthrogryposis type 10,Malformation syndrome,"['Infancy', 'Neonatal']",['Autosomal dominant']
251523,Hyperzincemia and hypercalprotectinemia,Disease,['Childhood'],['Unknown']
251576,Gliosarcoma,Histopathological subtype,['Adult'],['Not applicable']
251579,Giant cell glioblastoma,Histopathological subtype,['Adult'],['Not applicable']
251582,Gliomatosis cerebri,Disease,['Adult'],['Not applicable']
251589,Anaplastic astrocytoma,Disease,['Adult'],['Not applicable']
251595,Diffuse astrocytoma,Disease,"['Adolescent', 'Adult', 'Childhood']",[]
251598,Protoplasmic astrocytoma,Histopathological subtype,['Childhood'],['Not applicable']
251607,Pleomorphic xanthoastrocytoma,Disease,['All ages'],['Not applicable']
251612,Pilocytic astrocytoma,Disease,['All ages'],['Not applicable']
251615,Pilomyxoid astrocytoma,Histopathological subtype,['All ages'],['Not applicable']
251623,Pituicytoma,Disease,['Adult'],['Not applicable']
251627,Oligodendroglioma,Disease,['All ages'],['Not applicable']
251630,Anaplastic oligodendroglioma,Disease,['Adult'],['Not applicable']
251636,Ependymoma,Disease,['All ages'],['Not applicable']
251639,Subependymoma,Disease,['Adult'],[]
251643,Myxopapillary ependymoma,Disease,"['Adolescent', 'All ages', 'Childhood']",['Not applicable']
251646,Anaplastic ependymoma,Disease,"['Adolescent', 'Adult', 'Childhood']",['Not applicable']
251663,Anaplastic oligoastrocytoma,Disease,['Adult'],['Not applicable']
251671,Angiocentric glioma,Disease,['All ages'],[]
251674,Chordoid glioma,Disease,['Adult'],[]
251679,Astroblastoma,Disease,"['Adolescent', 'Adult', 'Childhood', 'Infancy']",['Not applicable']
251855,Anaplastic/large cell medulloblastoma,Histopathological subtype,"['Infancy', 'Neonatal']",[]
251858,Medulloblastoma with extensive nodularity,Histopathological subtype,"['Childhood', 'Infancy']",['Not applicable']
251863,Desmoplastic/nodular medulloblastoma,Histopathological subtype,['Adult'],['Not applicable']
251867,Classic medulloblastoma,Histopathological subtype,['Childhood'],[]
251870,Central nervous system embryonal tumor,Clinical group,['Childhood'],['Not applicable']
251877,Ganglioneuroblastoma,Disease,"['Childhood', 'Infancy']",['Not applicable']
251899,Choroid plexus carcinoma,Disease,['Childhood'],['Autosomal dominant']
251909,Pineoblastoma,Disease,"['Adolescent', 'Adult', 'Childhood', 'Infancy']",['Not applicable']
251912,Pineocytoma,Disease,"['Adult', 'Elderly']",[]
251915,Papillary tumor of the pineal region,Disease,['All ages'],['Not applicable']
251931,Cerebellar liponeurocytoma,Disease,['Adult'],['Not applicable']
251937,Gangliocytoma,Disease,"['Adolescent', 'Childhood', 'Infancy']",[]
251940,Desmoplastic infantile astrocytoma/ganglioglioma,Disease,"['Infancy', 'Neonatal']",['Not applicable']
251946,Dysembryoplastic neuroepithelial tumor,Disease,['All ages'],['Not applicable']
251992,Ganglioneuroma,Disease,"['Adolescent', 'Childhood', 'Infancy']",[]
252054,Hemangioblastoma,Disease,['Adult'],[]
252164,Benign schwannoma,Disease,"['Adult', 'Elderly']",['Not applicable']
252183,Neurofibroma,Disease,['Adult'],[]
252202,Constitutional mismatch repair deficiency syndrome,Disease,['Childhood'],['Autosomal recessive']
252206,Melanoma and neural system tumor syndrome,Disease,"['Adult', 'Elderly']","['Autosomal dominant', 'Unknown']"
252212,Malignant triton tumor,Histopathological subtype,['All ages'],[]
254334,Autosomal recessive intermediate Charcot-Marie-Tooth disease type B,Disease,"['Infancy', 'Neonatal']",['Autosomal recessive']
254343,Autosomal recessive spastic ataxia-optic atrophy-dysarthria syndrome,Disease,['Childhood'],['Autosomal recessive']
254346,19p13.12 microdeletion syndrome,Malformation syndrome,"['Infancy', 'Neonatal']","['Not applicable', 'Unknown']"
254351,Distal 7q11.23 microdeletion syndrome,Malformation syndrome,"['Infancy', 'Neonatal']","['Autosomal dominant', 'Not applicable']"
254361,Plectin-related limb-girdle muscular dystrophy R17,Disease,['Childhood'],['Autosomal recessive']
254367,Rare lichen planus,Category,['All ages'],[]
254379,Linear lichen planus,Disease,['All ages'],[]
254395,Actinic lichen planus,Disease,['All ages'],[]
254411,Annular atrophic lichen planus,Disease,['Adult'],[]
254424,Annular lichen planus,Disease,['All ages'],[]
254449,Atrophic lichen planus,Disease,['All ages'],[]
254463,Lichen planus pigmentosus,Disease,['Adult'],[]
254478,Lichen planus pemphigoides,Disease,['All ages'],[]
254492,Frontal fibrosing alopecia,Disease,['Adult'],[]
254504,Inhalational botulism,Clinical subtype,['Adult'],[]
254509,Iatrogenic botulism,Clinical subtype,['All ages'],[]
254516,Temple syndrome,Malformation syndrome,"['Infancy', 'Neonatal']","['Autosomal dominant', 'Not applicable']"
254519,Kagami-Ogata syndrome,Malformation syndrome,"['Infancy', 'Neonatal']","['Autosomal dominant', 'Not applicable']"
254525,Temple syndrome due to paternal 14q32.2 microdeletion,Etiological subtype,"['Infancy', 'Neonatal']","['Autosomal dominant', 'Not applicable']"
254528,Kagami-Ogata syndrome due to maternal 14q32.2 microdeletion,Etiological subtype,"['Infancy', 'Neonatal']","['Autosomal dominant', 'Not applicable']"
254531,Temple syndrome due to paternal 14q32.2 hypomethylation,Etiological subtype,"['Infancy', 'Neonatal']","['Autosomal dominant', 'Not applicable']"
254534,Kagami-Ogata syndrome due to maternal 14q32.2 hypermethylation,Etiological subtype,"['Infancy', 'Neonatal']","['Autosomal dominant', 'Not applicable']"
254688,Complete hydatidiform mole,Clinical subtype,['Adult'],"['Autosomal recessive', 'Not applicable']"
254693,Partial hydatidiform mole,Clinical subtype,['Adult'],['Not applicable']
254698,Epithelioid trophoblastic tumor,Disease,['Adult'],['Not applicable']
254704,Genetic hyperferritinemia without iron overload,Biological anomaly,['No data available'],"['Autosomal dominant', 'Autosomal recessive']"
254788,Mitochondrial DNA-related mitochondrial myopathy,Clinical group,[],['Mitochondrial inheritance']
254803,"Mitochondrial DNA depletion syndrome, encephalomyopathic form",Clinical group,"['Infancy', 'Neonatal']",['Autosomal recessive']
254837,Unspecified mitochondrial disorder,Clinical group,[],"['Autosomal recessive', 'X-linked recessive']"
254851,Mitochondrial DNA-related dystonia,Disease,['Childhood'],['Mitochondrial inheritance']
254854,Pure mitochondrial myopathy,Disease,"['Adolescent', 'Childhood']",['Mitochondrial inheritance']
254857,Lethal infantile mitochondrial myopathy,Disease,"['Infancy', 'Neonatal']",['Mitochondrial inheritance']
254864,Mitochondrial myopathy with reversible cytochrome C oxidase deficiency,Disease,"['Infancy', 'Neonatal']",['Mitochondrial inheritance']
254871,"Mitochondrial DNA depletion syndrome, hepatocerebral form",Clinical group,"['Infancy', 'Neonatal']",['Autosomal recessive']
254875,"Mitochondrial DNA depletion syndrome, myopathic form",Disease,"['Infancy', 'Neonatal']",['Autosomal recessive']
254881,Spinocerebellar ataxia with epilepsy,Disease,"['Adolescent', 'Childhood']",['Autosomal recessive']
254886,Autosomal recessive progressive external ophthalmoplegia,Disease,['All ages'],['Autosomal recessive']
254892,Autosomal dominant progressive external ophthalmoplegia,Disease,"['Adolescent', 'Adult']",['Autosomal dominant']
254898,Deafness-encephaloneuropathy-obesity-valvulopathy syndrome,Disease,"['Infancy', 'Neonatal']",['Autosomal recessive']
254902,Renal tubulopathy-encephalopathy-liver failure syndrome,Disease,"['Infancy', 'Neonatal']",['Autosomal recessive']
254905,Isolated cytochrome C oxidase deficiency,Disease,[],"['Autosomal recessive', 'Mitochondrial inheritance']"
254913,Isolated ATP synthase deficiency,Disease,['Neonatal'],['Autosomal recessive']
254920,Combined oxidative phosphorylation defect type 2,Disease,['Neonatal'],['Autosomal recessive']
254925,Combined oxidative phosphorylation defect type 4,Disease,['Neonatal'],['Autosomal recessive']
254930,Combined oxidative phosphorylation defect type 7,Disease,"['Childhood', 'Infancy']",['Autosomal recessive']
255132,Adult-onset autosomal recessive sideroblastic anemia,Disease,['Adult'],['Autosomal recessive']
255138,Pyruvate dehydrogenase E1-beta deficiency,Clinical subtype,['Childhood'],['Autosomal recessive']
255182,Pyruvate dehydrogenase E3-binding protein deficiency,Clinical subtype,"['Infancy', 'Neonatal']",['Autosomal recessive']
255210,Mitochondrial DNA-associated Leigh syndrome,Disease,"['Childhood', 'Infancy']",['Mitochondrial inheritance']
255229,Navajo neurohepatopathy,Disease,"['Childhood', 'Infancy']",['Autosomal recessive']
255235,"Mitochondrial DNA depletion syndrome, encephalomyopathic form with renal tubulopathy",Disease,"['Infancy', 'Neonatal']",['Autosomal recessive']
260305,Autosomal recessive sideroblastic anemia,Disease,"['Infancy', 'Neonatal']",['Autosomal recessive']
261102,Distal 7q11.23 microduplication syndrome,Malformation syndrome,"['Infancy', 'Neonatal']",[]
261112,Monosomy 9p syndrome,Malformation syndrome,"['Antenatal', 'Neonatal']",[]
261120,14q11.2 microdeletion syndrome,Malformation syndrome,"['Infancy', 'Neonatal']","['Not applicable', 'Unknown']"
261144,FOXG1 syndrome due to 14q12 microdeletion,Clinical subtype,"['Infancy', 'Neonatal']",['Not applicable']
261183,15q11.2 microdeletion syndrome,Malformation syndrome,"['Infancy', 'Neonatal']",['Not applicable']
261190,Cleft palate-congenital heart defect-intellectual disability syndrome due to 15q14 microdeletion,Clinical subtype,"['Infancy', 'Neonatal']","['Not applicable', 'Unknown']"
261197,Proximal 16p11.2 microdeletion syndrome,Malformation syndrome,['Childhood'],"['Autosomal dominant', 'Not applicable']"
261204,16p11.2p12.2 microduplication syndrome,Malformation syndrome,"['Antenatal', 'Infancy', 'Neonatal']",[]
261211,16p11.2p12.2 microdeletion syndrome,Malformation syndrome,"['Infancy', 'Neonatal']","['Not applicable', 'Unknown']"
261222,Distal 16p11.2 microdeletion syndrome,Malformation syndrome,"['Antenatal', 'Infancy', 'Neonatal']",['Not applicable']
261229,14q11.2 microduplication syndrome,Malformation syndrome,"['Infancy', 'Neonatal']",[]
261236,16p13.11 microdeletion syndrome,Malformation syndrome,"['Infancy', 'Neonatal']","['Autosomal dominant', 'Not applicable']"
261243,16p13.11 microduplication syndrome,Malformation syndrome,"['Infancy', 'Neonatal']","['Not applicable', 'Unknown']"
261250,16q24.3 microdeletion syndrome,Malformation syndrome,"['Infancy', 'Neonatal']","['Not applicable', 'Unknown']"
261257,Distal 17p13.3 microdeletion syndrome,Malformation syndrome,"['Antenatal', 'Infancy', 'Neonatal']",['Not applicable']
261265,17q12 microdeletion syndrome,Malformation syndrome,"['Antenatal', 'Infancy', 'Neonatal']",['Not applicable']
261272,17q12 microduplication syndrome,Malformation syndrome,"['Antenatal', 'Infancy', 'Neonatal']",[]
261279,17q23.1q23.2 microdeletion syndrome,Malformation syndrome,"['Infancy', 'Neonatal']","['Not applicable', 'Unknown']"
261290,Trisomy 17p syndrome,Malformation syndrome,"['Infancy', 'Neonatal']","['Not applicable', 'Unknown']"
261295,20p12.3 microdeletion syndrome,Malformation syndrome,"['Infancy', 'Neonatal']","['Not applicable', 'Unknown']"
261304,Paternal 20q13.2q13.3 microdeletion syndrome,Malformation syndrome,"['Antenatal', 'Neonatal']",['Not applicable']
261311,20q13.33 microdeletion syndrome,Malformation syndrome,['Neonatal'],['Not applicable']
261318,Trisomy 20p syndrome,Malformation syndrome,"['Infancy', 'Neonatal']","['Not applicable', 'Unknown']"
261323,21q22.11q22.12 microdeletion syndrome,Malformation syndrome,"['Infancy', 'Neonatal']",['Not applicable']
261330,Distal 22q11.2 microdeletion syndrome,Malformation syndrome,['Neonatal'],['Autosomal dominant']
261337,Distal 22q11.2 microduplication syndrome,Malformation syndrome,"['Antenatal', 'Childhood', 'Infancy', 'Neonatal']",['Autosomal dominant']
261344,Trisomy 1q syndrome,Malformation syndrome,"['Antenatal', 'Neonatal']",[]
261349,2p15p16.1 microdeletion syndrome,Malformation syndrome,"['Infancy', 'Neonatal']",['Not applicable']
261476,Xp21 deletion syndrome,Disease,"['Infancy', 'Neonatal']",[]
261483,Xq27.3q28 duplication syndrome,Malformation syndrome,"['Infancy', 'Neonatal']",['X-linked recessive']
261494,Kleefstra syndrome,Malformation syndrome,['Neonatal'],['Autosomal dominant']
261501,Atypical Norrie disease due to Xp11.3 microdeletion,Malformation syndrome,['Neonatal'],['Not applicable']
261519,Maternal uniparental disomy of chromosome X syndrome,Malformation syndrome,['Neonatal'],[]
261524,Paternal uniparental disomy of chromosome X syndrome,Malformation syndrome,['Neonatal'],[]
261529,Ring chromosome Y syndrome,Malformation syndrome,['Neonatal'],[]
261534,"49,XXXYY syndrome",Malformation syndrome,['Neonatal'],[]
261537,Mowat-Wilson syndrome due to monosomy 2q22,Etiological subtype,"['Antenatal', 'Neonatal']",[]
261552,Mowat-Wilson syndrome due to a ZEB2 point mutation,Etiological subtype,"['Antenatal', 'Neonatal']",[]
261584,Familial adenomatous polyposis due to 5q22.2 microdeletion,Etiological subtype,['Adult'],['Not applicable']
261600,Alagille syndrome due to 20p12 microdeletion,Etiological subtype,[],['Not applicable']
261638,Okihiro syndrome due to 20q13 microdeletion,Etiological subtype,[],['Not applicable']
261652,Kleefstra syndrome due to a point mutation,Etiological subtype,['Neonatal'],[]
261911,Partial deletion of the short arm of chromosome 7 syndrome,Category,['Antenatal'],[]
263297,Glycogen storage disease with severe cardiomyopathy due to glycogenin deficiency,Disease,['Childhood'],['Autosomal recessive']
263310,Thymoma type A,Histopathological subtype,['Adult'],['Not applicable']
263317,Thymoma type B,Histopathological subtype,['Adult'],['Not applicable']
263324,Thymoma type AB,Histopathological subtype,['Adult'],['Not applicable']
263331,Well-differentiated thymic neuroendocrine carcinoma,Histopathological subtype,['Adult'],['Not applicable']
263335,Moderately-differentiated thymic neuroendocrine carcinoma,Histopathological subtype,['Adult'],['Not applicable']
263339,Poorly differentiated thymic neuroendocrine carcinoma,Histopathological subtype,['Adult'],['Not applicable']
263347,MRCS syndrome,Disease,['Childhood'],['Autosomal dominant']
263352,Postcardiotomy right ventricular failure,Particular clinical situation in a disease or syndrome,['All ages'],['Not applicable']
263410,Infantile spasms-psychomotor retardation-progressive brain atrophy-basal ganglia disease syndrome,Disease,"['Infancy', 'Neonatal']",['Autosomal recessive']
263413,Angiosarcoma,Disease,['Adult'],['Not applicable']
263425,Nevus of Ota,Disease,['All ages'],['Not applicable']
263432,Nevus of Ito,Disease,['All ages'],['Not applicable']
263435,Congenital smooth muscle hamartoma,Disease,"['Infancy', 'Neonatal']",['Not applicable']
263455,Congenital hyperinsulinism due to HNF4A deficiency,Disease,"['Infancy', 'Neonatal']",['Autosomal dominant']
263458,Hyperinsulinism due to INSR deficiency,Disease,"['Adolescent', 'Adult']",['Autosomal dominant']
263463,CHST3-related skeletal dysplasia,Disease,"['Antenatal', 'Neonatal']",['Autosomal recessive']
263479,Fuchs heterochromic iridocyclitis,Disease,['Adult'],[]
263482,"Spondyloepimetaphyseal dysplasia, Maroteaux type",Disease,"['Infancy', 'Neonatal']",['Not applicable']
263487,COG5-CDG,Disease,['Childhood'],['Autosomal recessive']
263494,DPM3-CDG,Disease,['Childhood'],['Autosomal recessive']
263501,COG4-CDG,Disease,"['Infancy', 'Neonatal']",['Autosomal recessive']
263508,COG1-CDG,Disease,"['Infancy', 'Neonatal']",['Autosomal recessive']
263516,Progressive myoclonic epilepsy type 3,Disease,"['Childhood', 'Infancy']",['Autosomal recessive']
263524,Acute necrotizing encephalopathy of childhood,Disease,['Childhood'],['Not applicable']
263534,Acral peeling skin syndrome,Disease,"['Infancy', 'Neonatal']",['Autosomal recessive']
263543,Generalized peeling skin syndrome,Disease,"['Infancy', 'Neonatal']",['Autosomal recessive']
263548,Peeling skin syndrome type A,Clinical subtype,"['Infancy', 'Neonatal']",['Autosomal recessive']
263553,Peeling skin syndrome type B,Clinical subtype,"['Infancy', 'Neonatal']",['Autosomal recessive']
263662,Familial multiple meningioma,Disease,['All ages'],['Autosomal dominant']
263665,NK-cell enteropathy,Disease,['Adult'],['Not applicable']
264200,14q22q23 microdeletion syndrome,Malformation syndrome,"['Infancy', 'Neonatal']",['Not applicable']
264450,Trisomy 8p syndrome,Malformation syndrome,"['Antenatal', 'Neonatal']",[]
264580,Glycogen storage disease due to liver phosphorylase kinase deficiency,Disease,['Childhood'],"['Autosomal recessive', 'X-linked recessive']"
264675,Hereditary pulmonary alveolar proteinosis,Disease,"['Adolescent', 'Adult', 'Childhood', 'Elderly', 'Infancy']",['Autosomal recessive']
264688,Congenital chylothorax,Disease,"['Infancy', 'Neonatal']","['Not applicable', 'Unknown']"
264691,Isolated pulmonary capillaritis,Disease,['Childhood'],['Not applicable']
264978,Drug or radiation exposure-related interstitial lung disease,Particular clinical situation in a disease or syndrome,['All ages'],[]
268114,RAS-associated autoimmune leukoproliferative disease,Disease,"['Childhood', 'Infancy']",['Unknown']
268129,Spheroid body myopathy,Disease,['All ages'],['Autosomal dominant']
268139,Intraocular medulloepithelioma,Disease,['Childhood'],['Not applicable']
268145,Classic maple syrup urine disease,Clinical subtype,['Neonatal'],['Autosomal recessive']
268162,Intermediate maple syrup urine disease,Clinical subtype,"['Infancy', 'Neonatal']",['Autosomal recessive']
268173,Intermittent maple syrup urine disease,Clinical subtype,"['Childhood', 'Infancy', 'Neonatal']",['Autosomal recessive']
268184,Thiamine-responsive maple syrup urine disease,Clinical subtype,['Infancy'],['Autosomal recessive']
268249,Mycophenolate mofetil embryopathy,Malformation syndrome,"['Infancy', 'Neonatal']",['Not applicable']
268261,DYRK1A-related intellectual disability syndrome due to 21q22.13q22.2 microdeletion,Etiological subtype,"['Infancy', 'Neonatal']","['Not applicable', 'Unknown']"
268316,Complication in hemodialysis,Particular clinical situation in a disease or syndrome,['All ages'],['Not applicable']
268322,Hereditary thrombocytopenia with normal platelets,Disease,['All ages'],"['Autosomal dominant', 'Autosomal recessive', 'X-linked recessive']"
268337,Autosomal recessive intermediate Charcot-Marie-Tooth disease,Clinical group,[],['Autosomal recessive']
268363,Open iniencephaly,Clinical subtype,"['Infancy', 'Neonatal']","['Multigenic/multifactorial', 'Not applicable']"
268366,Closed iniencephaly,Clinical subtype,"['Infancy', 'Neonatal']","['Multigenic/multifactorial', 'Not applicable']"
268369,Open spinal dysraphism,Clinical group,"['Infancy', 'Neonatal']","['Multigenic/multifactorial', 'Not applicable']"
268744,Spinal dysraphism with a posterior meningocele,Clinical group,"['Infancy', 'Neonatal']","['Multigenic/multifactorial', 'Not applicable']"
268810,Isolated posterior meningocele,Morphological anomaly,"['Infancy', 'Neonatal']","['Multigenic/multifactorial', 'Not applicable']"
268813,Myelocystocele,Clinical group,"['Infancy', 'Neonatal']","['Multigenic/multifactorial', 'Not applicable']"
268820,Cranial meningocele,Morphological anomaly,"['Infancy', 'Neonatal']",[]
268861,Primary tethered cord syndrome,Morphological anomaly,"['Infancy', 'Neonatal']",[]
268865,Neurenteric cyst,Morphological anomaly,"['Infancy', 'Neonatal']",[]
268868,Isolated amyelia,Morphological anomaly,"['Infancy', 'Neonatal']",[]
268882,Arnold-Chiari malformation type I,Morphological anomaly,"['Infancy', 'Neonatal']",[]
268936,Isolated arhinencephaly,Morphological anomaly,"['Infancy', 'Neonatal']",[]
268940,Bilateral polymicrogyria,Morphological anomaly,"['Infancy', 'Neonatal']",[]
268943,Unilateral polymicrogyria,Morphological anomaly,"['Infancy', 'Neonatal']",[]
268947,Unilateral focal polymicrogyria,Clinical subtype,"['Antenatal', 'Infancy', 'Neonatal']",[]
269197,Glioependymal/ependymal cyst,Morphological anomaly,"['Infancy', 'Neonatal']",[]
269203,Isolated cerebellar vermis agenesis,Morphological anomaly,"['Infancy', 'Neonatal']",[]
269218,Isolated unilateral hemispheric cerebellar hypoplasia,Morphological anomaly,"['Infancy', 'Neonatal']",[]
269221,Isolated bilateral hemispheric cerebellar hypoplasia,Morphological anomaly,"['Infancy', 'Neonatal']",[]
269229,Pontine tegmental cap dysplasia,Morphological anomaly,"['Infancy', 'Neonatal']",['Not applicable']
271861,Hereditary ATTR amyloidosis,Disease,[],['Autosomal dominant']
275517,Autoimmune lymphoproliferative syndrome-recurrent viral infections due to CASP8 deficiency,Disease,['Childhood'],['Autosomal recessive']
275523,Dianzani autoimmune lymphoproliferative disease,Disease,['All ages'],['Unknown']
275543,L1 syndrome,Malformation syndrome,"['Infancy', 'Neonatal']",['X-linked recessive']
275555,Preeclampsia,Disease,['Adult'],['Not applicable']
275761,Lysosomal acid lipase deficiency,Disease,"['Adolescent', 'Adult', 'Childhood', 'Infancy', 'Neonatal']",['Autosomal recessive']
275766,Idiopathic pulmonary arterial hypertension,Etiological subtype,['All ages'],['Not applicable']
275777,Heritable pulmonary arterial hypertension,Etiological subtype,['All ages'],"['Autosomal dominant', 'Autosomal recessive']"
275786,Drug- or toxin-induced pulmonary arterial hypertension,Clinical group,"['Adolescent', 'Adult', 'Childhood', 'Elderly']",['Multigenic/multifactorial']
275791,Pulmonary arterial hypertension associated with another disease,Category,['All ages'],['Not applicable']
275798,Pulmonary arterial hypertension associated with connective tissue disease,Clinical group,['All ages'],['Not applicable']
275803,Pulmonary arterial hypertension associated with congenital heart disease,Clinical group,['All ages'],['Not applicable']
275808,Pulmonary arterial hypertension associated with HIV infection,Clinical group,['Adult'],['Not applicable']
275813,Pulmonary arterial hypertension associated with portal hypertension,Clinical group,['Adult'],['No data available']
275823,Pulmonary arterial hypertension associated with schistosomiasis,Clinical group,['All ages'],['Not applicable']
275828,Pulmonary arterial hypertension associated with chronic hemolytic anemia,Clinical group,['All ages'],"['Multigenic/multifactorial', 'Not applicable']"
275864,Behavioral variant of frontotemporal dementia,Disease,['Adult'],['Autosomal dominant']
275872,Frontotemporal dementia with motor neuron disease,Disease,['Adult'],['Autosomal dominant']
275944,Hemolytic disease of the newborn with Kell alloimmunization,Disease,"['Infancy', 'Neonatal']",[]
276066,Bile acid CoA ligase deficiency and defective amidation,Disease,"['Infancy', 'Neonatal']",['Unknown']
276145,Malignant epithelial tumor of salivary glands,Disease,['Adult'],[]
276148,Benign epithelial tumor of salivary glands,Disease,[],['Not applicable']
276152,Multiple endocrine neoplasia type 4,Disease,['Adult'],"['Autosomal dominant', 'Not applicable']"
276161,Multiple endocrine neoplasia,Clinical group,['All ages'],"['Autosomal dominant', 'Not applicable']"
276174,Idiopathic recurrent stupor,Disease,['Adult'],['Not applicable']
276183,Spinocerebellar ataxia type 32,Disease,['Adult'],['Autosomal dominant']
276193,Spinocerebellar ataxia type 35,Disease,"['Adolescent', 'Adult']",['Autosomal dominant']
276198,Spinocerebellar ataxia type 36,Disease,['Adult'],['Autosomal dominant']
276234,Non-syndromic male infertility due to sperm motility disorder,Disease,['Adult'],['Autosomal recessive']
276238,Machado-Joseph disease type 1,Clinical subtype,"['Adult', 'Childhood']",['Autosomal dominant']
276241,Machado-Joseph disease type 2,Clinical subtype,['Adult'],['Autosomal dominant']
276244,Machado-Joseph disease type 3,Clinical subtype,['Adult'],['Autosomal dominant']
276280,Hemihyperplasia-multiple lipomatosis syndrome,Malformation syndrome,['Childhood'],['Not applicable']
276399,Familial multinodular goiter,Disease,['Adolescent'],['Autosomal dominant']
276405,Hyperbiliverdinemia,Disease,['Adult'],"['Autosomal dominant', 'Autosomal recessive']"
276413,10q22.3q23.3 microdeletion syndrome,Malformation syndrome,"['Infancy', 'Neonatal']","['Not applicable', 'Unknown']"
276422,10q22.3q23.3 microduplication syndrome,Malformation syndrome,"['Infancy', 'Neonatal']","['Not applicable', 'Unknown']"
276429,Hypnic headache,Disease,"['Adult', 'Childhood', 'Elderly']",['Not applicable']
276432,Ogden syndrome,Malformation syndrome,"['Infancy', 'Neonatal']","['X-linked dominant', 'X-linked recessive']"
276435,Lower motor neuron syndrome with late-adult onset,Disease,['Adult'],['Autosomal dominant']
276556,Hyperinsulinism due to UCP2 deficiency,Disease,"['Infancy', 'Neonatal']",['Autosomal dominant']
276575,Autosomal dominant hyperinsulinism due to SUR1 deficiency,Disease,"['Infancy', 'Neonatal']",['Autosomal dominant']
276580,Autosomal dominant hyperinsulinism due to Kir6.2 deficiency,Disease,"['Infancy', 'Neonatal']",['Autosomal dominant']
276598,Diazoxide-resistant focal hyperinsulinism due to SUR1 deficiency,Disease,"['Infancy', 'Neonatal']",['Autosomal recessive']
276603,Diazoxide-resistant focal hyperinsulinism due to Kir6.2 deficiency,Disease,"['Infancy', 'Neonatal']",['Autosomal recessive']
276608,Non-insulinoma pancreatogenous hypoglycemia syndrome,Disease,['Adult'],"['Autosomal dominant', 'Not applicable']"
276621,Sporadic pheochromocytoma/secreting paraganglioma,Disease,"['Adolescent', 'Adult', 'Childhood']",['Not applicable']
276630,Symptomatic form of Coffin-Lowry syndrome in female carriers,Malformation syndrome,"['Antenatal', 'Infancy', 'Neonatal']","['Autosomal dominant', 'Not applicable']"
279882,Spasmus nutans,Clinical syndrome,['Infancy'],['Unknown']
279888,Acute endophthalmitis,Clinical subtype,['All ages'],['Not applicable']
279891,Chronic endophthalmitis,Clinical subtype,['All ages'],['Not applicable']
279894,Toxic maculopathy due to antimalarial drugs,Disease,['All ages'],['Not applicable']
279897,Primary oculocerebral lymphoma,Disease,['Adult'],['Not applicable']
279904,Primary intraocular lymphoma,Disease,['Adult'],['Not applicable']
279914,Intermediate uveitis,Disease,['Childhood'],['Not applicable']
279919,Infectious posterior uveitis,Disease,['All ages'],[]
279922,Infectious anterior uveitis,Disease,['All ages'],[]
279925,Infectious panuveitis,Disease,['All ages'],[]
279934,"Mitochondrial DNA depletion syndrome, hepatocerebral form due to DGUOK deficiency",Disease,"['Childhood', 'Infancy', 'Neonatal']",['Autosomal recessive']
279943,Hereditary neutrophilia,Disease,['All ages'],['Autosomal dominant']
279947,Postorgasmic illness syndrome,Clinical syndrome,"['Adolescent', 'Adult']",['Not applicable']
280062,Calciphylaxis,Disease,['Adult'],['Not applicable']
280071,ALG11-CDG,Disease,"['Infancy', 'Neonatal']",['Autosomal recessive']
280133,Complement component 3 deficiency,Disease,['Childhood'],['Autosomal recessive']
280142,Severe combined immunodeficiency due to LCK deficiency,Disease,"['Infancy', 'Neonatal']",['Autosomal recessive']
280183,Methylmalonic aciduria due to transcobalamin receptor defect,Biological anomaly,"['Infancy', 'Neonatal']",['Autosomal recessive']
280195,Septopreoptic holoprosencephaly,Clinical subtype,"['Infancy', 'Neonatal']",['Multigenic/multifactorial']
280200,Microform holoprosencephaly,Malformation syndrome,"['Childhood', 'Infancy', 'Neonatal']",['Multigenic/multifactorial']
280210,"Pelizaeus-Merzbacher disease, connatal form",Clinical subtype,"['Infancy', 'Neonatal']",['X-linked recessive']
280219,"Pelizaeus-Merzbacher disease, classic form",Clinical subtype,"['Infancy', 'Neonatal']",['X-linked recessive']
280224,"Pelizaeus-Merzbacher disease, transitional form",Clinical subtype,"['Infancy', 'Neonatal']",['X-linked recessive']
280229,Pelizaeus-Merzbacher disease in female carriers,Clinical subtype,['Adult'],['X-linked recessive']
280234,Null syndrome,Clinical subtype,['Childhood'],['X-linked recessive']
280270,Pelizaeus-Merzbacher-like disease,Disease,"['Infancy', 'Neonatal']",['Autosomal recessive']
280282,Pelizaeus-Merzbacher-like disease due to GJC2 mutation,Clinical subtype,"['Infancy', 'Neonatal']",['Autosomal recessive']
280288,Pelizaeus-Merzbacher-like disease due to HSPD1 mutation,Clinical subtype,"['Infancy', 'Neonatal']",['Autosomal recessive']
280293,Pelizaeus-Merzbacher-like disease due to AIMP1 mutation,Clinical subtype,"['Infancy', 'Neonatal']",['Autosomal recessive']
280302,Autoimmune pancreatitis type 1,Clinical subtype,['Adult'],['Not applicable']
280315,Autoimmune pancreatitis type 2,Disease,['Adult'],['Not applicable']
280325,Distal deletion 12p syndrome,Malformation syndrome,"['Infancy', 'Neonatal']",[]
280333,Alpha-dystroglycan-related limb-girdle muscular dystrophy R16,Disease,['Childhood'],['Autosomal recessive']
280356,PLIN1-related familial partial lipodystrophy,Disease,['Childhood'],['Autosomal dominant']
280365,Autosomal semi-dominant severe lipodystrophic laminopathy,Disease,['Adult'],['Semi-dominant']
280379,Erythropoietic uroporphyria associated with myeloid malignancy,Disease,['Adult'],['Autosomal recessive']
280384,Recessive intellectual disability-motor dysfunction-multiple joint contractures syndrome,Disease,"['Infancy', 'Neonatal']",['Autosomal recessive']
280397,Familial Alzheimer-like prion disease,Disease,['Adult'],['Autosomal dominant']
280403,Familial omphalocele syndrome with facial dysmorphism,Malformation syndrome,"['Infancy', 'Neonatal']",['Autosomal dominant']
280406,Familial steroid-resistant nephrotic syndrome with sensorineural deafness,Disease,"['Infancy', 'Neonatal']",['Autosomal recessive']
280553,Fatal infantile hypertonic myofibrillar myopathy,Disease,"['Infancy', 'Neonatal']",['Autosomal recessive']
280558,Warsaw breakage syndrome,Malformation syndrome,"['Infancy', 'Neonatal']",['Autosomal recessive']
280576,Nestor-Guillermo progeria syndrome,Malformation syndrome,['Childhood'],['Autosomal recessive']
280586,"Chondrodysplasia with joint dislocations, gPAPP type",Malformation syndrome,"['Infancy', 'Neonatal']",['Autosomal recessive']
280598,Hereditary sensorimotor neuropathy with hyperelastic skin,Disease,['All ages'],['Autosomal dominant']
280615,Hemoglobinopathy Toms River,Disease,"['Infancy', 'Neonatal']",['Autosomal dominant']
280620,Progressive myoclonic epilepsy type 6,Disease,['Childhood'],['Autosomal recessive']
280628,Familial progressive hyper- and hypopigmentation,Disease,"['Infancy', 'Neonatal']",['Autosomal dominant']
280633,Multiple congenital anomalies-hypotonia-seizures syndrome,Malformation syndrome,"['Infancy', 'Neonatal']",['Autosomal recessive']
280640,Occipital pachygyria and polymicrogyria,Malformation syndrome,"['Infancy', 'Neonatal']",['Autosomal recessive']
280654,Autosomal recessive nail dysplasia,Disease,"['Childhood', 'Infancy']",['Autosomal recessive']
280671,Megaconial congenital muscular dystrophy,Disease,"['Infancy', 'Neonatal']",['Autosomal recessive']
280679,Moyamoya angiopathy-short stature-facial dysmorphism-hypergonadotropic hypogonadism syndrome,Disease,['All ages'],['X-linked recessive']
280763,Severe intellectual disability and progressive spastic paraplegia,Disease,"['Infancy', 'Neonatal']",['Autosomal recessive']
280774,Generalized essential telangiectasia,Disease,"['Adolescent', 'Adult']",['Not applicable']
280779,Cutaneous collagenous vasculopathy,Disease,['Adult'],['Not applicable']
280785,Bullous diffuse cutaneous mastocytosis,Clinical subtype,"['Infancy', 'Neonatal']",['Not applicable']
280794,Pseudoxanthomatous diffuse cutaneous mastocytosis,Clinical subtype,"['Infancy', 'Neonatal']",['Not applicable']
280827,Congenital pulmonary airway malformation type 0,Clinical subtype,"['Antenatal', 'Neonatal']",[]
280832,Congenital pulmonary airway malformation type 1,Clinical subtype,"['Antenatal', 'Neonatal']",[]
280840,Congenital pulmonary airway malformation type 2,Clinical subtype,"['Antenatal', 'Neonatal']",[]
280847,Congenital pulmonary airway malformation type 3,Clinical subtype,"['Antenatal', 'Neonatal']",[]
280854,Congenital pulmonary airway malformation type 4,Clinical subtype,"['Antenatal', 'Neonatal']",[]
280886,Anterior uveitis,Category,['All ages'],['Not applicable']
280892,Posterior uveitis,Category,['All ages'],['Not applicable']
280898,Panuveitis,Category,['All ages'],['Not applicable']
280921,Idiopathic panuveitis,Disease,"['Adolescent', 'Adult', 'Childhood', 'Elderly']",['Not applicable']
280926,Systemic diseases with anterior uveitis,Category,"['Adolescent', 'Adult', 'Childhood', 'Elderly']",[]
281090,Syndromic recessive X-linked ichthyosis,Disease,['Childhood'],['X-linked recessive']
281097,Autosomal recessive congenital ichthyosis,Clinical group,"['Infancy', 'Neonatal']",['Autosomal recessive']
281122,Self-improving collodion baby,Disease,['Neonatal'],['Autosomal recessive']
281127,Acral self-healing collodion baby,Disease,"['Infancy', 'Neonatal']","['Autosomal recessive', 'Unknown']"
281139,Annular epidermolytic ichthyosis,Disease,"['Infancy', 'Neonatal']",['Autosomal dominant']
281190,Congenital reticular ichthyosiform erythroderma,Disease,['Neonatal'],['Autosomal dominant']
281201,Keratosis linearis-ichthyosis congenita-sclerosing keratoderma syndrome,Disease,"['Infancy', 'Neonatal']",['Autosomal recessive']
281210,X-linked ichthyosis syndrome,Clinical group,[],"['Not applicable', 'X-linked dominant', 'X-linked recessive']"
282166,Inherited Creutzfeldt-Jakob disease,Disease,"['Adult', 'Elderly']",['Autosomal dominant']
284139,"Larsen-like syndrome, B3GAT3 type",Malformation syndrome,"['Infancy', 'Neonatal']",['Autosomal recessive']
284149,Craniosynostosis-dental anomalies,Malformation syndrome,"['Infancy', 'Neonatal']",['Autosomal recessive']
284160,8q21.11 microdeletion syndrome,Malformation syndrome,"['Infancy', 'Neonatal']","['Autosomal dominant', 'Not applicable']"
284169,Facial dysmorphism-developmental delay-behavioral abnormalities syndrome due to 10p11.21p12.31 microdeletion,Clinical subtype,['Infancy'],"['Not applicable', 'Unknown']"
284180,Xp22.13p22.2 duplication syndrome,Malformation syndrome,"['Infancy', 'Neonatal']",['X-linked recessive']
284227,TEMPI syndrome,Clinical syndrome,['Adult'],[]
284232,Autosomal dominant Charcot-Marie-Tooth disease type 2O,Disease,['Childhood'],['Autosomal dominant']
284247,Familial retinal arterial macroaneurysm,Malformation syndrome,['Childhood'],['Autosomal recessive']
284264,IgG4-related disease,Clinical group,['Adult'],['Not applicable']
284271,Autosomal recessive cerebellar ataxia-psychomotor delay syndrome,Disease,['Childhood'],['Autosomal recessive']
284282,Autosomal recessive cerebellar ataxia-epilepsy-intellectual disability syndrome due to WWOX deficiency,Disease,"['Infancy', 'Neonatal']",['Autosomal recessive']
284289,Adult-onset autosomal recessive cerebellar ataxia,Disease,['Adult'],['Autosomal recessive']
284324,Childhood-onset autosomal recessive slowly progressive spinocerebellar ataxia,Disease,['Childhood'],['Autosomal recessive']
284332,Infantile-onset autosomal recessive nonprogressive cerebellar ataxia,Disease,"['Infancy', 'Neonatal']",['Autosomal recessive']
284339,Pontocerebellar hypoplasia type 7,Malformation syndrome,"['Infancy', 'Neonatal']",['Autosomal recessive']
284343,DICER1 tumor-predisposition syndrome,Disease,"['Adolescent', 'Adult', 'Childhood']",['Autosomal dominant']
284362,Fetal lung interstitial tumor,Clinical subtype,"['Infancy', 'Neonatal']",[]
284388,Reversible cerebral vasoconstriction syndrome,Clinical syndrome,['Adult'],['Not applicable']
284395,Well-differentiated fetal adenocarcinoma of the lung,Disease,['All ages'],['Not applicable']
284400,Small cell carcinoma of the bladder,Disease,['Adult'],['Not applicable']
284411,"Glycerol kinase deficiency, juvenile form",Clinical subtype,"['Adolescent', 'Childhood']",[]
284414,"Glycerol kinase deficiency, adult form",Clinical subtype,['Adult'],[]
284417,"Phosphoserine aminotransferase deficiency, infantile/juvenile form",Etiological subtype,"['Infancy', 'Neonatal']",['Autosomal dominant']
284426,Glycogen storage disease due to lactate dehydrogenase M-subunit deficiency,Clinical subtype,['Childhood'],['Autosomal recessive']
284435,Glycogen storage disease due to lactate dehydrogenase H-subunit deficiency,Clinical subtype,['Adult'],"['Autosomal dominant', 'Autosomal recessive']"
284448,CLIPPERS,Disease,['Adult'],['Not applicable']
284454,Acute zonal occult outer retinopathy,Disease,"['Adolescent', 'Adult']",['Not applicable']
284460,Acute annular outer retinopathy,Disease,['Adult'],['Not applicable']
284963,Marfan syndrome type 1,Clinical subtype,['All ages'],['Autosomal dominant']
284973,Marfan syndrome type 2,Clinical subtype,['All ages'],['Autosomal dominant']
284979,Neonatal Marfan syndrome,Disease,"['Infancy', 'Neonatal']",['Autosomal dominant']
284984,Aneurysm-osteoarthritis syndrome,Disease,['All ages'],['Autosomal dominant']
289157,Hypocalcemic vitamin D-dependent rickets,Disease,"['Infancy', 'Neonatal']",['Autosomal recessive']
289176,Autosomal recessive hypophosphatemic rickets,Disease,"['Childhood', 'Infancy']",['Autosomal recessive']
289266,Early-onset epileptic encephalopathy and intellectual disability due to GRIN2A mutation,Disease,['Childhood'],['Autosomal dominant']
289290,Hypermethioninemia encephalopathy due to adenosine kinase deficiency,Disease,['Childhood'],['Autosomal recessive']
289307,Developmental delay due to methylmalonate semialdehyde dehydrogenase deficiency,Disease,"['Infancy', 'Neonatal']",['Autosomal recessive']
289326,Tropical spastic paraparesis,Disease,['Adult'],['Not applicable']
289347,Infective dermatitis associated with HTLV-1,Disease,['Childhood'],['Not applicable']
289356,Primary non-gestational choriocarcinoma of ovary,Disease,['Adolescent'],['Unknown']
289365,Familial vesicoureteral reflux,Malformation syndrome,['All ages'],['Autosomal dominant']
289377,Early-onset myopathy with fatal cardiomyopathy,Disease,"['Infancy', 'Neonatal']",['Autosomal recessive']
289380,Myosclerosis,Disease,['Childhood'],['Autosomal recessive']
289385,Malignancy diagnosed during pregnancy,Particular clinical situation in a disease or syndrome,['Adult'],[]
289390,Primary Sjögren syndrome,Disease,['Adult'],['Not applicable']
289465,Isolated congenital adermatoglyphia,Disease,"['Infancy', 'Neonatal']",['Autosomal dominant']
289478,PASH syndrome,Disease,['Adult'],['No data available']
289483,Intellectual disability-alacrima-achalasia syndrome,Disease,"['Infancy', 'Neonatal']",['X-linked recessive']
289494,4H leukodystrophy,Disease,"['Adolescent', 'Adult', 'Childhood', 'Infancy']",[]
289499,Congenital cataract microcornea with corneal opacity,Malformation syndrome,"['Infancy', 'Neonatal']",['Autosomal recessive']
289504,Combined malonic and methylmalonic acidemia,Disease,['All ages'],"['Autosomal dominant', 'Autosomal recessive']"
289513,12q15q21.1 microdeletion syndrome,Malformation syndrome,"['Infancy', 'Neonatal']",['Not applicable']
289522,Microtriplication 11q24.1 syndrome,Malformation syndrome,['Childhood'],[]
289539,BAP1-related tumor predisposition syndrome,Disease,['Adult'],['Autosomal dominant']
289548,Inherited isolated adrenal insufficiency due to partial CYP11A1 deficiency,Disease,"['Infancy', 'Neonatal']",['Autosomal recessive']
289553,Dysmorphism-conductive hearing loss-heart defect syndrome,Malformation syndrome,"['Infancy', 'Neonatal']",['Autosomal dominant']
289560,Mitochondrial membrane protein-associated neurodegeneration,Disease,"['Adolescent', 'Adult', 'Childhood']",['Autosomal recessive']
289573,Multiple mitochondrial dysfunctions syndrome,Clinical group,[],['Autosomal recessive']
289586,Exfoliative ichthyosis,Disease,"['Infancy', 'Neonatal']",['Autosomal recessive']
289596,Juvenile nasopharyngeal angiofibroma,Disease,"['Adolescent', 'Childhood']",['Not applicable']
289601,Hereditary arterial and articular multiple calcification syndrome,Disease,['Adult'],['Autosomal recessive']
289661,Epstein-Barr virus-positive diffuse large B-cell lymphoma,Disease,"['Adult', 'Elderly']",['Not applicable']
289857,Neonatal glycine encephalopathy,Clinical subtype,"['Infancy', 'Neonatal']",['Autosomal recessive']
289860,Infantile glycine encephalopathy,Clinical subtype,"['Infancy', 'Neonatal']",['Autosomal recessive']
289863,Atypical glycine encephalopathy,Clinical subtype,['All ages'],['Unknown']
289877,Transient hyperammonemia of the newborn,Particular clinical situation in a disease or syndrome,['Neonatal'],[]
289916,Vitamin B12-unresponsive methylmalonic acidemia type mut0,Clinical subtype,"['Infancy', 'Neonatal']",['Autosomal recessive']
293144,Familial clubfoot due to 5q31 microdeletion,Etiological subtype,[],['Not applicable']
293165,Skin fragility-woolly hair-palmoplantar keratoderma syndrome,Disease,['Childhood'],"['Autosomal dominant', 'Autosomal recessive']"
293168,Infantile-onset ascending hereditary spastic paralysis,Disease,"['Infancy', 'Neonatal']",['Autosomal recessive']
293173,Acute generalized exanthematous pustulosis,Disease,['All ages'],"['Multigenic/multifactorial', 'Not applicable']"
293181,Epilepsy of infancy with migrating focal seizures,Disease,"['Infancy', 'Neonatal']","['Autosomal dominant', 'Autosomal recessive', 'X-linked recessive']"
293199,Pleomorphic rhabdomyosarcoma,Clinical subtype,"['Adolescent', 'Adult', 'Childhood', 'Elderly', 'Infancy']",[]
293202,Epithelioid sarcoma,Disease,"['Adolescent', 'Adult', 'Childhood']",['Not applicable']
293208,Celiac artery compression syndrome,Disease,"['Adolescent', 'Adult', 'Childhood', 'Elderly']",['Not applicable']
293284,Tetrahydrobiopterin-responsive hyperphenylalaninemia/phenylketonuria,Clinical subtype,"['Infancy', 'Neonatal']",['Autosomal recessive']
293355,Methylmalonic acidemia without homocystinuria,Clinical group,['All ages'],"['Autosomal dominant', 'Autosomal recessive', 'X-linked dominant']"
293375,Grayson-Wilbrandt corneal dystrophy,Disease,"['Adolescent', 'Adult', 'Childhood']",['Autosomal dominant']
293381,Epithelial recurrent erosion dystrophy,Disease,['Childhood'],['Autosomal dominant']
293462,Pre-Descemet corneal dystrophy,Disease,['Adult'],['Unknown']
293603,Congenital hereditary endothelial dystrophy type II,Disease,"['Infancy', 'Neonatal']",['Autosomal recessive']
293621,X-linked endothelial corneal dystrophy,Disease,"['Infancy', 'Neonatal']",['X-linked recessive']
293642,Blepharophimosis-intellectual disability syndrome,Clinical group,"['Infancy', 'Neonatal']","['Autosomal recessive', 'Mitochondrial inheritance', 'X-linked recessive']"
293707,"Blepharophimosis-intellectual disability syndrome, MKB type",Malformation syndrome,"['Infancy', 'Neonatal']",['X-linked recessive']
293725,"Blepharophimosis-intellectual disability syndrome, Verloes type",Malformation syndrome,"['Infancy', 'Neonatal']",['Unknown']
293807,Ketamine-induced biliary dilatation,Disease,['All ages'],['Not applicable']
293812,Fixed drug eruption,Disease,['All ages'],['Not applicable']
293815,Toxic dermatosis,Category,['All ages'],['Not applicable']
293822,MITF-related melanoma and renal cell carcinoma predisposition syndrome,Disease,"['Adult', 'Elderly']",[]
293825,Congenital dyserythropoietic anemia type IV,Disease,"['Infancy', 'Neonatal']",['Autosomal dominant']
293830,Constitutional dyserythropoietic anemia,Category,"['Infancy', 'Neonatal']",[]
293843,3MC syndrome,Malformation syndrome,"['Antenatal', 'Neonatal']",['Autosomal recessive']
293864,Hypoplastic pancreas-intestinal atresia-hypoplastic gallbladder syndrome,Malformation syndrome,"['Infancy', 'Neonatal']",['Autosomal recessive']
293925,Lethal occipital encephalocele-skeletal dysplasia syndrome,Malformation syndrome,"['Infancy', 'Neonatal']",['Autosomal recessive']
293936,EDICT syndrome,Disease,"['Childhood', 'Infancy', 'Neonatal']",['Autosomal dominant']
293939,Distal Xq28 microduplication syndrome,Malformation syndrome,"['Infancy', 'Neonatal']",['X-linked recessive']
293948,1p21.3 microdeletion syndrome,Malformation syndrome,['No data available'],['Unknown']
293955,Childhood encephalopathy due to thiamine pyrophosphokinase deficiency,Disease,"['Infancy', 'Neonatal']",['Autosomal recessive']
293958,Hypertelorism-preauricular sinus-punctual pits-deafness syndrome,Malformation syndrome,"['Infancy', 'Neonatal']",['Autosomal dominant']
293964,Hypoinsulinemic hypoglycemia and body hemihypertrophy,Disease,"['Infancy', 'Neonatal']",['Autosomal dominant']
293967,Hypogonadotropic hypogonadism-severe microcephaly-sensorineural hearing loss-dysmorphism syndrome,Malformation syndrome,"['Antenatal', 'Infancy', 'Neonatal']",['Autosomal recessive']
293978,Deficiency in anterior pituitary function-variable immunodeficiency syndrome,Disease,['Childhood'],['Autosomal dominant']
293987,Rapid-onset childhood obesity-hypothalamic dysfunction-hypoventilation-autonomic dysregulation syndrome,Disease,"['Childhood', 'Infancy']",['Unknown']
294016,Microcephaly-capillary malformation syndrome,Malformation syndrome,"['Infancy', 'Neonatal']",['Autosomal recessive']
294023,Neonatal inflammatory skin and bowel disease,Disease,"['Infancy', 'Neonatal']",['Autosomal recessive']
294026,Syndactyly-nystagmus syndrome due to 2q31.1 microduplication,Malformation syndrome,['Neonatal'],['Unknown']
294415,Renal-hepatic-pancreatic dysplasia,Malformation syndrome,"['Antenatal', 'Neonatal']",['Autosomal recessive']
294422,Chronic intestinal failure,Clinical syndrome,['All ages'],['Not applicable']
294963,Popliteal pterygium syndrome,Clinical group,"['Antenatal', 'Neonatal']",['Autosomal dominant']
294971,Isolated tetra-amelia,Morphological anomaly,['Antenatal'],[]
294975,Isolated absence of upper arm and forearm with hand present,Morphological anomaly,"['Infancy', 'Neonatal']",[]
295000,Amniotic band syndrome,Malformation syndrome,"['Antenatal', 'Neonatal']",[]
295036,Congenital patella dislocation,Morphological anomaly,"['Infancy', 'Neonatal']",[]
295195,Synpolydactyly type 1,Clinical subtype,[],['Autosomal dominant']
298644,Disorder of thiamine metabolism and transport,Category,"['Infancy', 'Neonatal']","['Autosomal dominant', 'Autosomal recessive']"
300179,Kyphoscoliotic Ehlers-Danlos syndrome due to FKBP22 deficiency,Clinical subtype,"['Infancy', 'Neonatal']",['Autosomal recessive']
300284,Connective tissue disorder due to lysyl hydroxylase-3 deficiency,Disease,"['Antenatal', 'Neonatal']",[]
300293,Transient infantile hypertriglyceridemia and hepatosteatosis,Disease,"['Infancy', 'Neonatal']",['Autosomal recessive']
300298,Severe congenital hypochromic anemia with ringed sideroblasts,Disease,"['Infancy', 'Neonatal']",['Unknown']
300305,11p15.4 microduplication syndrome,Malformation syndrome,"['Infancy', 'Neonatal']",['Autosomal dominant']
300313,Congenital cataract-hearing loss-severe developmental delay syndrome,Disease,"['Infancy', 'Neonatal']",['Autosomal recessive']
300319,Charcot-Marie-Tooth disease type 2P,Disease,"['Adolescent', 'Adult']","['Autosomal dominant', 'Autosomal recessive']"
300324,Persistent polyclonal B-cell lymphocytosis,Disease,['No data available'],['Multigenic/multifactorial']
300333,Nephrotic syndrome-epidermolysis bullosa-sensorineural deafness syndrome,Disease,['Adolescent'],['Autosomal recessive']
300345,Autosomal systemic lupus erythematosus,Disease,['Childhood'],"['Autosomal dominant', 'Autosomal recessive']"
300359,PLCG2-associated antibody deficiency and immune dysregulation,Disease,"['Infancy', 'Neonatal']",['Autosomal dominant']
300373,X-linked acrogigantism,Disease,"['Childhood', 'Infancy', 'Neonatal']",['X-linked dominant']
300382,Progeroid and marfanoid aspect-lipodystrophy syndrome,Disease,"['Infancy', 'Neonatal']",['Autosomal dominant']
300385,Pituitary carcinoma,Disease,['All ages'],['Unknown']
300493,Sagliker syndrome,Particular clinical situation in a disease or syndrome,['All ages'],['Multigenic/multifactorial']
300496,Multiple congenital anomalies-hypotonia-seizures syndrome type 2,Malformation syndrome,"['Antenatal', 'Infancy', 'Neonatal']",['X-linked recessive']
300501,Painful orbital and systemic neurofibromas-marfanoid habitus syndrome,Malformation syndrome,['Adolescent'],['Unknown']
300504,Onychocytic matricoma,Disease,"['Adolescent', 'Adult', 'Childhood', 'Elderly']",[]
300512,Onychomatricoma,Disease,['All ages'],['Unknown']
300525,Pseudohypoaldosteronism type 2D,Etiological subtype,[],"['Autosomal dominant', 'Autosomal recessive']"
300530,Pseudohypoaldosteronism type 2E,Etiological subtype,[],['Autosomal dominant']
300536,DDOST-CDG,Disease,"['Infancy', 'Neonatal']",['Autosomal recessive']
300547,Autosomal recessive infantile hypercalcemia,Disease,"['Infancy', 'Neonatal']",['Autosomal recessive']
300552,Follicular cholangitis and pancreatitis,Disease,['Adult'],['Unknown']
300557,Carcinoma of the ampulla of Vater,Disease,['Adult'],['Not applicable']
300564,Combined pulmonary fibrosis-emphysema syndrome,Disease,['Adult'],['Not applicable']
300570,Cortical dysgenesis with pontocerebellar hypoplasia due to TUBB3 mutation,Disease,"['Infancy', 'Neonatal']",['Autosomal dominant']
300573,Polymicrogyria due to TUBB2B mutation,Malformation syndrome,"['Infancy', 'Neonatal']",['Autosomal dominant']
300576,Oligodontia-cancer predisposition syndrome,Disease,['No data available'],['Autosomal dominant']
300579,Staphylococcal toxemia,Category,['All ages'],[]
300605,Juvenile amyotrophic lateral sclerosis,Disease,['Childhood'],['Autosomal recessive']
300751,Familial dilated cardiomyopathy with conduction defect due to LMNA mutation,Disease,['Adult'],['Autosomal dominant']
300842,Indolent B-cell non-Hodgkin lymphoma,Category,['Adult'],[]
300846,Aggressive B-cell non-Hodgkin lymphoma,Category,['Adult'],[]
300849,Diffuse large B-cell lymphoma of the central nervous system,Disease,[],"['Multigenic/multifactorial', 'Not applicable']"
300857,T-cell/histiocyte rich large B cell lymphoma,Disease,"['Adolescent', 'Adult', 'Childhood', 'Elderly']","['Multigenic/multifactorial', 'Not applicable']"
300865,Primary cutaneous anaplastic large cell lymphoma,Disease,"['Adolescent', 'Adult', 'Childhood']",[]
300878,Hairy cell leukemia variant,Disease,"['Adult', 'Elderly']",['Unknown']
300895,ALK-positive anaplastic large cell lymphoma,Histopathological subtype,"['Adolescent', 'Adult', 'Childhood']",['Not applicable']
300903,ALK-negative anaplastic large cell lymphoma,Histopathological subtype,['Adult'],['Not applicable']
300912,Marginal zone lymphoma,Clinical group,['Adult'],[]
306431,Adult-onset immunodeficiency with anti-interferon-gamma autoantibodies,Disease,['Adult'],['Not applicable']
306498,PTEN hamartoma tumor syndrome,Clinical group,['All ages'],['Autosomal dominant']
306504,Interstitial lung disease-nephrotic syndrome-epidermolysis bullosa syndrome,Disease,"['Infancy', 'Neonatal']",['Autosomal recessive']
306511,Autosomal recessive spastic paraplegia type 48,Disease,['Adult'],['Autosomal recessive']
306516,Primary hypomagnesemia with hypercalciuria and nephrocalcinosis,Disease,"['Childhood', 'Infancy']",['Autosomal recessive']
306527,Isolated hereditary congenital facial paralysis,Morphological anomaly,"['Infancy', 'Neonatal']","['Autosomal dominant', 'Autosomal recessive']"
306530,Congenital hereditary facial paralysis-variable hearing loss syndrome,Morphological anomaly,"['Infancy', 'Neonatal']",['Autosomal recessive']
306542,Frontonasal dysplasia-severe microphthalmia-severe facial clefting syndrome,Malformation syndrome,"['Antenatal', 'Neonatal']",['Autosomal recessive']
306547,Porencephaly-microcephaly-bilateral congenital cataract syndrome,Malformation syndrome,"['Infancy', 'Neonatal']",['Autosomal recessive']
306550,FADD-related immunodeficiency,Disease,"['Infancy', 'Neonatal']",['Autosomal recessive']
306553,Myospherulosis,Disease,['Adult'],['Not applicable']
306558,Primary microcephaly-epilepsy-permanent neonatal diabetes syndrome,Disease,['Neonatal'],['Autosomal recessive']
306577,Hereditary sodium channelopathy-related small fibers neuropathy,Disease,['No data available'],['Autosomal dominant']
306617,X-linked complicated spastic paraplegia type 1,Clinical subtype,"['Antenatal', 'Infancy', 'Neonatal']",['X-linked recessive']
306644,Complication after organ transplantation,Particular clinical situation in a disease or syndrome,['All ages'],['Not applicable']
306658,Familial normophosphatemic tumoral calcinosis,Clinical subtype,['Infancy'],['Autosomal recessive']
306661,Familial hyperphosphatemic tumoral calcinosis/Hyperphosphatemic hyperostosis syndrome,Clinical subtype,[],['Autosomal recessive']
306669,Hemiparkinsonism-hemiatrophy syndrome,Disease,"['Adolescent', 'Adult']",[]
306674,Kufor-Rakeb syndrome,Disease,"['Adolescent', 'Childhood']",[]
306682,Manganese poisoning,Disease,['All ages'],[]
306686,Delayed encephalopathy due to carbon monoxide poisoning,Disease,['All ages'],[]
306692,Cyanide-induced parkinsonism-dystonia,Disease,['All ages'],[]
306731,Sydenham chorea,Particular clinical situation in a disease or syndrome,"['Adolescent', 'Adult', 'Childhood']",[]
306734,"Primary dystonia, DYT21 type",Disease,['Adult'],[]
306741,Hemidystonia-hemiatrophy syndrome,Disease,"['Adolescent', 'Adult', 'Childhood', 'Infancy', 'Neonatal']",['Not applicable']
307766,Curly hair-acral keratoderma-caries syndrome,Disease,"['Adolescent', 'Childhood']",[]
307773,Autosomal dominant diffuse mutilating palmoplantar keratoderma,Clinical group,[],['Autosomal dominant']
307804,Autosomal recessive disease with diffuse palmoplantar keratoderma as a major feature,Category,[],['Autosomal recessive']
307936,Hypotrichosis-osteolysis-periodontitis-palmoplantar keratoderma syndrome,Disease,"['Infancy', 'Neonatal']",[]
307995,Marginal papular palmoplantar keratoderma,Clinical group,[],['Autosomal dominant']
308031,Autosomal dominant disease associated with punctate palmoplantar keratoderma as a major feature,Category,[],['Autosomal dominant']
308041,Autosomal recessive disease associated with punctate palmoplantar keratoderma as a major feature,Category,[],['Autosomal recessive']
308166,Erythrokeratoderma variabilis progressiva,Clinical group,"['Childhood', 'Infancy', 'Neonatal']",[]
308410,Autism-epilepsy syndrome due to branched chain ketoacid dehydrogenase kinase deficiency,Disease,['Childhood'],['Autosomal recessive']
308425,Methylmalonic acidemia due to methylmalonyl-CoA epimerase deficiency,Disease,"['Childhood', 'Infancy']",[]
308552,"Glycogen storage disease due to acid maltase deficiency, infantile onset",Clinical subtype,"['Antenatal', 'Infancy', 'Neonatal']",['Autosomal recessive']
309015,Familial lipoprotein lipase deficiency,Etiological subtype,"['Childhood', 'Infancy']",[]
309020,Familial apolipoprotein C-II deficiency,Etiological subtype,"['Adolescent', 'Childhood']",['Autosomal recessive']
309025,Mevalonate kinase deficiency,Disease,['Infancy'],['Not applicable']
309031,Pancreatic triacylglycerol lipase deficiency,Disease,['Infancy'],['Not applicable']
309108,Pancreatic colipase deficiency,Disease,['Infancy'],['Autosomal recessive']
309111,Combined pancreatic lipase-colipase deficiency,Disease,['Neonatal'],[]
309147,Hyper-beta-alaninemia,Disease,['Neonatal'],[]
309155,"Sandhoff disease, infantile form",Clinical subtype,['Infancy'],[]
309162,"Sandhoff disease, juvenile form",Clinical subtype,"['Adolescent', 'Childhood']",[]
309169,"Sandhoff disease, adult form",Clinical subtype,['Adult'],[]
309246,"GM2 gangliosidosis, AB variant",Disease,['Infancy'],[]
309256,"Metachromatic leukodystrophy, late infantile form",Clinical subtype,['Infancy'],[]
309263,"Metachromatic leukodystrophy, juvenile form",Clinical subtype,"['Adolescent', 'Childhood']",[]
309271,"Metachromatic leukodystrophy, adult form",Clinical subtype,['Adult'],[]
309282,"Alpha-mannosidosis, infantile form",Clinical subtype,['Infancy'],[]
309288,"Alpha-mannosidosis, adult form",Clinical subtype,['Adult'],[]
309294,Sialidosis,Clinical group,['All ages'],['Autosomal recessive']
309297,Mucopolysaccharidosis type 4A,Clinical subtype,['Childhood'],['Autosomal recessive']
309310,Mucopolysaccharidosis type 4B,Clinical subtype,[],['Autosomal recessive']
309324,"Free sialic acid storage disease, infantile form",Clinical subtype,"['Antenatal', 'Neonatal']",['Autosomal recessive']
309331,Intermediate severe Salla disease,Clinical subtype,[],['Autosomal recessive']
309334,Salla disease,Clinical subtype,['Infancy'],['Autosomal recessive']
309854,Cirrhosis-dystonia-polycythemia-hypermanganesemia syndrome,Disease,['Childhood'],['Autosomal recessive']
313772,Early-onset spastic ataxia-myoclonic epilepsy-neuropathy syndrome,Disease,['Childhood'],['Autosomal recessive']
313781,20p13 microdeletion syndrome,Malformation syndrome,"['Infancy', 'Neonatal']","['Autosomal dominant', 'Not applicable']"
313795,Jawad syndrome,Malformation syndrome,"['Infancy', 'Neonatal']",['Autosomal recessive']
313800,Retinal dystrophy-optic nerve edema-splenomegaly-anhidrosis-migraine headache syndrome,Disease,['Childhood'],['Autosomal dominant']
313808,Adult-onset leukoencephalopathy with axonal spheroids and pigmented glia,Disease,['Adult'],['Autosomal dominant']
313838,Coats plus syndrome,Disease,['Childhood'],['Autosomal recessive']
313846,Familial cutaneous telangiectasia and oropharyngeal cancer predisposition syndrome,Disease,"['Infancy', 'Neonatal']",['Autosomal dominant']
313850,Infantile cerebellar-retinal degeneration,Disease,"['Infancy', 'Neonatal']",['Autosomal recessive']
313855,FGFR2-related bent bone dysplasia,Disease,"['Antenatal', 'Neonatal']",['Autosomal dominant']
313884,12p12.1 microdeletion syndrome,Clinical subtype,"['Infancy', 'Neonatal']","['Autosomal dominant', 'Not applicable']"
313892,Developmental and speech delay due to SOX5 deficiency,Clinical subtype,"['Infancy', 'Neonatal']","['Autosomal dominant', 'Not applicable']"
313906,Congenital pancreatic cyst,Morphological anomaly,"['Infancy', 'Neonatal']",['Unknown']
313920,Epstein-Barr virus-associated gastric carcinoma,Disease,"['Adult', 'Elderly']",['Multigenic/multifactorial']
313936,PENS syndrome,Disease,"['Infancy', 'Neonatal']",['Not applicable']
313947,2q23.1 microduplication syndrome,Malformation syndrome,"['Infancy', 'Neonatal']","['Not applicable', 'Unknown']"
314002,Contractures-webbed neck-micrognathia-hypoplastic nipples syndrome,Malformation syndrome,"['Infancy', 'Neonatal']",['No data available']
314017,Idiopathic linear interstitial keratitis,Disease,['Adult'],['Unknown']
314022,Gastric adenocarcinoma and proximal polyposis of the stomach,Disease,['Adult'],['Autosomal dominant']
314029,High bone mass osteogenesis imperfecta,Disease,['Childhood'],['Autosomal dominant']
314034,7p22.1 microduplication syndrome,Malformation syndrome,"['Infancy', 'Neonatal']",['Autosomal recessive']
314041,Marfanoid habitus-inguinal hernia-advanced bone age syndrome,Malformation syndrome,"['Antenatal', 'Infancy', 'Neonatal']",[]
314051,Leukoencephalopathy-thalamus and brainstem anomalies-high lactate syndrome,Disease,"['Infancy', 'Neonatal']",['No data available']
314373,Chronic infantile diarrhea due to guanylate cyclase 2C overactivity,Disease,"['Infancy', 'Neonatal']",['Autosomal dominant']
314376,Intestinal obstruction in the newborn due to guanylate cyclase 2C deficiency,Disease,['Neonatal'],['Autosomal recessive']
314381,Hereditary sensory and autonomic neuropathy type 6,Disease,"['Infancy', 'Neonatal']",['Autosomal recessive']
314389,Xq12-q13.3 duplication syndrome,Malformation syndrome,"['Infancy', 'Neonatal']",['X-linked recessive']
314394,Short stature-onychodysplasia-facial dysmorphism-hypotrichosis syndrome,Disease,"['Infancy', 'Neonatal']",['Autosomal recessive']
314399,Autosomal dominant aplasia and myelodysplasia,Disease,['Childhood'],['Autosomal dominant']
314404,Autosomal dominant cerebellar ataxia-deafness-narcolepsy syndrome,Disease,['Adult'],"['Autosomal dominant', 'Not applicable']"
314419,Ameloblastoma,Disease,['All ages'],['Not applicable']
314422,Ameloblastic carcinoma,Disease,['All ages'],['Not applicable']
314432,Spigelian hernia-cryptorchidism syndrome,Malformation syndrome,"['Infancy', 'Neonatal']",['Not applicable']
314451,Meigs syndrome,Clinical syndrome,['Adult'],['Not applicable']
314459,Pseudo-Meigs syndrome,Clinical syndrome,['Adult'],['Not applicable']
314466,Atypical Meigs syndrome,Clinical syndrome,['Adult'],['Not applicable']
314473,Ovarian fibroma,Disease,['Adult'],['Not applicable']
314478,Ovarian fibrothecoma,Disease,['Adult'],['Not applicable']
314485,Young adult-onset distal hereditary motor neuropathy,Disease,['Adult'],['Autosomal recessive']
314555,Facial dysmorphism-ocular anomalies-osteopenia-intellectual disability-dental anomalies syndrome,Malformation syndrome,"['Infancy', 'Neonatal']",['Autosomal recessive']
314566,Primary progressive apraxia of speech,Disease,['Adult'],['Unknown']
314572,Autosomal recessive leukoencephalopathy-ischemic stroke-retinitis pigmentosa syndrome,Disease,"['Infancy', 'Neonatal']",['Autosomal recessive']
314575,Intellectual disability-hypotonia-brachycephaly-pyloric stenosis-cryptorchidism syndrome,Malformation syndrome,"['Infancy', 'Neonatal']",['Autosomal recessive']
314585,15q overgrowth syndrome,Malformation syndrome,"['Infancy', 'Neonatal']","['Not applicable', 'Unknown']"
314588,Distal triplication 15q syndrome,Etiological subtype,"['Infancy', 'Neonatal']","['Not applicable', 'Unknown']"
314597,Chudley-McCullough syndrome,Malformation syndrome,"['Infancy', 'Neonatal']",['Autosomal recessive']
314603,Autosomal recessive spastic ataxia with leukoencephalopathy,Disease,"['Adolescent', 'Adult', 'Childhood']",['Autosomal recessive']
314613,Growing teratoma syndrome,Particular clinical situation in a disease or syndrome,['Adult'],['Not applicable']
314621,Duplication of the pituitary gland,Morphological anomaly,"['Infancy', 'Neonatal']",['Not applicable']
314632,CLN12 disease,Disease,['Childhood'],['Autosomal recessive']
314637,Mitochondrial hypertrophic cardiomyopathy with lactic acidosis due to MTO1 deficiency,Disease,"['Infancy', 'Neonatal']",['Unknown']
314647,Non-progressive cerebellar ataxia with intellectual disability,Disease,"['Infancy', 'Neonatal']",['Autosomal dominant']
314652,Variant ABeta2M amyloidosis,Disease,['Adult'],['Autosomal dominant']
314655,Severe neonatal hypotonia-seizures-encephalopathy syndrome due to 5q31.3 microdeletion,Etiological subtype,"['Infancy', 'Neonatal']",['Unknown']
314662,Segmental progressive overgrowth syndrome with fibroadipose hyperplasia,Disease,"['Antenatal', 'Neonatal']",[]
314667,TMEM165-CDG,Disease,"['Infancy', 'Neonatal']",['Autosomal recessive']
314679,Cerebrofacioarticular syndrome,Malformation syndrome,"['Infancy', 'Neonatal']",['Autosomal recessive']
314684,Primary bone lymphoma,Disease,['All ages'],[]
314689,Combined immunodeficiency due to STK4 deficiency,Disease,['Childhood'],['Autosomal recessive']
314701,Primary systemic amyloidosis,Clinical subtype,[],['Not applicable']
314709,Primary localized amyloidosis,Clinical subtype,[],['Not applicable']
314718,Lethal arteriopathy syndrome due to fibulin-4 deficiency,Disease,"['Infancy', 'Neonatal']",['Autosomal recessive']
314721,Atypical dentin dysplasia due to SMOC2 deficiency,Clinical subtype,"['Infancy', 'Neonatal']",['Autosomal recessive']
314769,Somatomammotropinoma,Disease,"['Adolescent', 'Adult']",[]
314777,Familial isolated pituitary adenoma,Disease,"['Adolescent', 'Adult', 'Childhood', 'Elderly', 'Infancy']",['Autosomal dominant']
314786,Silent pituitary adenoma,Histopathological subtype,[],['Not applicable']
314790,Null pituitary adenoma,Histopathological subtype,[],['Not applicable']
314795,SHOX-related short stature,Disease,"['Infancy', 'Neonatal']",['Autosomal dominant']
314802,Short stature due to partial GHR deficiency,Disease,['Childhood'],['Unknown']
314811,Short stature due to GHSR deficiency,Disease,"['Infancy', 'Neonatal']","['Autosomal dominant', 'Autosomal recessive']"
314889,Autosomal dominant proximal renal tubular acidosis,Clinical subtype,['Childhood'],['Autosomal dominant']
314911,Severe Canavan disease,Clinical subtype,"['Infancy', 'Neonatal']",['Autosomal recessive']
314918,Mild Canavan disease,Clinical subtype,['Childhood'],['Autosomal recessive']
314950,Primary hypereosinophilic syndrome,Disease,['All ages'],[]
314962,Secondary hypereosinophilic syndrome,Disease,['All ages'],[]
314970,Lymphocytic hypereosinophilic syndrome,Clinical subtype,['All ages'],[]
314978,X-linked non progressive cerebellar ataxia,Disease,"['Infancy', 'Neonatal']",['X-linked recessive']
314993,Cataract-congenital heart disease-neural tube defect syndrome,Malformation syndrome,"['Infancy', 'Neonatal']",[]
315306,"Classic congenital adrenal hyperplasia due to 21-hydroxylase deficiency, salt wasting form",Clinical subtype,"['Infancy', 'Neonatal']",['Autosomal recessive']
315311,"Classic congenital adrenal hyperplasia due to 21-hydroxylase deficiency, simple virilizing form",Clinical subtype,"['Infancy', 'Neonatal']",['Autosomal recessive']
316235,Autosomal dominant spastic ataxia,Category,[],['Autosomal dominant']
316240,Autosomal recessive spastic ataxia,Category,[],['Autosomal recessive']
317425,Severe combined immunodeficiency due to DNA-PKcs deficiency,Disease,"['Infancy', 'Neonatal']",['Autosomal recessive']
317428,Combined immunodeficiency due to ORAI1 deficiency,Clinical subtype,"['Infancy', 'Neonatal']",['Autosomal recessive']
317430,Combined immunodeficiency due to STIM1 deficiency,Clinical subtype,"['Infancy', 'Neonatal']",['Autosomal recessive']
317473,Pancytopenia due to IKZF1 mutations,Disease,"['Adolescent', 'Adult', 'Childhood', 'Infancy', 'Neonatal']",['Autosomal dominant']
317476,XMEN,Disease,"['Adolescent', 'Adult', 'Childhood']",['X-linked recessive']
319160,Congenital myopathy with internal nuclei and atypical cores,Disease,['Neonatal'],['Autosomal dominant']
319171,Distal 17p13.1 microdeletion syndrome,Malformation syndrome,"['Infancy', 'Neonatal']",['Not applicable']
319182,Wiedemann-Steiner syndrome,Malformation syndrome,"['Childhood', 'Infancy', 'Neonatal']",['Autosomal dominant']
319189,Familial cortical myoclonus,Disease,['Adult'],['Autosomal dominant']
319192,Diencephalic-mesencephalic junction dysplasia,Morphological anomaly,[],['Autosomal recessive']
319195,Chondroectodermal dysplasia with night blindness,Disease,"['Infancy', 'Neonatal']",[]
319199,Autosomal recessive spastic paraplegia type 53,Disease,['Infancy'],['Autosomal recessive']
319213,Lujo hemorrhagic fever,Disease,['All ages'],[]
319218,Ebola hemorrhagic fever,Disease,['All ages'],['Not applicable']
319223,Argentine hemorrhagic fever,Disease,['All ages'],[]
319229,Bolivian hemorrhagic fever,Disease,['All ages'],[]
319234,Venezuelan hemorrhagic fever,Disease,['All ages'],[]
319239,Brazilian hemorrhagic fever,Disease,['All ages'],[]
319244,Chapare hemorrhagic fever,Disease,['All ages'],[]
319251,Rift valley fever,Disease,['All ages'],[]
319254,Kyasanur forest disease,Disease,['All ages'],[]
319266,Omsk hemorrhagic fever,Disease,['All ages'],[]
319276,Clear cell renal carcinoma,Disease,"['Adult', 'Elderly']",['Not applicable']
319298,Papillary renal cell carcinoma,Disease,"['Adult', 'Elderly']",[]
319303,Chromophobe renal cell carcinoma,Disease,"['Adult', 'Elderly']",[]
319308,MiT family translocation renal cell carcinoma,Disease,"['Adolescent', 'Adult', 'Childhood', 'Elderly', 'Infancy']",[]
319319,Renal medullary carcinoma,Disease,['Adult'],[]
319322,Mucinous tubular and spindle cell renal carcinoma,Disease,"['Adolescent', 'Adult', 'Elderly']",[]
319325,Tubulocystic renal cell carcinoma,Disease,"['Adult', 'Elderly']",[]
319332,Autosomal recessive myogenic arthrogryposis multiplex congenita,Disease,['Neonatal'],['Autosomal recessive']
319340,Carney complex-trismus-pseudocamptodactyly syndrome,Disease,['Neonatal'],[]
319487,Familial papillary or follicular thyroid carcinoma,Disease,['Adult'],['Not applicable']
319504,Combined oxidative phosphorylation defect type 8,Disease,"['Infancy', 'Neonatal']",['Autosomal recessive']
319509,Combined oxidative phosphorylation defect type 9,Disease,['Infancy'],[]
319514,Combined oxidative phosphorylation defect type 13,Disease,['Infancy'],[]
319519,Combined oxidative phosphorylation defect type 14,Disease,"['Infancy', 'Neonatal']",['Autosomal recessive']
319524,Combined oxidative phosphorylation defect type 15,Disease,"['Childhood', 'Infancy']",[]
319535,Autosomal recessive mendelian susceptibility to mycobacterial diseases due to a complete deficiency,Category,['All ages'],['Autosomal recessive']
319539,Autosomal recessive mendelian susceptibility to mycobacterial diseases due to a partial deficiency,Category,['All ages'],['Autosomal recessive']
319543,Autosomal dominant mendelian susceptibility to mycobacterial diseases due to a partial deficiency,Category,[],['Autosomal dominant']
319547,Mendelian susceptibility to mycobacterial diseases due to complete IFNgammaR2 deficiency,Disease,"['Infancy', 'Neonatal']",['Autosomal recessive']
319552,Mendelian susceptibility to mycobacterial diseases due to complete IL12RB1 deficiency,Disease,['Childhood'],['Autosomal recessive']
319558,Mendelian susceptibility to mycobacterial diseases due to complete IL12B deficiency,Disease,"['Infancy', 'Neonatal']",['Autosomal recessive']
319563,Mendelian susceptibility to mycobacterial diseases due to complete ISG15 deficiency,Disease,['Childhood'],['Autosomal recessive']
319569,Autosomal recessive mendelian susceptibility to mycobacterial diseases due to partial IFNgammaR1 deficiency,Disease,['Infancy'],['Autosomal recessive']
319574,Autosomal recessive mendelian susceptibility to mycobacterial diseases due to partial IFNgammaR2 deficiency,Disease,['Infancy'],['Autosomal recessive']
319581,Autosomal dominant mendelian susceptibility to mycobacterial diseases due to partial IFNgammaR1 deficiency,Disease,['Adolescent'],['Autosomal dominant']
319589,Autosomal dominant mendelian susceptibility to mycobacterial diseases due to partial IFNgammaR2 deficiency,Disease,['Infancy'],['Autosomal dominant']
319595,Mendelian susceptibility to mycobacterial diseases due to partial STAT1 deficiency,Disease,['Childhood'],['Autosomal dominant']
319600,Mendelian susceptibility to mycobacterial diseases due to partial IRF8 deficiency,Disease,"['Infancy', 'Neonatal']",['Autosomal dominant']
319605,X-linked mendelian susceptibility to mycobacterial diseases,Disease,"['Adolescent', 'Childhood', 'Infancy']",['X-linked recessive']
319612,X-linked mendelian susceptibility to mycobacterial diseases due to IKBKG deficiency,Etiological subtype,"['Adolescent', 'Childhood']",['X-linked recessive']
319623,X-linked mendelian susceptibility to mycobacterial diseases due to CYBB deficiency,Etiological subtype,['Infancy'],['X-linked recessive']
319635,Amyloidosis cutis dyschromia,Disease,['Childhood'],[]
319640,Retinal macular dystrophy type 2,Disease,"['Adolescent', 'Adult']",[]
319646,PGM1-CDG,Disease,"['Infancy', 'Neonatal']",['Autosomal recessive']
319651,Constitutional megaloblastic anemia with severe neurologic disease,Disease,"['Childhood', 'Infancy']",[]
319671,Alazami syndrome,Malformation syndrome,"['Antenatal', 'Neonatal']",[]
319675,"Microcephalic primordial dwarfism, Dauber type",Malformation syndrome,"['Antenatal', 'Neonatal']",[]
319678,Encephalopathy-hypertrophic cardiomyopathy-renal tubular disease syndrome,Disease,['Neonatal'],[]
320342,Pure or complex autosomal dominant spastic paraplegia,Clinical group,[],['Autosomal dominant']
320346,Pure or complex autosomal recessive spastic paraplegia,Clinical group,[],['Autosomal recessive']
320355,Autosomal dominant spastic paraplegia type 41,Disease,"['Adolescent', 'Adult']",['Autosomal dominant']
320360,MT-ATP6-related mitochondrial spastic paraplegia,Disease,['Adult'],['Mitochondrial inheritance']
320365,Autosomal dominant spastic paraplegia type 36,Disease,"['Adolescent', 'Adult']",['Autosomal dominant']
320370,Autosomal recessive spastic paraplegia type 43,Disease,"['Adolescent', 'Childhood']",['Autosomal recessive']
320375,Autosomal recessive spastic paraplegia type 55,Disease,['Childhood'],['Autosomal recessive']
320380,Autosomal recessive spastic paraplegia type 54,Disease,"['Childhood', 'Infancy']",['Autosomal recessive']
320385,Hereditary sensory and autonomic neuropathy due to TECPR2 mutation,Disease,['Infancy'],['Autosomal recessive']
320391,Autosomal recessive spastic paraplegia type 46,Disease,"['Childhood', 'Infancy']",['Autosomal recessive']
320396,Autosomal recessive spastic paraplegia type 45,Disease,['Infancy'],['Autosomal recessive']
320401,Autosomal recessive spastic paraplegia type 44,Disease,"['Adolescent', 'Adult']",['Autosomal recessive']
320406,Spastic paraplegia-optic atrophy-neuropathy syndrome,Disease,"['Childhood', 'Infancy']",['Autosomal recessive']
320411,Autosomal recessive spastic paraplegia type 56,Disease,"['Childhood', 'Infancy', 'Neonatal']",['Autosomal recessive']
324262,Autosomal recessive congenital cerebellar ataxia due to MGLUR1 deficiency,Clinical subtype,"['Infancy', 'Neonatal']",['Autosomal recessive']
324290,Early-onset Lafora body disease,Disease,['Childhood'],['Autosomal recessive']
324294,T-cell immunodeficiency with epidermodysplasia verruciformis,Disease,['Childhood'],['Autosomal recessive']
324299,Multiple paragangliomas associated with polycythemia,Disease,['Childhood'],['Not applicable']
324307,Severe lateral tibial bowing-short stature-mild winged scapula-mild facial dysmorphism syndrome,Malformation syndrome,['Childhood'],['Unknown']
324313,9p13 microdeletion syndrome,Malformation syndrome,"['Infancy', 'Neonatal']","['Not applicable', 'Unknown']"
324321,Sinoatrial node dysfunction and deafness,Disease,"['Infancy', 'Neonatal']",['Autosomal recessive']
324353,Congenital achiasma,Morphological anomaly,"['Infancy', 'Neonatal']",[]
324364,Mixed sclerosing bone dystrophy with extra-skeletal manifestations,Disease,['Neonatal'],[]
324381,Hereditary inclusion body myopathy type 4,Disease,['Adult'],['Autosomal dominant']
324410,X-linked intellectual disability-cardiomegaly-congestive heart failure syndrome,Disease,"['Infancy', 'Neonatal']",['X-linked recessive']
324416,Muscular hypertrophy-hepatomegaly-polyhydramnios syndrome,Malformation syndrome,"['Infancy', 'Neonatal']",['Autosomal dominant']
324422,ALG13-CDG,Disease,"['Infancy', 'Neonatal']",['X-linked recessive']
324442,Autosomal recessive axonal neuropathy with neuromyotonia,Disease,['Childhood'],['Autosomal recessive']
324525,Hypertrophic cardiomyopathy with kidney anomalies due to mitochondrial DNA mutation,Disease,"['Infancy', 'Neonatal']",['No data available']
324530,Autoinflammation-PLCG2-associated antibody deficiency-immune dysregulation,Disease,"['Infancy', 'Neonatal']",['Autosomal dominant']
324535,Combined oxidative phosphorylation defect type 11,Disease,"['Infancy', 'Neonatal']",['Autosomal recessive']
324540,Aphonia-deafness-retinal dystrophy-bifid halluces-intellectual disability syndrome,Malformation syndrome,"['Infancy', 'Neonatal']",['Autosomal recessive']
324561,Hypopigmentation-punctate palmoplantar keratoderma syndrome,Disease,"['Infancy', 'Neonatal']",['Autosomal dominant']
324569,Pontocerebellar hypoplasia type 8,Malformation syndrome,"['Infancy', 'Neonatal']",['Autosomal recessive']
324575,Hyperinsulinism due to HNF1A deficiency,Disease,"['Infancy', 'Neonatal']",['Autosomal dominant']
324581,Benign Samaritan congenital myopathy,Disease,"['Infancy', 'Neonatal']",['Autosomal recessive']
324585,Autosomal dominant intermediate Charcot-Marie-Tooth disease with neuropathic pain,Disease,['All ages'],['Autosomal dominant']
324588,Familial dyskinesia and facial myokymia,Disease,['Childhood'],['Autosomal dominant']
324601,X-linked cleft palate and ankyloglossia,Malformation syndrome,"['Infancy', 'Neonatal']","['X-linked dominant', 'X-linked recessive']"
324604,Classic multiminicore myopathy,Clinical subtype,"['Infancy', 'Neonatal']",[]
324611,Autosomal dominant Charcot-Marie-Tooth disease type 2 due to KIF5A mutation,Disease,"['Adolescent', 'Adult', 'Childhood', 'Elderly', 'Infancy']",['Autosomal dominant']
324625,Chikungunya,Disease,['All ages'],['Not applicable']
324632,Hendra virus infection,Disease,['All ages'],[]
324636,Autoerythrocyte sensitization syndrome,Disease,['Adult'],[]
324648,Invasive non-typhoidal salmonellosis,Disease,['All ages'],[]
324703,ABetaL34V amyloidosis,Clinical subtype,"['Adult', 'Elderly']",['Autosomal dominant']
324708,"ABeta amyloidosis, Iowa type",Clinical subtype,['Elderly'],['Autosomal dominant']
324713,"ABeta amyloidosis, Italian type",Clinical subtype,"['Adult', 'Elderly']",['Autosomal dominant']
324718,ABetaA21G amyloidosis,Clinical subtype,['Adult'],['Autosomal dominant']
324723,"ABeta amyloidosis, Arctic type",Clinical subtype,"['Adult', 'Elderly']",['Autosomal dominant']
324737,SRD5A3-CDG,Disease,"['Infancy', 'Neonatal']",[]
324936,Unclassified autoinflammatory syndrome,Category,"['Antenatal', 'Infancy', 'Neonatal']",[]
324964,Chronic nonbacterial osteomyelitis/Chronic recurrent multifocal osteomyelitis,Disease,"['Adolescent', 'Childhood']",['Not applicable']
324972,MAGIC syndrome,Disease,"['Adolescent', 'Adult', 'Childhood']",[]
324977,Proteasome-associated autoinflammatory syndrome,Disease,"['Childhood', 'Infancy', 'Neonatal']",['Autosomal recessive']
325124,Testicular agenesis,Morphological anomaly,['Neonatal'],[]
325345,"46,XY ovotesticular difference of sex development",Disease,"['Antenatal', 'Neonatal']",[]
329173,Autoinflammatory syndrome with pyogenic bacterial infection and amylopectinosis,Disease,"['Infancy', 'Neonatal']",['Autosomal recessive']
329178,Congenital muscular dystrophy with intellectual disability and severe epilepsy,Disease,"['Infancy', 'Neonatal']",['Autosomal recessive']
329191,Tall stature-long halluces-multiple extra-epiphyses syndrome,Disease,['Childhood'],['Autosomal dominant']
329195,Developmental delay with autism spectrum disorder and gait instability,Disease,"['Infancy', 'Neonatal']",['Autosomal recessive']
329211,Autosomal dominant neovascular inflammatory vitreoretinopathy,Disease,['All ages'],['Autosomal dominant']
329217,Cerebral sinovenous thrombosis,Disease,['All ages'],[]
329224,Schuurs-Hoeijmakers syndrome,Malformation syndrome,"['Infancy', 'Neonatal']",['Autosomal dominant']
329228,Microcephalic primordial dwarfism due to ZNF335 deficiency,Malformation syndrome,"['Antenatal', 'Neonatal']",['Autosomal recessive']
329235,X-linked central congenital hypothyroidism with late-onset testicular enlargement,Disease,"['Infancy', 'Neonatal']",['X-linked recessive']
329242,Congenital chronic diarrhea with protein-losing enteropathy,Disease,"['Infancy', 'Neonatal']",['Autosomal recessive']
329249,Severe early-onset obesity-insulin resistance syndrome due to SH2B1 deficiency,Etiological subtype,['Childhood'],['Autosomal dominant']
329258,Autosomal dominant Charcot-Marie-Tooth disease type 2Q,Disease,"['Adolescent', 'Adult']",['Autosomal dominant']
329284,Beta-propeller protein-associated neurodegeneration,Disease,['Childhood'],[]
329308,Fatty acid hydroxylase-associated neurodegeneration,Disease,"['Adolescent', 'Childhood']",[]
329314,Adult-onset multiple mitochondrial DNA deletion syndrome due to DGUOK deficiency,Disease,['Adult'],['Autosomal recessive']
329319,Thrombocythemia with distal limb defects,Disease,"['Infancy', 'Neonatal']",['Autosomal dominant']
329324,Inverse Klippel-Trénaunay syndrome,Disease,"['Infancy', 'Neonatal']",['Unknown']
329329,Autosomal recessive frontotemporal pachygyria,Malformation syndrome,"['Infancy', 'Neonatal']",['Autosomal recessive']
329332,Microcephaly-cerebellar hypoplasia-cardiac conduction defect syndrome,Malformation syndrome,"['Infancy', 'Neonatal']",['Autosomal recessive']
329336,Adult-onset chronic progressive external ophthalmoplegia with mitochondrial myopathy,Disease,['Adult'],"['Autosomal dominant', 'Mitochondrial inheritance']"
329457,Distal arthrogryposis type 5D,Disease,['Neonatal'],['Autosomal recessive']
329466,"Autosomal dominant focal dystonia, DYT25 type",Disease,['Adult'],['Autosomal dominant']
329469,Acute megakaryoblastic leukemia in children without Down syndrome,Clinical subtype,['Childhood'],['Not applicable']
329475,Spastic paraplegia-Paget disease of bone syndrome,Disease,['Adult'],['Autosomal dominant']
329478,Adult-onset distal myopathy due to VCP mutation,Disease,['Adult'],['Autosomal dominant']
329481,Lipoprotein glomerulopathy,Disease,"['Adolescent', 'Adult', 'Childhood', 'Elderly']",['Autosomal dominant']
329802,5p13 microduplication syndrome,Malformation syndrome,"['Infancy', 'Neonatal']","['Not applicable', 'Unknown']"
329813,Mosaic genome-wide paternal uniparental disomy syndrome,Malformation syndrome,"['Antenatal', 'Neonatal']",[]
329874,Idiopathic giant cell myocarditis,Disease,"['Adolescent', 'Adult', 'Childhood', 'Infancy']",[]
329883,Non-hypoproteinemic hypertrophic gastropathy,Disease,['No data available'],['Autosomal dominant']
329894,Juvenile overlap myositis,Disease,"['Adolescent', 'Childhood']",[]
329903,Immunoglobulin-mediated membranoproliferative glomerulonephritis,Clinical subtype,[],"['Multigenic/multifactorial', 'Unknown']"
329918,C3 glomerulopathy,Clinical subtype,['All ages'],['Multigenic/multifactorial']
329942,Transient neonatal multiple acyl-CoA dehydrogenase deficiency,Disease,"['Infancy', 'Neonatal']",['Autosomal dominant']
329967,Intermittent hydrarthrosis,Disease,['Adult'],[]
329971,Generalized juvenile polyposis/juvenile polyposis coli,Clinical subtype,['All ages'],['Autosomal dominant']
329977,Classic neuroendocrine tumor of appendix,Clinical subtype,['All ages'],['Not applicable']
329984,Goblet cell carcinoma,Clinical subtype,['Adult'],['Not applicable']
330001,Wild type ATTR amyloidosis,Disease,"['Adult', 'Elderly']",['Not applicable']
330012,High altitude pulmonary edema,Particular clinical situation in a disease or syndrome,['All ages'],[]
330015,Lead poisoning,Disease,['All ages'],['Not applicable']
330021,Mercury poisoning,Disease,['All ages'],['Not applicable']
330029,Hypotrichosis-deafness syndrome,Disease,"['Infancy', 'Neonatal']",['Autosomal dominant']
330032,Hemoglobin Lepore-beta-thalassemia syndrome,Disease,['No data available'],['Autosomal recessive']
330041,Hemoglobin M disease,Disease,['No data available'],['Autosomal dominant']
330050,DNM1L-related encephalopathy due to mitochondrial and peroxisomal fission defect,Etiological subtype,"['Childhood', 'Infancy', 'Neonatal']",['Autosomal dominant']
330054,Congenital cataract-progressive muscular hypotonia-hearing loss-developmental delay syndrome,Disease,"['Infancy', 'Neonatal']",['Autosomal recessive']
330058,Hydroa vacciniforme,Disease,['Childhood'],['Not applicable']
330061,Actinic prurigo,Disease,['Childhood'],"['Multigenic/multifactorial', 'Not applicable']"
330064,Chronic actinic dermatitis,Disease,['Adult'],['Not applicable']
331176,Severe congenital neutropenia due to G6PC3 deficiency,Disease,"['Infancy', 'Neonatal']",['Autosomal recessive']
331187,Immunodeficiency due to MASP-2 deficiency,Disease,['Adolescent'],[]
331190,Immunodeficiency due to ficolin3 deficiency,Disease,['Childhood'],[]
331206,Severe combined immunodeficiency due to complete RAG1/2 deficiency,Disease,['Infancy'],['Autosomal recessive']
331226,Susceptibility to infection due to TYK2 deficiency,Disease,['Infancy'],['Autosomal recessive']
331235,Selective IgM deficiency,Disease,['All ages'],[]
352328,MEGDEL syndrome,Disease,"['Infancy', 'Neonatal']",['Autosomal recessive']
352333,Congenital ichthyosis-intellectual disability-spastic quadriplegia syndrome,Disease,"['Infancy', 'Neonatal']",['Autosomal recessive']
352403,Spectrin-associated autosomal recessive cerebellar ataxia,Disease,['Infancy'],['Autosomal recessive']
352447,Progressive external ophthalmoplegia-myopathy-emaciation syndrome,Disease,['All ages'],['Autosomal recessive']
352470,DNA2-related mitochondrial DNA deletion syndrome,Disease,['All ages'],['Autosomal dominant']
352479,ISPD-related limb-girdle muscular dystrophy R20,Disease,"['Childhood', 'Infancy']",['Autosomal recessive']
352490,Autism spectrum disorder due to AUTS2 deficiency,Disease,"['Infancy', 'Neonatal']",['Autosomal dominant']
352530,Intellectual disability-obesity-brain malformations-facial dysmorphism syndrome,Disease,"['Infancy', 'Neonatal']",['Autosomal recessive']
352540,Oncogenic osteomalacia,Disease,['All ages'],['Not applicable']
352563,Infantile hypertrophic cardiomyopathy due to MRPL44 deficiency,Disease,"['Infancy', 'Neonatal']",['Autosomal recessive']
352577,Bainbridge-Ropers syndrome,Disease,"['Antenatal', 'Infancy', 'Neonatal']","['Autosomal dominant', 'Not applicable']"
352582,Familial infantile myoclonic epilepsy,Disease,"['Infancy', 'Neonatal']",['Autosomal recessive']
352587,Focal epilepsy-intellectual disability-cerebro-cerebellar malformation,Disease,['Infancy'],['Autosomal recessive']
352596,Progressive myoclonic epilepsy with dystonia,Disease,"['Infancy', 'Neonatal']",['Autosomal recessive']
352629,16q24.1 microdeletion syndrome,Disease,"['Infancy', 'Neonatal']","['Not applicable', 'Unknown']"
352636,Phalangeal microgeodic syndrome,Disease,['Childhood'],['Not applicable']
352641,Autosomal recessive cerebellar ataxia with late-onset spasticity,Disease,"['Adolescent', 'Childhood']",['Autosomal recessive']
352649,Brain dopamine-serotonin vesicular transport disease,Disease,"['Infancy', 'Neonatal']",['Autosomal recessive']
352654,Early-onset progressive neurodegeneration-blindness-ataxia-spasticity syndrome,Disease,['Childhood'],['Autosomal recessive']
352657,Hereditary benign intraepithelial dyskeratosis,Disease,"['Infancy', 'Neonatal']",['Autosomal dominant']
352662,Corneal intraepithelial dyskeratosis-palmoplantar hyperkeratosis-laryngeal dyskeratosis syndrome,Disease,['All ages'],['Autosomal dominant']
352665,Neurodevelopmental disorder-craniofacial dysmorphism-cardiac defect-skeletal anomalies syndrome due to 9q21.3 microdeletion,Etiological subtype,"['Infancy', 'Neonatal']","['Not applicable', 'Unknown']"
352670,Autosomal dominant intermediate Charcot-Marie-Tooth disease type F,Disease,['All ages'],['Autosomal dominant']
352675,X-linked Charcot-Marie-Tooth disease type 6,Disease,['Childhood'],['X-linked dominant']
352682,Cobblestone lissencephaly without muscular or ocular involvement,Disease,"['Childhood', 'Infancy']",['Autosomal recessive']
352712,Facial dysmorphism-immunodeficiency-livedo-short stature syndrome,Disease,"['Infancy', 'Neonatal']",['Autosomal recessive']
352718,Progressive retinal dystrophy due to retinol transport defect,Disease,['Childhood'],['Autosomal recessive']
352723,Attenuated Chédiak-Higashi syndrome,Disease,['Childhood'],['Autosomal recessive']
352731,Oculocutaneous albinism type 1,Disease,"['Infancy', 'Neonatal']",['Autosomal recessive']
352734,Minimal pigment oculocutaneous albinism type 1,Clinical subtype,"['Infancy', 'Neonatal']",['Autosomal recessive']
352737,Temperature-sensitive oculocutaneous albinism type 1,Clinical subtype,"['Infancy', 'Neonatal']",['Autosomal recessive']
352745,Oculocutaneous albinism type 7,Disease,['Neonatal'],['Autosomal recessive']
352763,Scleredema,Disease,"['Adolescent', 'Adult', 'Childhood', 'Infancy']",['Not applicable']
353217,Epileptic encephalopathy with global cerebral demyelination,Disease,[],['Autosomal recessive']
353220,Familial primary localized cutaneous amyloidosis,Disease,['All ages'],['Autosomal dominant']
353253,Burning mouth syndrome,Disease,['Adult'],[]
353277,Rubinstein-Taybi syndrome due to CREBBP mutations,Etiological subtype,"['Antenatal', 'Neonatal']",[]
353281,Rubinstein-Taybi syndrome due to 16p13.3 microdeletion,Etiological subtype,"['Antenatal', 'Neonatal']",['Not applicable']
353284,Rubinstein-Taybi syndrome due to EP300 haploinsufficiency,Etiological subtype,['Neonatal'],[]
353298,Roifman syndrome,Disease,"['Antenatal', 'Neonatal']",['Autosomal recessive']
353308,"Pyruvate carboxylase deficiency, infantile type",Clinical subtype,['Infancy'],['Autosomal recessive']
353314,"Pyruvate carboxylase deficiency, severe neonatal type",Clinical subtype,"['Infancy', 'Neonatal']",['Autosomal recessive']
353320,"Pyruvate carboxylase deficiency, benign type",Clinical subtype,['Infancy'],['Autosomal recessive']
353327,Congenital myasthenic syndromes with glycosylation defect,Etiological subtype,"['Infancy', 'Neonatal']",['Autosomal recessive']
353334,Congenital retinal arteriovenous communication,Morphological anomaly,"['Infancy', 'Neonatal']",[]
356947,3q26q27 microdeletion syndrome,Malformation syndrome,"['Infancy', 'Neonatal']",['Not applicable']
356961,SLC35A2-CDG,Disease,"['Infancy', 'Neonatal']",['Unknown']
356978,"D,L-2-hydroxyglutaric aciduria",Disease,"['Infancy', 'Neonatal']",['Autosomal recessive']
356996,ANK3-related intellectual disability-sleep disturbance syndrome,Disease,['Childhood'],['Autosomal recessive']
357001,19p13.13 microdeletion syndrome,Malformation syndrome,"['Infancy', 'Neonatal']",['Unknown']
357008,Hemolytic uremic syndrome with DGKE deficiency,Disease,['Infancy'],"['Autosomal recessive', 'Not applicable']"
357027,Hereditary retinoblastoma,Clinical subtype,"['Infancy', 'Neonatal']",['Autosomal dominant']
357034,Non-hereditary retinoblastoma,Clinical subtype,"['Infancy', 'Neonatal']",['Not applicable']
357043,Amyotrophic lateral sclerosis type 4,Disease,"['Adolescent', 'Childhood']",['Autosomal dominant']
357058,Autosomal recessive cutis laxa type 2A,Disease,['Neonatal'],['Autosomal recessive']
357064,Autosomal recessive cutis laxa type 2B,Disease,[],['Autosomal recessive']
357074,"Autosomal recessive cutis laxa type 2, classic type",Clinical subtype,"['Infancy', 'Neonatal']",['Autosomal recessive']
357154,Oral submucous fibrosis,Disease,['All ages'],[]
357158,Mandibulofacial dysostosis-macroblepharon-macrostomia syndrome,Disease,"['Infancy', 'Neonatal']",[]
357175,Short ulna-dysmorphism-hypotonia-intellectual disability syndrome,Malformation syndrome,"['Infancy', 'Neonatal']",['Autosomal recessive']
357225,Primary non-essential cutis verticis gyrata,Disease,"['Adolescent', 'Childhood', 'Infancy', 'Neonatal']",[]
357237,Combined immunodeficiency due to CARD11 deficiency,Disease,"['Infancy', 'Neonatal']",['Autosomal recessive']
357329,Combined immunodeficiency due to IL21R deficiency,Disease,"['Infancy', 'Neonatal']",['Autosomal recessive']
357332,Syndactyly-camptodactyly and clinodactyly of fifth fingers-bifid toes syndrome,Malformation syndrome,"['Infancy', 'Neonatal']",['Autosomal recessive']
357502,Idiopathic nephrotic syndrome,Clinical group,['All ages'],[]
363396,High myopia-sensorineural deafness syndrome,Disease,"['Infancy', 'Neonatal']",['Autosomal recessive']
363400,Severe neurodegenerative syndrome with lipodystrophy,Disease,"['Infancy', 'Neonatal']",['Autosomal recessive']
363409,Fetal akinesia-cerebral and retinal hemorrhage syndrome,Disease,"['Infancy', 'Neonatal']",['Autosomal recessive']
363412,Hypomyelination with brain stem and spinal cord involvement and leg spasticity,Disease,"['Adolescent', 'Infancy', 'Neonatal']",['Autosomal recessive']
363417,Temtamy preaxial brachydactyly syndrome,Malformation syndrome,"['Infancy', 'Neonatal']",['Autosomal recessive']
363424,Multiple mitochondrial dysfunctions syndrome type 3,Disease,"['Infancy', 'Neonatal']",['Autosomal recessive']
363429,Autosomal recessive cerebellar ataxia-pyramidal signs-nystagmus-oculomotor apraxia syndrome,Disease,"['Infancy', 'Neonatal']",['Autosomal recessive']
363432,Autosomal recessive congenital cerebellar ataxia due to GRID2 deficiency,Clinical subtype,"['Infancy', 'Neonatal']",['Autosomal recessive']
363444,THOC6-related developmental delay-microcephaly-facial dysmorphism syndrome,Malformation syndrome,"['Infancy', 'Neonatal']",['Autosomal recessive']
363447,Autosomal dominant childhood-onset proximal spinal muscular atrophy,Disease,"['Adolescent', 'Antenatal', 'Childhood', 'Infancy', 'Neonatal']",['Autosomal dominant']
363454,BICD2-related autosomal dominant childhood-onset proximal spinal muscular atrophy,Etiological subtype,"['Antenatal', 'Childhood', 'Infancy', 'Neonatal']",['Autosomal dominant']
363478,Paratesticular adenocarcinoma,Disease,['Adult'],[]
363483,Testicular teratoma,Disease,"['Adolescent', 'Adult', 'Childhood', 'Infancy']",[]
363489,Sex cord-stromal tumor of testis,Disease,"['Adolescent', 'Adult']",[]
363494,Non-seminomatous germ cell tumor of testis,Disease,['Adult'],['Not applicable']
363523,Hypohidrosis-enamel hypoplasia-palmoplantar keratoderma-intellectual disability syndrome,Disease,"['Infancy', 'Neonatal']",['Autosomal recessive']
363528,Intellectual disability-strabismus syndrome,Disease,"['Infancy', 'Neonatal']",['Autosomal recessive']
363534,"Mitochondrial DNA depletion syndrome, hepatocerebrorenal form",Disease,"['Infancy', 'Neonatal']",['Autosomal recessive']
363540,Leukoencephalopathy with mild cerebellar ataxia and white matter edema,Disease,['All ages'],['Autosomal recessive']
363549,Acute encephalopathy with biphasic seizures and late reduced diffusion,Disease,"['Infancy', 'Neonatal']",[]
363558,New-onset refractory status epilepticus,Disease,['Adult'],[]
363567,Acute encephalopathy with inflammation-mediated status epilepticus,Clinical group,['All ages'],[]
363611,CTCF-related neurodevelopmental disorder,Disease,"['Antenatal', 'Childhood', 'Infancy', 'Neonatal']",['Autosomal dominant']
363618,LMNA-related cardiocutaneous progeria syndrome,Disease,['Childhood'],['Autosomal dominant']
363623,GMPPB-related limb-girdle muscular dystrophy R19,Disease,"['Childhood', 'Infancy', 'Neonatal']",['Autosomal recessive']
363649,Mandibular hypoplasia-deafness-progeroid features-lipodystrophy syndrome,Disease,['Childhood'],['Autosomal dominant']
363654,X-linked parkinsonism-spasticity syndrome,Disease,"['Adolescent', 'Adult']",['X-linked recessive']
363659,20q11.2 microduplication syndrome,Malformation syndrome,"['Infancy', 'Neonatal']",[]
363665,Acroosteolysis-keloid-like lesions-premature aging syndrome,Disease,"['Infancy', 'Neonatal']",['Autosomal dominant']
363677,Childhood-onset autosomal recessive myopathy with external ophthalmoplegia,Disease,['Childhood'],['Autosomal recessive']
363680,2p13.2 microdeletion syndrome,Malformation syndrome,"['Infancy', 'Neonatal']",['Autosomal dominant']
363686,Severe intellectual disability-poor language-strabismus-grimacing face-long fingers syndrome,Disease,"['Infancy', 'Neonatal']",['Autosomal dominant']
363694,Hyperuricemia-pulmonary hypertension-renal failure-alkalosis syndrome,Disease,"['Infancy', 'Neonatal']",['Autosomal recessive']
363700,Neurofibromatosis type 1 due to NF1 mutation or intragenic deletion,Etiological subtype,"['Infancy', 'Neonatal']",[]
363705,Craniofaciofrontodigital syndrome,Disease,['Neonatal'],['Unknown']
363710,Spinocerebellar ataxia type 37,Disease,['Adult'],['Autosomal dominant']
363717,Alexander disease type I,Clinical subtype,"['Infancy', 'Neonatal']",['Not applicable']
363722,Alexander disease type II,Clinical subtype,"['Adolescent', 'Adult', 'Childhood']",['Autosomal dominant']
363727,X-linked dyserythropoietic anemia with abnormal platelets and neutropenia,Disease,['All ages'],['X-linked recessive']
363741,Colobomatous microphthalmia-obesity-hypogenitalism-intellectual disability syndrome,Disease,"['Infancy', 'Neonatal']",['Autosomal dominant']
363746,Balint syndrome,Disease,['All ages'],['Not applicable']
363958,17q21.31 microdeletion syndrome,Etiological subtype,"['Infancy', 'Neonatal']",['Autosomal dominant']
363965,Koolen-De Vries syndrome due to a point mutation,Etiological subtype,"['Infancy', 'Neonatal']",['Autosomal dominant']
363969,Autosomal recessive cerebral atrophy,Disease,"['Infancy', 'Neonatal']",['Autosomal recessive']
363972,Noonan syndrome-like disorder with juvenile myelomonocytic leukemia,Malformation syndrome,"['Infancy', 'Neonatal']",['Autosomal dominant']
363976,Giant cell tumor of bone,Disease,['Adult'],['Not applicable']
363981,Charcot-Marie-Tooth disease type 4B3,Disease,['Childhood'],['Autosomal recessive']
363989,Familial benign flecked retina,Disease,[],['Autosomal recessive']
363992,Ichthyosis-short stature-brachydactyly-microspherophakia syndrome,Disease,"['Infancy', 'Neonatal']",['Autosomal recessive']
363999,Non-immune hydrops fetalis,Clinical subtype,"['Antenatal', 'Neonatal']",['Not applicable']
364013,Immune hydrops fetalis,Clinical subtype,"['Antenatal', 'Neonatal']",['Not applicable']
364028,X-linked intellectual disability due to GRIA3 mutations,Disease,['Infancy'],['X-linked recessive']
364033,Systemic Epstein-Barr virus-positive T-cell lymphoproliferative disease of childhood,Disease,['Childhood'],['Not applicable']
364039,Hydroa vacciniforme-like lymphoma,Disease,"['Adult', 'Childhood']",['Not applicable']
364043,ALK-positive large B-cell lymphoma,Disease,[],"['Multigenic/multifactorial', 'Not applicable']"
364055,Severe early-childhood-onset retinal dystrophy,Disease,"['Childhood', 'Infancy']",['Autosomal recessive']
364063,Infantile epileptic-dyskinetic encephalopathy,Disease,"['Infancy', 'Neonatal']",['X-linked recessive']
364198,Bipartite talus,Morphological anomaly,"['Adolescent', 'Adult']",['Not applicable']
364577,Intellectual disability-brachydactyly-Pierre Robin syndrome,Malformation syndrome,['Neonatal'],[]
369837,Intellectual disability-seizures-hypophosphatasia-ophthalmic-skeletal anomalies syndrome,Malformation syndrome,"['Infancy', 'Neonatal']",['Autosomal recessive']
369840,TRAPPC11-related limb-girdle muscular dystrophy R18,Disease,"['Childhood', 'Infancy']",['Autosomal recessive']
369847,Intellectual disability-hyperkinetic movement-truncal ataxia syndrome,Disease,['Childhood'],['Autosomal recessive']
369852,Congenital neutropenia-myelofibrosis-nephromegaly syndrome,Disease,"['Infancy', 'Neonatal']",['Autosomal recessive']
369861,Congenital sideroblastic anemia-B-cell immunodeficiency-periodic fever-developmental delay syndrome,Disease,"['Infancy', 'Neonatal']",['Autosomal recessive']
369867,Autosomal recessive intermediate Charcot-Marie-Tooth disease type C,Disease,"['Adult', 'All ages', 'Childhood']",['Autosomal recessive']
369873,Obesity due to SIM1 deficiency,Etiological subtype,"['Infancy', 'Neonatal']",['Autosomal recessive']
369881,2p21 microdeletion syndrome without cystinuria,Malformation syndrome,"['Infancy', 'Neonatal']",['Autosomal recessive']
369886,Homozygous 2p21 microdeletion syndrome,Clinical group,[],['Not applicable']
369891,Developmental delay-facial dysmorphism syndrome due to MED13L deficiency,Malformation syndrome,"['Infancy', 'Neonatal']",['Autosomal dominant']
369897,"Mitochondrial DNA depletion syndrome, encephalomyopathic form with variable craniofacial anomalies",Disease,"['Infancy', 'Neonatal']",['Autosomal recessive']
369913,Combined oxidative phosphorylation defect type 17,Disease,"['Infancy', 'Neonatal']",['Autosomal recessive']
369920,Pontocerebellar hypoplasia type 9,Malformation syndrome,"['Infancy', 'Neonatal']",['Autosomal recessive']
369929,Primary hyperaldosteronism-seizures-neurological abnormalities syndrome,Disease,"['Infancy', 'Neonatal']",['Not applicable']
369939,Severe motor and intellectual disabilities-sensorineural deafness-dystonia syndrome,Malformation syndrome,"['Infancy', 'Neonatal']",['Autosomal recessive']
369942,CADDS,Disease,"['Infancy', 'Neonatal']",['X-linked recessive']
369950,Intellectual disability-seizures-macrocephaly-obesity syndrome,Disease,"['Infancy', 'Neonatal']","['Not applicable', 'Unknown']"
369955,"Methylmalonic acidemia with homocystinuria, type cblJ",Clinical subtype,"['Infancy', 'Neonatal']",['Autosomal recessive']
369962,"Methylmalonic acidemia with homocystinuria, type cblX",Clinical subtype,"['Infancy', 'Neonatal']",['X-linked recessive']
369970,Microcornea-myopic chorioretinal atrophy-telecanthus syndrome,Disease,['Childhood'],['Autosomal recessive']
369979,Finger hyperphalangy-toe anomalies-severe pectus excavatum syndrome,Malformation syndrome,"['Infancy', 'Neonatal']",[]
369992,Severe dermatitis-multiple allergies-metabolic wasting syndrome,Disease,"['Infancy', 'Neonatal']",['Autosomal recessive']
369999,Diffuse palmoplantar keratoderma with painful fissures,Disease,"['Infancy', 'Neonatal']",['Autosomal dominant']
370002,Focal palmoplantar keratoderma with joint keratoses,Disease,"['Infancy', 'Neonatal']",['Autosomal dominant']
370010,Intellectual disability-facial dysmorphism-hand anomalies syndrome,Malformation syndrome,"['Infancy', 'Neonatal']",['Autosomal recessive']
370015,"Spondyloepimetaphyseal dysplasia, Isidor-Toutain type",Disease,"['Infancy', 'Neonatal']",[]
370022,Ataxia-intellectual disability-oculomotor apraxia-cerebellar cysts syndrome,Disease,"['Infancy', 'Neonatal']",['Autosomal recessive']
370026,Acute myeloid leukemia with t(8;16)(p11;p13) translocation,Disease,['All ages'],['Not applicable']
370034,Familial syringomyelia,Clinical subtype,"['Infancy', 'Neonatal']","['Autosomal dominant', 'Autosomal recessive']"
370039,Angora hair nevus,Disease,"['Infancy', 'Neonatal']","['Not applicable', 'Unknown']"
370046,Didymosis aplasticosebacea,Disease,"['Infancy', 'Neonatal']",['Not applicable']
370052,SCALP syndrome,Disease,['Neonatal'],['Not applicable']
370076,Fetal carbamazepine syndrome,Malformation syndrome,"['Antenatal', 'Infancy', 'Neonatal']",['Not applicable']
370079,Proximal 16p11.2 microduplication syndrome,Malformation syndrome,"['Infancy', 'Neonatal']",[]
370088,Acute infantile liver failure-multisystemic involvement syndrome,Disease,"['Infancy', 'Neonatal']",['Autosomal recessive']
370091,Oculocutaneous albinism type 5,Disease,"['Infancy', 'Neonatal']",['Autosomal recessive']
370097,Oculocutaneous albinism type 6,Disease,"['Infancy', 'Neonatal']",['Autosomal recessive']
370103,"Primary dystonia, DYT17 type",Disease,"['Adolescent', 'Adult']",[]
370127,Medich giant platelet syndrome,Disease,"['Infancy', 'Neonatal']",[]
370131,White platelet syndrome,Disease,['No data available'],['Autosomal dominant']
370334,Extraskeletal Ewing sarcoma,Disease,"['Adolescent', 'Adult', 'Childhood']",['Not applicable']
370348,Peripheral primitive neuroectodermal tumor,Disease,"['Adolescent', 'Adult', 'Childhood']",['Not applicable']
370396,Small cell carcinoma of the ovary,Disease,"['Adolescent', 'Adult', 'Childhood', 'Infancy']",[]
370921,STT3A-CDG,Disease,"['Infancy', 'Neonatal']",['Autosomal recessive']
370924,STT3B-CDG,Disease,"['Infancy', 'Neonatal']",['Autosomal recessive']
370927,SSR4-CDG,Disease,"['Infancy', 'Neonatal']",['X-linked recessive']
370930,XYLT1-CDG,Disease,"['Infancy', 'Neonatal']",['Autosomal recessive']
370943,Autism spectrum disorder-epilepsy-arthrogryposis syndrome,Disease,"['Infancy', 'Neonatal']",['Autosomal recessive']
370959,Congenital muscular dystrophy with cerebellar involvement,Disease,"['Infancy', 'Neonatal']",['Autosomal recessive']
370968,Congenital muscular dystrophy with intellectual disability,Disease,"['Infancy', 'Neonatal']",['Autosomal recessive']
370980,Congenital muscular dystrophy without intellectual disability,Disease,"['Infancy', 'Neonatal']",['Autosomal recessive']
370997,Muscle-eye-brain disease with bilateral multicystic leucodystrophy,Disease,['Infancy'],[]
371007,Congenital muscular dystrophy with hyperlaxity,Disease,['Neonatal'],[]
371364,Hypotonia-speech impairment-severe cognitive delay syndrome,Disease,"['Infancy', 'Neonatal']",['Autosomal recessive']
371428,Multicentric osteolysis-nodulosis-arthropathy spectrum,Disease,"['Childhood', 'Infancy']",['Autosomal recessive']
391307,Severe intellectual disability-short stature-behavioral abnormalities-facial dysmorphism syndrome,Malformation syndrome,"['Infancy', 'Neonatal']",['Autosomal recessive']
391311,Susceptibility to viral and mycobacterial infections due to STAT1 deficiency,Disease,[],['Autosomal recessive']
391316,Infantile-onset mesial temporal lobe epilepsy with severe cognitive regression,Disease,"['Infancy', 'Neonatal']",['Autosomal recessive']
391320,East Texas bleeding disorder,Etiological subtype,['Childhood'],['Autosomal dominant']
391327,X-linked calvarial hyperostosis,Disease,"['Infancy', 'Neonatal']",['X-linked recessive']
391330,X-linked osteoporosis with fractures,Disease,['Childhood'],['X-linked recessive']
391343,Fatal post-viral neurodegenerative disorder,Disease,['Childhood'],['Autosomal recessive']
391348,Growth and developmental delay-hypotonia-vision impairment-lactic acidosis syndrome,Disease,"['Infancy', 'Neonatal']",['Autosomal recessive']
391351,SURF1-related Charcot-Marie-Tooth disease type 4,Disease,['Childhood'],['Autosomal recessive']
391366,Growth retardation-mild developmental delay-chronic hepatitis syndrome,Disease,"['Infancy', 'Neonatal']",['Autosomal recessive']
391372,FOXP1 Syndrome,Malformation syndrome,"['Infancy', 'Neonatal']",[]
391376,Congenital microcephaly-severe encephalopathy-progressive cerebral atrophy syndrome,Disease,"['Infancy', 'Neonatal']",['Autosomal recessive']
391384,Familial episodic pain syndrome,Disease,"['Infancy', 'Neonatal']",['Autosomal dominant']
391389,Familial episodic pain syndrome with predominantly upper body involvement,Clinical subtype,"['Infancy', 'Neonatal']",['Autosomal dominant']
391392,Familial episodic pain syndrome with predominantly lower limb involvement,Clinical subtype,"['Infancy', 'Neonatal']",['Autosomal dominant']
391397,Hereditary sensory and autonomic neuropathy type 7,Disease,"['Infancy', 'Neonatal']",['Autosomal dominant']
391408,Primary microcephaly-mild intellectual disability-young-onset diabetes syndrome,Disease,"['Adolescent', 'Childhood']",['Autosomal recessive']
391411,Atypical juvenile parkinsonism,Disease,"['Adolescent', 'Adult']","['Autosomal recessive', 'Not applicable']"
391417,HSD10 disease,Disease,"['Childhood', 'Infancy', 'Neonatal']",['X-linked dominant']
391428,"HSD10 disease, infantile type",Clinical subtype,"['Infancy', 'Neonatal']",['X-linked dominant']
391457,"HSD10 disease, neonatal type",Clinical subtype,"['Infancy', 'Neonatal']",['X-linked dominant']
391474,Frontorhiny,Malformation syndrome,['Neonatal'],['Autosomal recessive']
391487,STAT1-related autoimmune enteropathy and endocrinopathy-susceptibility to chronic infections syndrome,Disease,['Infancy'],['Autosomal dominant']
391490,Adult-onset myasthenia gravis,Clinical subtype,['Adult'],"['Multigenic/multifactorial', 'Not applicable']"
391497,Juvenile myasthenia gravis,Clinical subtype,"['Adolescent', 'Childhood', 'Infancy', 'Neonatal']",['Not applicable']
391504,Transient neonatal myasthenia gravis,Clinical subtype,"['Antenatal', 'Neonatal']",['Not applicable']
391641,Feingold syndrome type 1,Clinical subtype,"['Antenatal', 'Neonatal']",['Autosomal dominant']
391646,Feingold syndrome type 2,Clinical subtype,"['Antenatal', 'Neonatal']",['Autosomal dominant']
391651,Glomus tumor,Disease,['All ages'],[]
391655,Off-periods in Parkinson disease not responding to oral treatment,Particular clinical situation in a disease or syndrome,"['Adult', 'Elderly']",['Not applicable']
391665,Homozygous familial hypercholesterolemia,Disease,['Neonatal'],"['Autosomal dominant', 'Autosomal recessive']"
391673,Necrotizing enterocolitis,Disease,['Neonatal'],['Not applicable']
391677,Short stature-optic atrophy-Pelger-Huët anomaly syndrome,Malformation syndrome,"['Infancy', 'Neonatal']",['Autosomal recessive']
391723,Mucinous adenocarcinoma of the appendix,Disease,"['Adult', 'Elderly']",[]
394529,"Multiple acyl-CoA dehydrogenase deficiency, severe neonatal type",Clinical subtype,"['Infancy', 'Neonatal']",[]
397587,Deep dermatophytosis,Disease,"['Adult', 'Childhood']",['Not applicable']
397590,Silver-Russell syndrome due to a point mutation,Etiological subtype,"['Antenatal', 'Neonatal']",['Autosomal dominant']
397593,Severe neonatal lactic acidosis due to NFS1-ISD11 complex deficiency,Disease,['Neonatal'],['Autosomal recessive']
397596,Activated PI3K-delta syndrome,Disease,"['Adult', 'Childhood', 'Infancy']",['Autosomal dominant']
397606,PrP systemic amyloidosis,Disease,['Adult'],['Autosomal dominant']
397612,Macrocephaly-developmental delay syndrome,Malformation syndrome,['Neonatal'],['Autosomal recessive']
397615,Obesity due to CEP19 deficiency,Etiological subtype,['Childhood'],['Autosomal recessive']
397618,Foveal hypoplasia-optic nerve decussation defect-anterior segment dysgenesis syndrome,Disease,['Neonatal'],['Autosomal recessive']
397623,Short stature-auditory canal atresia-mandibular hypoplasia-skeletal anomalies syndrome,Malformation syndrome,['Neonatal'],['Autosomal recessive']
397685,Familial hyperprolactinemia,Disease,['Adult'],['Autosomal dominant']
397692,Hereditary isolated aplastic anemia,Disease,['Childhood'],"['Autosomal dominant', 'Autosomal recessive']"
397695,3q27.3 microdeletion syndrome,Disease,['Infancy'],['Autosomal dominant']
397709,Intellectual disability-coarse face-macrocephaly-cerebellar hypotrophy syndrome,Malformation syndrome,['Infancy'],['Autosomal recessive']
397715,Joubert syndrome with Jeune asphyxiating thoracic dystrophy,Malformation syndrome,['Neonatal'],['Autosomal recessive']
397725,COASY protein-associated neurodegeneration,Disease,['Childhood'],['Autosomal recessive']
397735,Autosomal dominant Charcot-Marie-Tooth disease type 2U,Disease,['Adult'],['Autosomal dominant']
397744,Peripheral neuropathy-myopathy-hoarseness-hearing loss syndrome,Disease,['Childhood'],['Autosomal dominant']
397750,Periodic paralysis with later-onset distal motor neuropathy,Disease,"['Adolescent', 'Adult']",['Mitochondrial inheritance']
397755,Periodic paralysis with transient compartment-like syndrome,Disease,['All ages'],[]
397758,Retinal dystrophy with inner retinal dysfunction and ganglion cell anomalies,Disease,['Adult'],['Autosomal dominant']
397787,Combined immunodeficiency due to IKK2 deficiency,Disease,['Infancy'],['Autosomal recessive']
397922,Ferro-cerebro-cutaneous syndrome,Disease,['Infancy'],['X-linked recessive']
397927,Sacral agenesis-abnormal ossification of the vertebral bodies-persistent notochordal canal syndrome,Malformation syndrome,"['Antenatal', 'Neonatal']",['Autosomal recessive']
397933,Severe intellectual disability-progressive postnatal microcephaly-midline stereotypic hand movements syndrome,Disease,"['Infancy', 'Neonatal']",['X-linked recessive']
397937,Polyglucosan body myopathy type 1,Disease,"['Adolescent', 'Childhood']",['Autosomal recessive']
397941,MAN1B1-CDG,Disease,"['Childhood', 'Infancy']",['Autosomal recessive']
397946,Autosomal spastic paraplegia type 58,Disease,"['Adolescent', 'Adult', 'Childhood', 'Elderly', 'Infancy']","['Autosomal dominant', 'Autosomal recessive']"
397951,Microcephaly-thin corpus callosum-intellectual disability syndrome,Disease,['Infancy'],['Autosomal recessive']
397959,TCR-alpha-beta-positive T-cell deficiency,Disease,['Infancy'],['Autosomal recessive']
397964,Combined immunodeficiency due to MALT1 deficiency,Disease,['Infancy'],['Autosomal recessive']
397968,Charcot-Marie-Tooth disease type 2R,Disease,['Infancy'],['Autosomal recessive']
397973,Intellectual disability-obesity-prognathism-eye and skin anomalies syndrome,Disease,['Neonatal'],['Autosomal recessive']
398043,Malignant tumor of penis,Category,['Elderly'],[]
398053,Adenocarcinoma of the penis,Disease,['Elderly'],[]
398058,Squamous cell carcinoma of the penis,Disease,['Elderly'],[]
398063,Refractory celiac disease,Disease,['All ages'],['Not applicable']
398069,Schaaf-Yang syndrome,Disease,['Neonatal'],['Not applicable']
398073,Prader-Willi-like syndrome,Clinical group,['Neonatal'],[]
398079,SIM1-related Prader-Willi-like syndrome,Disease,"['Antenatal', 'Infancy', 'Neonatal']",[]
398088,Hereditary cryohydrocytosis with normal stomatin,Disease,['Neonatal'],['Autosomal dominant']
398091,Secondary neonatal autoimmune disease,Category,['Neonatal'],[]
398097,Neonatal antiphospholipid syndrome,Disease,['Neonatal'],[]
398109,Neonatal autoimmune hemolytic anemia,Disease,['Neonatal'],[]
398117,Neonatal dermatomyositis,Disease,['Neonatal'],[]
398124,Neonatal lupus erythematosus,Disease,['Neonatal'],['Not applicable']
398127,Neonatal scleroderma,Disease,['Neonatal'],[]
398147,Persistent idiopathic facial pain,Disease,['Adult'],[]
398156,Oculoauriculofrontonasal syndrome,Malformation syndrome,['Neonatal'],['Unknown']
398166,Focal facial dermal dysplasia,Malformation syndrome,"['Antenatal', 'Neonatal']","['Autosomal dominant', 'Autosomal recessive']"
398173,Focal facial dermal dysplasia type II,Clinical subtype,"['Antenatal', 'Neonatal']",['Autosomal dominant']
398189,Focal facial dermal dysplasia type IV,Clinical subtype,"['Antenatal', 'Neonatal']",['Autosomal recessive']
398934,Malignant epithelial tumor of ovary,Category,['Adult'],[]
398940,Malignant non-epithelial tumor of ovary,Category,['Adult'],[]
398961,Mucinous adenocarcinoma of ovary,Disease,['Adult'],[]
398971,Clear cell adenocarcinoma of the ovary,Disease,['Adult'],[]
398987,Malignant teratoma of ovary,Disease,"['Adolescent', 'Adult', 'Childhood', 'Infancy']",['Unknown']
399058,Alpha-B crystallin-related late-onset myopathy,Disease,['Adult'],['Autosomal dominant']
399081,KLHL9-related early-onset distal myopathy,Disease,"['Adolescent', 'Childhood']",[]
399086,Finnish upper limb-onset distal myopathy,Disease,['Adult'],[]
399096,Distal anoctaminopathy,Disease,"['Adolescent', 'Adult']",[]
399103,Distal nebulin myopathy,Disease,"['Adolescent', 'Adult', 'Childhood', 'Infancy']",[]
399180,Secondary non-traumatic avascular necrosis,Disease,['Adult'],['Not applicable']
399329,Epiphysiolysis of the hip,Disease,"['Adolescent', 'Childhood']",[]
399805,Male infertility with azoospermia or oligozoospermia due to single gene mutation,Disease,"['Adolescent', 'Adult']","['Autosomal dominant', 'Autosomal recessive', 'X-linked recessive']"
399808,Male infertility with teratozoospermia due to single gene mutation,Disease,"['Adolescent', 'Adult']",[]
401764,Pancytopenia-developmental delay syndrome,Disease,['Adolescent'],['Autosomal recessive']
401768,Proximal myopathy with extrapyramidal signs,Disease,"['Childhood', 'Infancy']",['Autosomal recessive']
401777,Optic atrophy-intellectual disability syndrome,Disease,['Neonatal'],['Autosomal dominant']
401780,Autosomal recessive spastic paraplegia type 61,Disease,['Infancy'],['Autosomal recessive']
401785,Autosomal recessive spastic paraplegia type 62,Disease,"['Childhood', 'Infancy']",['Autosomal recessive']
401795,Autosomal recessive spastic paraplegia type 59,Disease,['Infancy'],['Autosomal recessive']
401800,Autosomal recessive spastic paraplegia type 60,Disease,['Infancy'],['Autosomal recessive']
401805,Autosomal recessive spastic paraplegia type 63,Disease,['Infancy'],['Autosomal recessive']
401810,Autosomal recessive spastic paraplegia type 64,Disease,"['Childhood', 'Infancy']",['Autosomal recessive']
401815,Autosomal recessive spastic paraplegia type 66,Disease,['Infancy'],['Autosomal recessive']
401820,Autosomal recessive spastic paraplegia type 67,Disease,"['Childhood', 'Infancy']",['Autosomal recessive']
401830,Autosomal recessive spastic paraplegia type 69,Disease,['Infancy'],['Autosomal recessive']
401835,Autosomal recessive spastic paraplegia type 70,Disease,['Infancy'],['Autosomal recessive']
401840,Autosomal recessive spastic paraplegia type 71,Disease,['Infancy'],['Autosomal recessive']
401849,Autosomal spastic paraplegia type 72,Disease,['Childhood'],"['Autosomal dominant', 'Autosomal recessive']"
401854,Lipoic acid biosynthesis defect,Category,"['Childhood', 'Neonatal']",['Autosomal recessive']
401859,Lipoic acid synthetase deficiency,Disease,['Neonatal'],['Autosomal recessive']
401862,Lipoyl transferase 1 deficiency,Disease,"['Infancy', 'Neonatal']",['Autosomal recessive']
401866,Childhood-onset spasticity with hyperglycinemia,Disease,['Childhood'],['Autosomal recessive']
401869,Multiple mitochondrial dysfunctions syndrome type 1,Disease,['Neonatal'],['Autosomal recessive']
401874,Multiple mitochondrial dysfunctions syndrome type 2,Disease,['Neonatal'],['Autosomal recessive']
401901,Huntington disease-like syndrome due to C9ORF72 expansions,Disease,['Adult'],['Autosomal dominant']
401911,AXIN2-related attenuated familial adenomatous polyposis,Clinical subtype,['Adult'],[]
401920,Fibrolamellar hepatocellular carcinoma,Disease,"['Adolescent', 'Adult']",['Not applicable']
401923,9q31.1q31.3 microdeletion syndrome,Malformation syndrome,['Neonatal'],['Unknown']
401935,14q24.1q24.3 microdeletion syndrome,Malformation syndrome,['Neonatal'],['Unknown']
401942,Familial median cleft of the upper and lower lips,Malformation syndrome,['Neonatal'],['Unknown']
401945,Moyamoya disease with early-onset achalasia,Disease,"['Infancy', 'Neonatal']",['Autosomal recessive']
401948,Hyperammonemic encephalopathy due to carbonic anhydrase VA deficiency,Disease,"['Childhood', 'Infancy', 'Neonatal']",['Autosomal recessive']
401953,Episodic ataxia with slurred speech,Disease,['Infancy'],['Autosomal dominant']
401959,Partial corpus callosum agenesis-cerebellar vermis hypoplasia with posterior fossa cysts syndrome,Malformation syndrome,['Neonatal'],['Autosomal recessive']
401964,Autosomal dominant Charcot-Marie-Tooth disease type 2 with giant axons,Disease,"['Childhood', 'Infancy']",['Autosomal dominant']
401973,MEND syndrome,Malformation syndrome,"['Infancy', 'Neonatal']",['X-linked recessive']
401979,"Autosomal recessive spondylometaphyseal dysplasia, Mégarbané type",Malformation syndrome,['Antenatal'],['Autosomal recessive']
401986,1p31p32 microdeletion syndrome,Malformation syndrome,['Neonatal'],['Unknown']
401993,Cold-induced sweating syndrome-hyperthermia spectrum,Clinical group,[],['Autosomal recessive']
401996,Karyomegalic interstitial nephritis,Disease,['Adult'],['Autosomal recessive']
402003,Autosomal dominant focal non-epidermolytic palmoplantar keratoderma with plantar blistering,Disease,['Childhood'],['Autosomal dominant']
402007,Lichen myxedematosus,Clinical group,"['Adult', 'Infancy']",[]
402035,Eosinophilic colitis,Disease,"['Adult', 'Infancy']",[]
402041,Autosomal recessive distal renal tubular acidosis,Clinical subtype,"['Childhood', 'Infancy']",['Autosomal recessive']
402075,Familial bicuspid aortic valve,Morphological anomaly,"['Infancy', 'Neonatal']",['Autosomal dominant']
402082,Progressive myoclonic epilepsy type 5,Disease,['Adolescent'],['Autosomal dominant']
402364,Infantile cerebral and cerebellar atrophy with postnatal progressive microcephaly,Malformation syndrome,['Infancy'],['Autosomal recessive']
402823,Hepatitis delta,Disease,['All ages'],['Not applicable']
404437,Diffuse cerebral and cerebellar atrophy-intractable seizures-progressive microcephaly syndrome,Malformation syndrome,"['Infancy', 'Neonatal']",['Autosomal recessive']
404440,Intellectual disability-facial dysmorphism syndrome due to SETD5 haploinsufficiency,Malformation syndrome,"['Infancy', 'Neonatal']",['Autosomal dominant']
404443,Tatton-Brown-Rahman syndrome,Malformation syndrome,['Neonatal'],['Autosomal dominant']
404448,ADNP syndrome,Malformation syndrome,"['Childhood', 'Infancy']",['Unknown']
404451,FBLN1-related developmental delay-central nervous system anomaly-syndactyly syndrome,Malformation syndrome,['Neonatal'],['Autosomal recessive']
404454,Alacrimia-choreoathetosis-liver dysfunction syndrome,Disease,"['Infancy', 'Neonatal']",['Autosomal recessive']
404463,Multisystemic smooth muscle dysfunction syndrome,Disease,['Infancy'],['Unknown']
404466,Female infertility due to zona pellucida defect,Disease,['Adult'],"['Autosomal dominant', 'Autosomal recessive']"
404473,Severe intellectual disability-progressive spastic diplegia syndrome,Malformation syndrome,['Infancy'],['Unknown']
404476,Global developmental delay-lung cysts-overgrowth-Wilms tumor syndrome,Malformation syndrome,['Infancy'],['Not applicable']
404481,Autosomal recessive cerebellar ataxia-epilepsy-intellectual disability syndrome,Clinical group,[],['Autosomal recessive']
404493,Autosomal recessive cerebellar ataxia-epilepsy-intellectual disability syndrome due to TUD deficiency,Disease,"['Childhood', 'Infancy']",['Autosomal recessive']
404499,Autosomal recessive cerebellar ataxia-epilepsy-intellectual disability syndrome due to RUBCN deficiency,Disease,['Infancy'],['Autosomal recessive']
404507,Chondromyxoid fibroma,Disease,"['Adolescent', 'Adult', 'Childhood', 'Elderly']",['Not applicable']
404514,Acquired cystic disease-associated renal cell carcinoma,Disease,"['Adult', 'Elderly']",[]
404521,Spinal muscular atrophy with respiratory distress type 2,Disease,['Neonatal'],['Unknown']
404546,DITRA,Disease,['All ages'],['Autosomal recessive']
404553,Adenosine deaminase 2 deficiency,Disease,"['Childhood', 'Infancy']",['Autosomal recessive']
404560,Familial atypical multiple mole melanoma syndrome,Disease,['All ages'],['Autosomal dominant']
411493,Pontocerebellar hypoplasia type 10,Malformation syndrome,['Neonatal'],['Autosomal recessive']
411501,Williams-Campbell syndrome,Morphological anomaly,"['Adult', 'Childhood']",['Not applicable']
411511,Angelman syndrome due to a point mutation,Etiological subtype,['Infancy'],['Not applicable']
411515,Angelman syndrome due to imprinting defect in 15q11-q13,Etiological subtype,['Infancy'],['Not applicable']
411527,Central retinal vein occlusion,Particular clinical situation in a disease or syndrome,"['Adult', 'Elderly']",['Not applicable']
411536,Mild phosphoribosylpyrophosphate synthetase superactivity,Clinical subtype,"['Adolescent', 'Adult']",['X-linked recessive']
411543,Severe phosphoribosylpyrophosphate synthetase superactivity,Clinical subtype,"['Childhood', 'Infancy', 'Neonatal']",['X-linked recessive']
411590,Wolfram-like syndrome,Disease,['Childhood'],['Autosomal dominant']
411593,Insulin autoimmune syndrome,Disease,"['Adult', 'Elderly']",['Not applicable']
411602,Hereditary late-onset Parkinson disease,Disease,"['Adult', 'Elderly']",['Autosomal dominant']
411629,Infantile nephropathic cystinosis,Clinical subtype,['Infancy'],['Autosomal recessive']
411634,Juvenile nephropathic cystinosis,Clinical subtype,"['Adolescent', 'Childhood']",['Autosomal recessive']
411641,Ocular cystinosis,Clinical subtype,['Adult'],['Autosomal recessive']
411696,Proton-pump inhibitor-responsive esophageal eosinophilia,Disease,"['Adolescent', 'Adult', 'Childhood']",['Not applicable']
411703,Pulmonary non-tuberculous mycobacterial infection,Disease,['All ages'],['Not applicable']
411709,Renal agenesis,Morphological anomaly,"['Antenatal', 'Neonatal']","['Autosomal dominant', 'Autosomal recessive']"
411712,Maternal riboflavin deficiency,Disease,['Adult'],['Autosomal dominant']
411777,Generalized eruptive keratoacanthoma,Disease,"['Adult', 'Elderly']",['Not applicable']
411788,Familial isolated trichomegaly,Disease,['Neonatal'],['Autosomal recessive']
411986,Early-onset epileptic encephalopathy-cortical blindness-intellectual disability-facial dysmorphism syndrome,Malformation syndrome,['Infancy'],['Autosomal recessive']
412022,Facial dysmorphism-lens dislocation-anterior segment abnormalities-spontaneous filtering blebs syndrome,Malformation syndrome,"['Adolescent', 'Childhood']",['Autosomal recessive']
412035,13q12.3 microdeletion syndrome,Malformation syndrome,['Neonatal'],['Unknown']
412057,Autosomal recessive cerebellar ataxia due to STUB1 deficiency,Disease,"['Adolescent', 'Adult', 'Childhood']",['Autosomal recessive']
412066,PRKAR1B-related neurodegenerative dementia with intermediate filaments,Disease,['Adult'],['Autosomal dominant']
412069,AHDC1-related intellectual disability-obstructive sleep apnea-mild dysmorphism syndrome,Malformation syndrome,['Neonatal'],['Autosomal dominant']
412181,Epidermolysis bullosa simplex due to BP230 deficiency,Disease,['Adult'],['Autosomal recessive']
412189,Epidermolysis bullosa simplex due to exophilin 5 deficiency,Disease,['Childhood'],['Autosomal recessive']
412206,Primary failure of tooth eruption,Disease,[],['Autosomal dominant']
412217,Dystonia-aphonia syndrome,Disease,"['Adolescent', 'Adult', 'Childhood', 'Infancy']",['Autosomal dominant']
415286,Bilirubin encephalopathy,Clinical group,"['Infancy', 'Neonatal']",['Not applicable']
418945,"Carcinoma of esophagus, salivary gland type",Disease,"['Adult', 'Elderly']",['Not applicable']
418951,Undifferentiated carcinoma of esophagus,Disease,"['Adult', 'Elderly']",['Not applicable']
418959,Squamous cell carcinoma of the stomach,Disease,"['Adult', 'Elderly']",['Not applicable']
420179,Malan overgrowth syndrome,Malformation syndrome,['Infancy'],"['Autosomal dominant', 'Unknown']"
420259,Secondary pulmonary alveolar proteinosis,Disease,[],['Not applicable']
420402,Semicircular canal dehiscence syndrome,Clinical syndrome,['All ages'],['Not applicable']
420429,"Glycogen storage disease due to acid maltase deficiency, late-onset",Clinical subtype,"['Adolescent', 'Adult']",['Autosomal recessive']
420485,Cranio-cervical dystonia with laryngeal and upper-limb involvement,Disease,"['Adolescent', 'Adult', 'Childhood']",['Autosomal dominant']
420492,"Adult-onset cervical dystonia, DYT23 type",Disease,['Adult'],['Autosomal dominant']
420556,Visual snow syndrome,Disease,[],['Not applicable']
420561,Temple-Baraitser syndrome,Disease,"['Infancy', 'Neonatal']",['Autosomal dominant']
420566,Bleeding disorder due to CalDAG-GEFI deficiency,Disease,['Infancy'],['Autosomal recessive']
420573,Severe combined immunodeficiency due to CTPS1 deficiency,Disease,"['Childhood', 'Infancy', 'Neonatal']",['Autosomal recessive']
420584,Postaxial polydactyly-anterior pituitary anomalies-facial dysmorphism syndrome,Malformation syndrome,"['Antenatal', 'Neonatal']",['Autosomal dominant']
420611,Transient myeloproliferative syndrome,Disease,"['Antenatal', 'Neonatal']",['Not applicable']
420686,Woolly hair-palmoplantar keratoderma syndrome,Disease,"['Childhood', 'Infancy', 'Neonatal']",['Autosomal recessive']
420699,Autosomal recessive severe congenital neutropenia due to CXCR2 deficiency,Disease,"['Infancy', 'Neonatal']",['Autosomal recessive']
420702,Autosomal recessive severe congenital neutropenia due to CSF3R deficiency,Disease,"['Infancy', 'Neonatal']",['Autosomal recessive']
420728,Combined oxidative phosphorylation defect type 20,Disease,['Infancy'],['Autosomal recessive']
420733,Combined oxidative phosphorylation defect type 21,Disease,['Neonatal'],['Autosomal recessive']
420741,RIDDLE syndrome,Malformation syndrome,"['Adolescent', 'Infancy']",['Autosomal recessive']
420789,Autoimmune encephalopathy with parasomnia and obstructive sleep apnea,Disease,"['Adult', 'Elderly']",['Not applicable']
420794,Cono-spondylar dysplasia,Malformation syndrome,"['Infancy', 'Neonatal']",['Autosomal recessive']
422526,Hereditary clear cell renal cell carcinoma,Disease,['Adult'],['Unknown']
423275,Spinocerebellar ataxia type 40,Disease,['Adult'],['Autosomal dominant']
423296,Spinocerebellar ataxia type 38,Disease,['Adult'],['Autosomal dominant']
423306,Microcephaly-short stature-intellectual disability-facial dysmorphism syndrome,Malformation syndrome,"['Infancy', 'Neonatal']",['Autosomal recessive']
423384,Severe congenital neutropenia due to JAGN1 deficiency,Disease,"['Infancy', 'Neonatal']",['Autosomal recessive']
423454,Nail and teeth abnormalities-marginal palmoplantar keratoderma-oral hyperpigmentation syndrome,Disease,['Infancy'],['Autosomal recessive']
423461,Mucolipidosis type III alpha/beta,Clinical subtype,"['Adolescent', 'Adult', 'Childhood', 'Infancy', 'Neonatal']",['Autosomal recessive']
423470,Mucolipidosis type III gamma,Clinical subtype,[],['Autosomal recessive']
423479,X-linked intellectual disability-limb spasticity-retinal dystrophy-arginine vasopressin deficiency,Disease,"['Antenatal', 'Neonatal']",['X-linked recessive']
423655,ARX-related encephalopathy-brain malformation spectrum,Clinical group,"['Antenatal', 'Childhood', 'Infancy', 'Neonatal']",[]
423693,Double outlet right ventricle with subaortic or doubly committed ventricular septal defect,Clinical subtype,[],['Multigenic/multifactorial']
423712,"Double outlet right ventricle with atrioventricular septal defect, pulmonary stenosis, heterotaxy",Clinical subtype,[],['Multigenic/multifactorial']
423717,Cutaneous larva migrans,Disease,[],['Not applicable']
423786,Undifferentiated carcinoma of stomach,Disease,['Adult'],['Not applicable']
423894,Microcephaly-complex motor and sensory axonal neuropathy syndrome,Disease,"['Antenatal', 'Infancy', 'Neonatal']",['Autosomal recessive']
423968,Squamous cell carcinoma of the small intestine,Disease,"['Adult', 'Elderly']",['Not applicable']
423994,Squamous cell carcinoma of the colon,Disease,['Adult'],['Not applicable']
424002,Squamous cell carcinoma of the rectum,Disease,['Adult'],['Not applicable']
424016,Adenocarcinoma of the anal canal,Disease,['Adult'],['Not applicable']
424019,Squamous cell carcinoma of the anal canal,Disease,['Adult'],['Not applicable']
424027,Progressive myoclonic epilepsy type 8,Disease,"['Adolescent', 'Childhood']",['Autosomal recessive']
424039,Squamous cell carcinoma of pancreas,Disease,['Adult'],['Not applicable']
424046,Acinar cell carcinoma of pancreas,Disease,['Adult'],['Not applicable']
424053,Mucinous cystadenocarcinoma of the pancreas,Disease,['Adult'],['Not applicable']
424058,Intraductal papillary mucinous carcinoma of pancreas,Disease,['Adult'],['Not applicable']
424065,Solid pseudopapillary carcinoma of pancreas,Disease,['Adult'],['Not applicable']
424073,Serous cystadenocarcinoma of pancreas,Disease,['Adult'],['Not applicable']
424080,Undifferentiated carcinoma with osteoclast-like giant cells of pancreas,Disease,['Adult'],['Not applicable']
424099,Colobomatous microphthalmia-rhizomelic dysplasia syndrome,Malformation syndrome,"['Antenatal', 'Neonatal']","['Autosomal dominant', 'Autosomal recessive']"
424107,Congenital myopathy with myasthenic-like onset,Disease,"['Infancy', 'Neonatal']",['Autosomal recessive']
424261,TOR1AIP1-related limb-girdle muscular dystrophy,Disease,"['Adolescent', 'Childhood']",['Autosomal recessive']
424943,Adenocarcinoma of the liver and intrahepatic biliary tract,Disease,['Adult'],['Not applicable']
424970,Undifferentiated carcinoma of liver and intrahepatic biliary tract,Disease,['Adult'],['Not applicable']
424975,Squamous cell carcinoma of liver and intrahepatic biliary tract,Disease,['Adult'],['Not applicable']
424982,Biliary cystadenocarcinoma,Disease,['Adult'],['Not applicable']
424991,Adenocarcinoma of the gallbladder and extrahepatic biliary tract,Disease,['Adult'],['Not applicable']
424996,Squamous cell carcinoma of gallbladder and extrahepatic biliary tract,Disease,['Adult'],['Not applicable']
425120,STING-associated vasculopathy with onset in infancy,Disease,['Infancy'],['Autosomal dominant']
431140,X-linked colobomatous microphthalmia-microcephaly-intellectual disability-short stature syndrome,Malformation syndrome,"['Antenatal', 'Neonatal']",['X-linked recessive']
431149,Combined immunodeficiency due to OX40 deficiency,Disease,['Childhood'],['Autosomal recessive']
431166,Primary immunodeficiency with post-measles-mumps-rubella vaccine viral infection,Disease,['Infancy'],['Autosomal recessive']
431255,Scapuloperoneal spinal muscular atrophy,Disease,"['Childhood', 'Infancy', 'Neonatal']",['Autosomal dominant']
431272,X-linked scapuloperoneal muscular dystrophy,Disease,['Adult'],['X-linked dominant']
431329,Autosomal recessive spastic paraplegia type 57,Disease,['Infancy'],['Autosomal recessive']
431341,Patent urachus,Morphological anomaly,['Neonatal'],['Not applicable']
431344,Urachal sinus,Morphological anomaly,"['Infancy', 'Neonatal']",['Not applicable']
431347,Urachal diverticulum,Morphological anomaly,[],['Not applicable']
431353,Pulmonary veno-occlusive disease and/or pulmonary capillary haemangiomatosis,Category,['All ages'],[]
431361,Progressive encephalopathy with leukodystrophy due to DECR deficiency,Disease,"['Infancy', 'Neonatal']",['Autosomal recessive']
434179,Orofaciodigital syndrome type 14,Malformation syndrome,"['Antenatal', 'Neonatal']",['Autosomal recessive']
434809,Syndrome with woolly hair,Category,['Neonatal'],[]
435329,Familial ossifying fibroma,Disease,"['Adolescent', 'Adult', 'Childhood']",['Autosomal dominant']
435372,Anterior urethral valve,Morphological anomaly,"['Adolescent', 'Antenatal', 'Childhood', 'Infancy', 'Neonatal']",['Not applicable']
435387,Autosomal dominant Charcot-Marie-Tooth disease type 2Y,Disease,"['Adult', 'Childhood']",['Autosomal dominant']
435438,Progressive myoclonic epilepsy type 7,Disease,['Childhood'],['Autosomal dominant']
435628,Keppen-Lubinsky syndrome,Malformation syndrome,['Neonatal'],"['Autosomal dominant', 'Not applicable']"
435638,3p25.3 microdeletion syndrome,Malformation syndrome,"['Infancy', 'Neonatal']",['Not applicable']
435651,CIDEC-related familial partial lipodystrophy,Disease,['Adolescent'],['Autosomal recessive']
435660,LIPE-related familial partial lipodystrophy,Disease,['Adult'],['Autosomal recessive']
435743,Congenital urachal anomaly,Category,"['Antenatal', 'Neonatal']",[]
435804,Short stature-advanced bone age-early-onset osteoarthritis syndrome,Disease,"['Adolescent', 'Childhood']",['Autosomal dominant']
435819,Autosomal dominant Charcot-Marie-Tooth disease type 2 due to TFG mutation,Disease,['Adult'],['Autosomal dominant']
435845,Lethal neonatal spasticity-epileptic encephalopathy syndrome,Malformation syndrome,['Neonatal'],['Autosomal recessive']
435930,Colobomatous optic disc-macular atrophy-chorioretinopathy syndrome,Disease,['Neonatal'],['Autosomal recessive']
435934,COG2-CDG,Disease,['Infancy'],['Autosomal recessive']
435938,X-linked microcephaly-growth retardation-prognathism-cryptorchidism syndrome,Malformation syndrome,"['Antenatal', 'Neonatal']",['X-linked recessive']
435953,Progeroid features-hepatocellular carcinoma predisposition syndrome,Disease,"['Adolescent', 'Childhood']",['Autosomal recessive']
435988,Chronic atrial and intestinal dysrhythmia syndrome,Disease,"['Adolescent', 'Adult', 'Childhood']",['Autosomal recessive']
435998,Autosomal recessive intermediate Charcot-Marie-Tooth disease type D,Disease,['Childhood'],['Autosomal recessive']
436003,Contractures-developmental delay-Pierre Robin syndrome,Malformation syndrome,"['Antenatal', 'Neonatal']",['Unknown']
436141,HIDEA syndrome,Malformation syndrome,"['Infancy', 'Neonatal']",['Autosomal recessive']
436144,Intrauterine growth restriction-short stature-early adult-onset diabetes syndrome,Disease,"['Antenatal', 'Neonatal']",['Autosomal dominant']
436159,Autoimmune lymphoproliferative syndrome due to CTLA4 haploinsuffiency,Disease,"['Adolescent', 'Adult', 'Childhood']",['Autosomal dominant']
436166,Periodic fever-infantile enterocolitis-autoinflammatory syndrome,Disease,['Neonatal'],['Autosomal dominant']
436169,Thrombomodulin-related bleeding disorder,Disease,['All ages'],['Autosomal dominant']
436174,Cataract-growth hormone deficiency-sensory neuropathy-sensorineural hearing loss-skeletal dysplasia syndrome,Disease,"['Childhood', 'Infancy']",['Autosomal recessive']
436182,Microcephalic primordial dwarfism-insulin resistance syndrome,Malformation syndrome,"['Childhood', 'Infancy', 'Neonatal']",['Autosomal recessive']
436242,Familial atrial tachyarrhythmia-infra-Hisian cardiac conduction disease,Disease,['Adult'],['Autosomal dominant']
436245,Retinitis pigmentosa-juvenile cataract-short stature-intellectual disability syndrome,Disease,['Childhood'],['Autosomal recessive']
436252,Combined immunodeficiency-enteropathy spectrum,Disease,['Neonatal'],['Autosomal recessive']
436271,Non-progressive predominantly posterior cavitating leukoencephalopathy with peripheral neuropathy,Disease,['Childhood'],['Autosomal recessive']
436274,Pseudoxanthoma elasticum-like skin manifestations with retinitis pigmentosa,Disease,"['Adolescent', 'Adult', 'Childhood']",['Autosomal recessive']
437552,Autosomal recessive primary immunodeficiency with defective spontaneous natural killer cell cytotoxicity,Disease,"['Childhood', 'Infancy', 'Neonatal']",['Autosomal recessive']
438075,Ketoacidosis due to monocarboxylate transporter-1 deficiency,Disease,"['Childhood', 'Infancy']","['Autosomal dominant', 'Autosomal recessive']"
438114,RARS-related autosomal recessive hypomyelinating leukodystrophy,Disease,"['Infancy', 'Neonatal']",['Autosomal recessive']
438117,Steel syndrome,Disease,"['Infancy', 'Neonatal']",['Autosomal recessive']
438134,PCNA-related progressive neurodegenerative photosensitivity syndrome,Disease,"['Infancy', 'Neonatal']",['Autosomal recessive']
438159,STAT3-related early-onset multisystem autoimmune disease,Disease,"['Childhood', 'Infancy']",['Autosomal dominant']
438178,Fatty acyl-CoA reductase 1 deficiency,Disease,"['Infancy', 'Neonatal']",['Autosomal recessive']
438207,Severe autosomal recessive macrothrombocytopenia,Disease,['Infancy'],['Autosomal recessive']
438213,PURA-related severe neonatal hypotonia-seizures-encephalopathy syndrome,Disease,"['Infancy', 'Neonatal']","['Autosomal dominant', 'Not applicable', 'Unknown']"
438216,PURA-related severe neonatal hypotonia-seizures-encephalopathy syndrome due to a point mutation,Etiological subtype,"['Infancy', 'Neonatal']","['Autosomal dominant', 'Not applicable']"
438266,Progressive encephalomyelitis with rigidity and myoclonus,Clinical subtype,"['Adult', 'Infancy']",['Not applicable']
438274,GCGR-related hyperglucagonemia,Disease,['Adult'],['Autosomal recessive']
438279,Human infection by orthopoxvirus,Disease,['All ages'],['Not applicable']
439167,Placental insufficiency,Clinical syndrome,['Adult'],['Not applicable']
439175,Pediatric arterial ischemic stroke,Clinical syndrome,"['Adolescent', 'Childhood', 'Infancy', 'Neonatal']",['Not applicable']
439196,Zinc-responsive necrolytic acral erythema,Particular clinical situation in a disease or syndrome,['All ages'],['Not applicable']
439202,Non-recovering obstetric brachial plexus lesion,Disease,[],['Not applicable']
439212,Early-onset myopathy-areflexia-respiratory distress-dysphagia syndrome,Disease,"['Infancy', 'Neonatal']",['Autosomal recessive']
439218,KCNQ2-related epileptic encephalopathy,Disease,"['Infancy', 'Neonatal']",['Autosomal dominant']
439224,ALECT2 amyloidosis,Disease,[],['Not applicable']
439232,AApoAIV amyloidosis,Disease,['Adult'],['Not applicable']
439246,ABeta2M amyloidosis,Clinical group,['Adult'],[]
439254,ITM2B amyloidosis,Disease,['Adult'],['Autosomal dominant']
439729,Cutaneous polyarteritis nodosa,Clinical subtype,[],['Not applicable']
439737,Primary polyarteritis nodosa,Clinical subtype,[],['Not applicable']
439746,Secondary polyarteritis nodosa,Clinical subtype,[],['Not applicable']
439755,Single-organ polyarteritis nodosa,Clinical subtype,[],['Not applicable']
439762,Systemic polyarteritis nodosa,Clinical subtype,[],['Not applicable']
439822,PDE4D haploinsufficiency syndrome,Malformation syndrome,"['Infancy', 'Neonatal']",['Unknown']
439849,Autosomal recessive severe congenital neutropenia,Category,[],['Autosomal recessive']
439854,Fatal congenital hypertrophic cardiomyopathy due to glycogen storage disease,Disease,"['Antenatal', 'Neonatal']",['Not applicable']
439881,Plastic bronchitis,Particular clinical situation in a disease or syndrome,['All ages'],[]
439897,Lethal fetal cerebrorenogenitourinary agenesis/hypoplasia syndrome,Malformation syndrome,['Antenatal'],['Autosomal recessive']
440221,Congenital oculomotor nerve palsy,Disease,['Neonatal'],['Not applicable']
440233,Congenital abducens nerve palsy,Disease,['Neonatal'],['Not applicable']
440354,Autosomal dominant myopia-midfacial retrusion-sensorineural hearing loss-rhizomelic dysplasia syndrome,Malformation syndrome,"['Antenatal', 'Neonatal']",['Autosomal dominant']
440368,Necrotizing soft tissue infection,Disease,['All ages'],['Not applicable']
440392,Interstitial lung disease due to SP-C deficiency,Disease,"['Adolescent', 'Adult', 'Childhood', 'Infancy', 'Neonatal']",['Autosomal dominant']
440402,Interstitial lung disease due to ABCA3 deficiency,Disease,"['Childhood', 'Infancy', 'Neonatal']",['Autosomal recessive']
440427,Severe early-onset pulmonary alveolar proteinosis due to MARS deficiency,Disease,"['Childhood', 'Infancy']",['Autosomal recessive']
440437,Familial colorectal cancer Type X,Disease,"['Adult', 'Elderly']",['Autosomal dominant']
440706,Ribose-5-P isomerase deficiency,Disease,['Childhood'],['Autosomal recessive']
440713,Isolated sedoheptulokinase deficiency,Disease,"['Antenatal', 'Neonatal']",['Autosomal recessive']
440724,Extensive peripapillary myelinated nerve fibers,Disease,[],['Not applicable']
440727,Combined hamartoma of the retina and retinal pigment epithelium,Disease,['Childhood'],['Not applicable']
440731,L-ferritin deficiency,Biological anomaly,['Childhood'],"['Autosomal dominant', 'Autosomal recessive']"
440987,Isolated agenesis of gallbladder,Morphological anomaly,[],['Not applicable']
441447,Early-onset posterior subcapsular cataract,Clinical subtype,[],"['Autosomal dominant', 'Autosomal recessive']"
441452,Early-onset lamellar cataract,Clinical subtype,[],['Autosomal dominant']
442582,AH amyloidosis,Disease,['Neonatal'],['Not applicable']
442835,Non-specific early-onset epileptic encephalopathy,Disease,"['Infancy', 'Neonatal']","['Autosomal dominant', 'Autosomal recessive', 'Not applicable', 'X-linked recessive']"
443057,Sporadic porphyria cutanea tarda,Clinical subtype,[],['Multigenic/multifactorial']
443062,Familial porphyria cutanea tarda,Clinical subtype,[],['Autosomal dominant']
443070,Hemicrania continua,Disease,[],['Not applicable']
443073,Charcot-Marie-Tooth disease type 2S,Disease,"['Adolescent', 'Adult', 'Childhood', 'Infancy']",['Autosomal recessive']
443079,Central serous chorioretinopathy,Disease,[],['Not applicable']
443084,Baroreflex failure,Clinical syndrome,['All ages'],['Not applicable']
443087,"46,XY difference of sex development due to testicular 17,20-desmolase deficiency",Disease,['Neonatal'],['Autosomal recessive']
443098,Hyperostosis cranialis interna,Disease,"['Adolescent', 'Adult', 'Childhood']",['Autosomal dominant']
443101,Hypothalamic adipsic hypernatraemia syndrome,Disease,[],['Not applicable']
443159,Lymphoplasmacytic lymphoma without IgM production,Disease,[],['Not applicable']
443162,NDE1-related microhydranencephaly,Malformation syndrome,"['Antenatal', 'Neonatal']",['Autosomal recessive']
443167,NUT midline carcinoma,Disease,"['Adolescent', 'Adult', 'Childhood', 'Elderly']",['Not applicable']
443173,Postpartum psychosis,Disease,['Adult'],['Not applicable']
443180,Spontaneous intracranial hypotension,Disease,[],['Not applicable']
443192,Classic stiff person syndrome,Clinical subtype,['Adult'],['Not applicable']
443197,X-linked erythropoietic protoporphyria,Disease,['Childhood'],['X-linked dominant']
443227,Paratyphoid fever,Disease,['All ages'],['Not applicable']
443236,Postural orthostatic tachycardia syndrome due to NET deficiency,Disease,['Adult'],['Autosomal dominant']
443291,HIV-associated cancer,Particular clinical situation in a disease or syndrome,[],['Not applicable']
443804,Focal stiff limb syndrome,Clinical subtype,['Adult'],['Not applicable']
443811,PGM3-CDG,Disease,"['Childhood', 'Infancy', 'Neonatal']",['Autosomal recessive']
443950,DNAJB2-related Charcot-Marie-Tooth disease type 2,Disease,['Adult'],['Autosomal recessive']
443988,Ventriculomegaly-cystic kidney disease,Disease,['Antenatal'],['Autosomal recessive']
443995,Mandibulofacial dysostosis with alopecia,Malformation syndrome,"['Infancy', 'Neonatal']","['Autosomal dominant', 'Not applicable']"
444002,11q22.2q22.3 microdeletion syndrome,Malformation syndrome,"['Infancy', 'Neonatal']",['Not applicable']
444013,Combined oxidative phosphorylation defect type 23,Disease,"['Childhood', 'Infancy', 'Neonatal']",['Autosomal recessive']
444048,"46,XX ovarian dysgenesis-short stature syndrome",Disease,['Adolescent'],['Autosomal recessive']
444051,20q11.2 microdeletion syndrome,Malformation syndrome,"['Antenatal', 'Neonatal']",['Not applicable']
444069,Lethal fetal brain malformation-duodenal atresia-bilateral renal hypoplasia syndrome,Malformation syndrome,['Antenatal'],['Autosomal recessive']
444072,Cerebellar-facial-dental syndrome,Malformation syndrome,"['Antenatal', 'Neonatal']",['Autosomal recessive']
444077,Cognitive impairment-coarse facies-heart defects-obesity-pulmonary involvement-short stature-skeletal dysplasia syndrome,Malformation syndrome,"['Antenatal', 'Neonatal']","['Autosomal dominant', 'Not applicable']"
444092,Autoimmune interstitial lung disease-arthritis syndrome,Disease,"['Childhood', 'Infancy']",['Autosomal dominant']
444099,Autosomal dominant spastic paraplegia type 73,Disease,['Adult'],['Autosomal dominant']
444138,Peeling skin-leukonychia-acral punctate keratoses-cheilitis-knuckle pads syndrome,Disease,['Infancy'],['Autosomal recessive']
444316,Idiopathic phalangeal acro-osteolysis,Disease,[],['Not applicable']
444458,Combined oxidative phosphorylation defect type 24,Disease,['Infancy'],['Autosomal recessive']
444463,Autoimmune hemolytic anemia-autoimmune thrombocytopenia-primary immunodeficiency syndrome due to TPP2 deficiency,Disease,"['Childhood', 'Infancy']",['Autosomal recessive']
444490,Familial chylomicronemia syndrome,Disease,"['Adolescent', 'Adult', 'Childhood', 'Infancy']",['Autosomal recessive']
445018,Combined immunodeficiency due to LRBA deficiency,Disease,"['Childhood', 'Infancy']",['Autosomal recessive']
445038,3-methylglutaconic aciduria-neonatal cataract-neurologic involvement-congenital neutropenia syndrome,Disease,"['Antenatal', 'Neonatal']",['Autosomal recessive']
445062,Juvenile-onset diabetes mellitus-central and peripheral neurodegeneration syndrome,Disease,"['Adolescent', 'Childhood', 'Infancy']",['Autosomal recessive']
445110,Limb-girdle muscular dystrophy due to POMK deficiency,Disease,['Infancy'],['Autosomal recessive']
447731,NIK deficiency,Disease,"['Infancy', 'Neonatal']",['Autosomal recessive']
447737,Combined immunodeficiency due to DOCK2 deficiency,Disease,"['Infancy', 'Neonatal']",['Autosomal recessive']
447740,Aggressive periodontitis,Disease,['Adolescent'],['Autosomal recessive']
447753,Autosomal dominant spastic paraplegia type 9A,Disease,"['Adolescent', 'Adult', 'Infancy']",['Autosomal dominant']
447757,Autosomal dominant spastic paraplegia type 9B,Disease,"['Adolescent', 'Adult', 'Infancy']",['Autosomal dominant']
447760,Autosomal recessive spastic paraplegia type 9B,Disease,"['Childhood', 'Infancy']",['Autosomal recessive']
447764,IgG4-related sclerosing cholangitis,Clinical subtype,[],['Not applicable']
447774,Secondary sclerosing cholangitis,Disease,[],['Not applicable']
447777,Keratocystic odontogenic tumor,Disease,[],['Not applicable']
447784,Mitochondrial pyruvate carrier deficiency,Disease,['Neonatal'],['Autosomal recessive']
447788,Cerebral visual impairment,Clinical syndrome,"['Infancy', 'Neonatal']",['Not applicable']
447795,Lipoyl transferase 2 deficiency,Biological anomaly,['No data available'],['No data available']
447877,Polymerase proofreading-related adenomatous polyposis,Clinical subtype,['Childhood'],['Autosomal dominant']
447881,Idiopathic dropped head syndrome,Clinical syndrome,['All ages'],['Not applicable']
447893,Hypomyelination-cerebellar atrophy-hypoplasia of the corpus callosum syndrome,Clinical subtype,"['Childhood', 'Infancy']",['Autosomal recessive']
447896,Tremor-ataxia-central hypomyelination syndrome,Clinical subtype,"['Childhood', 'Infancy']",['Autosomal recessive']
447954,Combined oxidative phosphorylation defect type 25,Disease,['Neonatal'],['Autosomal recessive']
447961,Pigmentation defects-palmoplantar keratoderma-skin carcinoma syndrome,Disease,['Infancy'],['Autosomal recessive']
447964,Autosomal dominant Charcot-Marie-Tooth disease type 2V,Disease,"['Adolescent', 'Adult', 'Elderly']",['Autosomal dominant']
447974,Klippel-Feil anomaly-myopathy-facial dysmorphism syndrome,Malformation syndrome,['Infancy'],['Autosomal recessive']
447977,Progressive scapulohumeroperoneal distal myopathy,Disease,"['Childhood', 'Infancy']",['Autosomal dominant']
447980,19p13.3 microduplication syndrome,Malformation syndrome,"['Antenatal', 'Neonatal']",['Unknown']
447997,Spastic tetraplegia-thin corpus callosum-progressive postnatal microcephaly syndrome,Disease,"['Infancy', 'Neonatal']",['Autosomal recessive']
448010,CAD-CDG,Disease,['Infancy'],['Autosomal recessive']
448237,Zika virus disease,Disease,['All ages'],['Not applicable']
448242,Autosomal recessive brachyolmia,Malformation syndrome,['Childhood'],['Autosomal recessive']
448251,Progressive autosomal recessive ataxia-deafness syndrome,Disease,"['Adolescent', 'Childhood', 'Infancy']",['Autosomal recessive']
448264,Isolated focal non-epidermolytic palmoplantar keratoderma,Disease,['Childhood'],['Autosomal dominant']
448267,Regressive spondylometaphyseal dysplasia,Malformation syndrome,['Neonatal'],['Autosomal recessive']
448270,Ectopia cordis,Morphological anomaly,['Antenatal'],['Not applicable']
449266,Pleural empyema,Particular clinical situation in a disease or syndrome,['All ages'],['Not applicable']
449280,Scedosporiosis,Disease,['All ages'],['Not applicable']
449285,Snakebite envenomation,Disease,['All ages'],['Not applicable']
449291,Symptomatic form of fragile X syndrome in female carriers,Disease,"['Childhood', 'Infancy', 'Neonatal']",['X-linked dominant']
449395,IgG4-related kidney disease,Clinical subtype,"['Adult', 'Elderly']",['Not applicable']
449400,IgG4-related aortitis,Clinical subtype,"['Adult', 'Elderly']",['Not applicable']
449427,IgG4-related pachymeningitis,Clinical subtype,"['Adult', 'Elderly']",['Not applicable']
449432,IgG4-related submandibular gland disease,Clinical subtype,"['Adult', 'Elderly']",['Not applicable']
449563,IgG4-related ophthalmic disease,Clinical subtype,"['Adult', 'Elderly']",['Not applicable']
449566,Eosinophilic angiocentric fibrosis,Disease,['Adult'],['Not applicable']
450322,Polyclonal hyperviscosity syndrome,Clinical syndrome,"['Adolescent', 'Adult', 'All ages', 'Elderly']",['Not applicable']
451602,Primary cutaneous plasmacytosis,Disease,"['Adult', 'Elderly']",['Not applicable']
451607,Cutaneous pseudolymphoma,Disease,"['Adult', 'Elderly']",['Not applicable']
451612,Familial congenital nasolacrimal duct obstruction,Morphological anomaly,"['Antenatal', 'Neonatal']",['Autosomal recessive']
453499,Neurodevelopmental disorder-craniofacial dysmorphism-cardiac defect-skeletal anomalies syndrome,Malformation syndrome,"['Infancy', 'Neonatal']","['Autosomal dominant', 'Not applicable']"
453504,Neurodevelopmental disorder-craniofacial dysmorphism-cardiac defect-skeletal anomalies syndrome due to a point mutation,Etiological subtype,['Neonatal'],"['Autosomal dominant', 'Not applicable']"
453510,Congenital insensitivity to pain with severe intellectual disability,Disease,['Neonatal'],['Autosomal recessive']
453521,Autosomal recessive cerebellar ataxia due to CWF19L1 deficiency,Disease,"['Infancy', 'Neonatal']",['Autosomal recessive']
453533,Polyendocrine-polyneuropathy syndrome,Disease,['Childhood'],['Autosomal recessive']
454700,Acquired Creutzfeldt-Jakob disease,Clinical group,['All ages'],['Not applicable']
454706,Progressive muscular atrophy,Disease,['Adult'],['Not applicable']
454710,Anti-p200 pemphigoid,Disease,"['Adult', 'Elderly']",['Not applicable']
454714,Plasma cell leukemia,Disease,"['Adult', 'Elderly']",['Not applicable']
454718,Holmes-Adie syndrome,Disease,['Adult'],['Not applicable']
454723,Endometrioid carcinoma of ovary,Disease,"['Adult', 'Elderly']",['Not applicable']
454742,Variably protease-sensitive prionopathy,Disease,[],['Not applicable']
454745,Kuru,Disease,['All ages'],"['Multigenic/multifactorial', 'Not applicable']"
454750,Isolated tracheoesophageal fistula,Morphological anomaly,['Neonatal'],['Not applicable']
454831,Acute radiation syndrome,Particular clinical situation in a disease or syndrome,['All ages'],['Not applicable']
454836,Avian influenza,Disease,['All ages'],['Not applicable']
454840,NTHL1-related attenuated familial adenomatous polyposis,Clinical subtype,"['Adult', 'Elderly']",['Autosomal recessive']
454887,Corticobasal syndrome,Disease,"['Adult', 'Elderly']",[]
456298,1p35.2 microdeletion syndrome,Malformation syndrome,['Neonatal'],['Not applicable']
456312,Infantile multisystem neurologic-endocrine-pancreatic disease,Disease,['Infancy'],['Autosomal recessive']
456318,Hereditary sensory neuropathy-deafness-dementia syndrome,Disease,"['Adolescent', 'Adult']",['Autosomal dominant']
456328,X-linked myotubular myopathy-abnormal genitalia syndrome,Disease,"['Antenatal', 'Neonatal']",['Unknown']
456333,Hereditary neuroendocrine tumor of small intestine,Disease,[],['Autosomal dominant']
456369,Polyglucosan body myopathy type 2,Disease,"['Adolescent', 'Adult', 'Childhood', 'Elderly']",['Autosomal recessive']
457050,Autosomal dominant mitochondrial myopathy with exercise intolerance,Disease,"['Childhood', 'Infancy']",['Autosomal dominant']
457059,Pseudohypoparathyroidism with Albright hereditary osteodystrophy,Clinical group,"['Childhood', 'Infancy', 'Neonatal']",[]
457077,TAFRO syndrome,Disease,"['Adolescent', 'Adult', 'Elderly']",['Not applicable']
457083,Isolated splenogonadal fusion,Morphological anomaly,"['Antenatal', 'Neonatal']",['No data available']
457088,Predisposition to invasive fungal disease due to CARD9 deficiency,Disease,[],['Autosomal recessive']
457095,Actinomycosis,Disease,['All ages'],['Not applicable']
457185,Neonatal encephalomyopathy-cardiomyopathy-respiratory distress syndrome,Disease,"['Antenatal', 'Infancy', 'Neonatal']",['Autosomal recessive']
457193,KAT6-related intellectual disability-craniofacial anomalies-cardiac defects syndrome,Malformation syndrome,"['Infancy', 'Neonatal']",['Autosomal dominant']
457205,Infantile-onset axonal motor and sensory neuropathy-optic atrophy-neurodegenerative syndrome,Disease,['Infancy'],['Autosomal recessive']
457212,Progressive essential tremor-speech impairment-facial dysmorphism-intellectual disability-abnormal behavior syndrome,Disease,"['Adolescent', 'Adult']",['Autosomal recessive']
457223,Syndromic sensorineural deafness due to combined oxidative phosphorylation defect,Disease,['Neonatal'],['Autosomal recessive']
457240,X-linked intellectual disability-short stature-overweight syndrome,Malformation syndrome,"['Adolescent', 'Childhood', 'Infancy']",['X-linked recessive']
457246,Clear cell sarcoma of kidney,Disease,"['Adolescent', 'Adult', 'Childhood', 'Infancy']",['Not applicable']
457260,X-linked intellectual disability-hypotonia-movement disorder syndrome,Disease,"['Adolescent', 'Childhood']",['X-linked dominant']
457265,Progressive myoclonic epilepsy type 9,Disease,['Childhood'],['Autosomal recessive']
457279,Intellectual disability-macrocephaly-hypotonia-behavioral abnormalities syndrome,Malformation syndrome,"['Infancy', 'Neonatal']",['Autosomal dominant']
457284,Microcephaly-corpus callosum hypoplasia-intellectual disability-facial dysmorphism syndrome,Malformation syndrome,"['Infancy', 'Neonatal']",['Autosomal dominant']
457351,Microcephaly-intellectual disability-sensorineural hearing loss-epilepsy-abnormal muscle tone syndrome,Malformation syndrome,"['Infancy', 'Neonatal']",['Autosomal recessive']
457359,Megalencephaly-severe kyphoscoliosis-overgrowth syndrome,Malformation syndrome,['Neonatal'],['Autosomal recessive']
457365,Intellectual disability-muscle weakness-short stature-facial dysmorphism syndrome,Malformation syndrome,"['Infancy', 'Neonatal']",['Unknown']
457375,ITPA-related lethal infantile neurological disorder with cataract and cardiac involvement,Disease,"['Infancy', 'Neonatal']",['Autosomal recessive']
457378,Complex lethal osteochondrodysplasia,Malformation syndrome,['Antenatal'],['Autosomal recessive']
457395,Progressive spondyloepimetaphyseal dysplasia-short stature-short fourth metatarsals-intellectual disability syndrome,Malformation syndrome,"['Infancy', 'Neonatal']",['Autosomal recessive']
457406,Multiple mitochondrial dysfunctions syndrome type 4,Disease,['Infancy'],['Autosomal recessive']
457485,Macrocephaly-intellectual disability-neurodevelopmental disorder-small thorax syndrome,Malformation syndrome,"['Infancy', 'Neonatal']",['Autosomal dominant']
458718,Idiopathic spontaneous coronary artery dissection,Disease,['Adult'],['Not applicable']
458758,Composite hemangioendothelioma,Disease,['All ages'],['Not applicable']
458763,Retiform hemangioendothelioma,Disease,"['Adolescent', 'Adult']",['Not applicable']
458768,Papillary intralymphatic angioendothelioma,Disease,"['Adolescent', 'Adult', 'Childhood', 'Elderly', 'Infancy']",['Not applicable']
458785,Partially involuting congenital hemangioma,Disease,['Neonatal'],['Not applicable']
458792,Mixed cystic lymphatic malformation,Malformation syndrome,"['Infancy', 'Neonatal']",['Not applicable']
458798,Spinocerebellar ataxia type 41,Disease,['Adult'],['Autosomal dominant']
458803,Spinocerebellar ataxia type 42,Disease,"['Adolescent', 'Adult', 'Childhood', 'Elderly']",['Autosomal dominant']
459033,Ataxia-oculomotor apraxia type 4,Disease,"['Childhood', 'Infancy']",['Autosomal recessive']
459051,"Spondyloepiphyseal dysplasia, Stanescu type",Disease,['Childhood'],['Autosomal dominant']
459056,Autosomal recessive spastic paraplegia type 75,Disease,['Childhood'],['Autosomal recessive']
459061,Craniofacial dysplasia-short stature-ectodermal anomalies-intellectual disability syndrome,Malformation syndrome,"['Antenatal', 'Neonatal']",['Autosomal recessive']
459070,X-linked intellectual disability-cerebellar hypoplasia-spondylo-epiphyseal dysplasia syndrome,Malformation syndrome,"['Infancy', 'Neonatal']",['X-linked recessive']
459074,Corpus callosum agenesis-macrocephaly-hypertelorism syndrome,Malformation syndrome,"['Infancy', 'Neonatal']",['Unknown']
464282,Spastic paraplegia-severe developmental delay-epilepsy syndrome,Disease,['Infancy'],['Autosomal recessive']
464288,Short stature-brachydactyly-obesity-global developmental delay syndrome,Malformation syndrome,"['Antenatal', 'Infancy', 'Neonatal']",['Autosomal recessive']
464306,DYRK1A-related intellectual disability syndrome,Malformation syndrome,['Infancy'],"['Autosomal dominant', 'Not applicable', 'Unknown']"
464311,Intellectual disability syndrome due to a DYRK1A point mutation,Etiological subtype,"['Infancy', 'Neonatal']",[]
464318,Verrucous hemangioma,Disease,"['Infancy', 'Neonatal']",['Not applicable']
464321,Multifocal lymphangioendotheliomatosis-thrombocytopenia syndrome,Disease,"['Infancy', 'Neonatal']",['Not applicable']
464329,Kaposiform lymphangiomatosis,Disease,['Childhood'],['Not applicable']
464336,BENTA disease,Disease,['Infancy'],['Autosomal dominant']
464343,Catastrophic antiphospholipid syndrome,Disease,['Adult'],['Not applicable']
464359,Benign metanephric tumor,Disease,['All ages'],['Not applicable']
464366,NEK9-related lethal skeletal dysplasia,Malformation syndrome,['Antenatal'],['Autosomal recessive']
464370,Neonatal alloimmune neutropenia,Disease,['Neonatal'],[]
464440,"Primary dystonia, DYT27 type",Disease,"['Adult', 'Childhood']",['Autosomal recessive']
464443,COG6-CGD,Disease,['Neonatal'],['Autosomal recessive']
464453,Acquired methemoglobinemia,Disease,['All ages'],['Not applicable']
464458,Paracetamol poisoning,Particular clinical situation in a disease or syndrome,['All ages'],['Not applicable']
464724,Fever-associated acute infantile liver failure syndrome,Disease,['Infancy'],['Autosomal recessive']
464738,Basel-Vanagaite-Smirin-Yosef syndrome,Malformation syndrome,"['Antenatal', 'Infancy', 'Neonatal']",['Autosomal recessive']
464756,Familial gastric type 1 neuroendocrine tumor,Disease,['Adult'],['Autosomal recessive']
464760,Familial cavitary optic disc anomaly,Morphological anomaly,"['Adolescent', 'Adult']",['Autosomal dominant']
465508,Symptomatic form of HFE-related hemochromatosis,Disease,['Adult'],['Autosomal recessive']
465824,Fetal encasement syndrome,Malformation syndrome,['Antenatal'],['Autosomal recessive']
466026,Class I glucose-6-phosphate dehydrogenase deficiency,Disease,['Neonatal'],['X-linked recessive']
466650,Exercise-induced malignant hyperthermia,Disease,['All ages'],['Multigenic/multifactorial']
466670,Cyanide poisoning,Particular clinical situation in a disease or syndrome,['All ages'],['Not applicable']
466677,Scorpion envenomation,Disease,['All ages'],['Not applicable']
466682,Euthyroid Graves orbitopathy,Disease,[],['Not applicable']
466688,Severe intellectual disability-corpus callosum agenesis-facial dysmorphism-cerebellar ataxia syndrome,Malformation syndrome,['Neonatal'],['Autosomal recessive']
466695,Supratip dysplasia,Morphological anomaly,['Neonatal'],['Not applicable']
466703,TMEM199-CDG,Disease,"['Adolescent', 'Childhood', 'Infancy']",['Autosomal recessive']
466718,Martinique crinkled retinal pigment epitheliopathy,Disease,['Adult'],['Autosomal dominant']
466722,Autosomal recessive spastic paraplegia type 77,Disease,"['Childhood', 'Infancy']",['Autosomal recessive']
466729,Familial patent arterial duct,Morphological anomaly,[],['Autosomal dominant']
466768,Autosomal dominant Charcot-Marie-Tooth disease type 2Z,Disease,"['Adolescent', 'Adult', 'Childhood', 'Infancy', 'Neonatal']",['Autosomal dominant']
466775,Autosomal recessive Charcot-Marie-Tooth disease type 2X,Disease,"['Adolescent', 'Adult', 'Childhood']",['Autosomal recessive']
466784,Neonatal severe cardiopulmonary failure due to mitochondrial methylation defect,Disease,"['Infancy', 'Neonatal']",['Autosomal recessive']
466791,Macrocephaly-intellectual disability-left ventricular non compaction syndrome,Malformation syndrome,['Infancy'],['X-linked recessive']
466794,Acute infantile liver failure-cerebellar ataxia-peripheral sensory motor neuropathy syndrome,Disease,['Infancy'],['Autosomal recessive']
466806,Autosomal dominant thrombocytopenia with platelet secretion defect,Disease,['Childhood'],['Autosomal dominant']
466921,Childhood-onset progressive contractures-limb-girdle weakness-muscle dystrophy syndrome,Disease,['Childhood'],['Autosomal recessive']
466926,Seizures-scoliosis-macrocephaly syndrome,Disease,['Infancy'],['Autosomal recessive']
466934,VPS11-related autosomal recessive hypomyelinating leukodystrophy,Disease,['Infancy'],['Autosomal recessive']
466943,WAC-related facial dysmorphism-developmental delay-behavioral abnormalities syndrome,Malformation syndrome,"['Childhood', 'Infancy']","['Autosomal dominant', 'Not applicable', 'Unknown']"
466950,Facial dysmorphism-developmental delay-behavioral abnormalities syndrome due to WAC point mutation,Clinical subtype,"['Childhood', 'Infancy']","['Autosomal dominant', 'Not applicable']"
466962,SMARCA4-deficient sarcoma of thorax,Disease,['Adult'],['Not applicable']
467166,Tubulinopathy-associated dysgyria,Disease,['Infancy'],"['Autosomal dominant', 'Not applicable']"
467176,Severe hypotonia-psychomotor developmental delay-strabismus-cardiac septal defect syndrome,Disease,['Neonatal'],['Autosomal recessive']
468620,Intellectual disability-epilepsy-extrapyramidal syndrome,Disease,['Infancy'],['Autosomal recessive']
468631,Microcephalic cortical malformations-short stature due to RTTN deficiency,Malformation syndrome,"['Infancy', 'Neonatal']",['Autosomal recessive']
468635,Cryptogenic multifocal ulcerous stenosing enteritis,Disease,"['Adolescent', 'Adult', 'Childhood']",['Autosomal recessive']
468641,Chronic enteropathy associated with SLCO2A1 gene,Disease,"['Adolescent', 'Adult', 'Childhood']",['Autosomal recessive']
468661,Autosomal recessive spastic paraplegia type 74,Disease,['Childhood'],['Autosomal recessive']
468666,Isolated generalized anhidrosis with normal sweat glands,Disease,['Neonatal'],['Autosomal recessive']
468672,Colobomatous macrophthalmia-microcornea syndrome,Disease,"['Adolescent', 'Childhood', 'Elderly', 'Infancy']",['Autosomal dominant']
468678,White-Sutton syndrome,Disease,"['Antenatal', 'Infancy', 'Neonatal']",['Autosomal dominant']
468684,CCDC115-CDG,Disease,"['Infancy', 'Neonatal']",['Autosomal recessive']
468699,SLC39A8-CDG,Disease,['Neonatal'],['Autosomal recessive']
468717,Rhizomelic chondrodysplasia punctata type 5,Etiological subtype,"['Infancy', 'Neonatal']",['Autosomal recessive']
468726,Severe primary trimethylaminuria,Disease,"['Childhood', 'Infancy']",['Autosomal recessive']
476084,BVES-related limb-girdle muscular dystrophy,Disease,['Adult'],['Autosomal recessive']
476093,Autosomal dominant distal axonal motor neuropathy-myofibrillar myopathy syndrome,Disease,"['Adolescent', 'Adult', 'Childhood']",['Autosomal dominant']
476096,Erythrokeratodermia-cardiomyopathy syndrome,Disease,['Neonatal'],['Not applicable']
476113,Combined immunodeficiency due to TFRC deficiency,Disease,"['Childhood', 'Infancy']",['Autosomal recessive']
476119,Autosomal dominant preaxial polydactyly-upperback hypertrichosis syndrome,Malformation syndrome,['Neonatal'],['Autosomal dominant']
476126,Micrognathia-recurrent infections-behavioral abnormalities-mild intellectual disability syndrome,Malformation syndrome,['Neonatal'],['Autosomal dominant']
476394,PMP2-related Charcot-Marie-Tooth disease type 1,Disease,"['Adolescent', 'Childhood']",['Autosomal dominant']
476406,Congenital generalized hypercontractile muscle stiffness syndrome,Disease,"['Antenatal', 'Neonatal']","['Autosomal dominant', 'Not applicable']"
477650,Fibroblastic rheumatism,Disease,"['Adolescent', 'Adult', 'Childhood']",[]
477661,IL21-related infantile inflammatory bowel disease,Disease,['Infancy'],['Autosomal recessive']
477673,Postnatal microcephaly-infantile hypotonia-spastic diplegia-dysarthria-intellectual disability syndrome,Disease,['Infancy'],['Autosomal recessive']
477684,Combined oxidative phosphorylation defect type 26,Disease,"['Childhood', 'Infancy']",['Autosomal recessive']
477738,Pediatric multiple sclerosis,Disease,"['Adolescent', 'Childhood']",[]
477742,Nodular fasciitis,Disease,['All ages'],['Not applicable']
477749,Pontine autosomal dominant microangiopathy with leukoencephalopathy,Disease,['Adult'],['Autosomal dominant']
477774,Combined oxidative phosphorylation defect type 27,Disease,"['Childhood', 'Infancy']",['Autosomal recessive']
477781,Primary condylar hyperplasia,Disease,['All ages'],[]
477787,Cytosolic phospholipase-A2 alpha deficiency associated bleeding disorder,Disease,['Childhood'],['Autosomal recessive']
477814,Progressive microcephaly-seizures-cortical blindness-developmental delay syndrome,Malformation syndrome,['Infancy'],['Autosomal recessive']
477817,PMP22-RAI1 contiguous gene duplication syndrome,Malformation syndrome,"['Childhood', 'Infancy']",['Unknown']
477831,Kosaki overgrowth syndrome,Malformation syndrome,['Infancy'],['No data available']
477857,Mendelian susceptibility to mycobacterial diseases due to complete RORgamma receptor deficiency,Disease,['Infancy'],['Autosomal recessive']
477993,Palatal anomalies-widely spaced teeth-facial dysmorphism-developmental delay syndrome,Malformation syndrome,"['Infancy', 'Neonatal']","['Autosomal dominant', 'Not applicable']"
478029,Combined oxidative phosphorylation defect type 29,Disease,['Infancy'],['Autosomal recessive']
478042,Combined oxidative phosphorylation defect type 30,Disease,['Neonatal'],['Autosomal recessive']
478049,Lethal left ventricular non-compaction-seizures-hypotonia-cataract-developmental delay syndrome,Disease,['Infancy'],['Autosomal recessive']
478664,Hereditary sensory and autonomic neuropathy type 8,Disease,['Neonatal'],['Autosomal recessive']
480476,Progressive familial intrahepatic cholestasis type 5,Clinical subtype,['Neonatal'],[]
480483,Progressive familial intrahepatic cholestasis type 4,Clinical subtype,"['Childhood', 'Infancy']",[]
480491,MYO5B-related progressive familial intrahepatic cholestasis,Clinical subtype,['Neonatal'],[]
480520,Caroli syndrome,Malformation syndrome,['All ages'],['Autosomal recessive']
480528,Lethal hydranencephaly-diaphragmatic hernia syndrome,Malformation syndrome,['Neonatal'],[]
480536,MSH3-related attenuated familial adenomatous polyposis,Clinical subtype,['Neonatal'],['Autosomal recessive']
480556,Isolated neonatal sclerosing cholangitis,Disease,['Neonatal'],['Autosomal recessive']
480682,POGLUT1-related limb-girdle muscular dystrophy R21,Disease,['Adult'],['Autosomal recessive']
480851,Hereditary thrombocytopenia with early-onset myelofibrosis,Disease,['Neonatal'],['Autosomal dominant']
480864,Recurrent metabolic encephalomyopathic crises-rhabdomyolysis-cardiac arrhythmia-intellectual disability syndrome,Disease,['Infancy'],[]
480880,X-linked female restricted facial dysmorphism-short stature-choanal atresia-intellectual disability,Malformation syndrome,"['Infancy', 'Neonatal']",['X-linked dominant']
480898,Global developmental delay-visual anomalies-progressive cerebellar atrophy-truncal hypotonia syndrome,Disease,"['Childhood', 'Infancy']","['Autosomal dominant', 'Autosomal recessive']"
480907,X-linked intellectual disability-global development delay-facial dysmorphism-sacral caudal remnant syndrome,Malformation syndrome,"['Antenatal', 'Neonatal']",['X-linked recessive']
481152,PYCR2-related microcephaly-progressive leukoencephalopathy,Malformation syndrome,['Infancy'],[]
481662,Familial Chilblain lupus,Disease,"['Childhood', 'Infancy']",['Autosomal dominant']
481665,USP18 deficiency,Disease,"['Antenatal', 'Neonatal']",['Autosomal recessive']
481986,Familial schizencephaly,Etiological subtype,"['Antenatal', 'Neonatal']",[]
482077,HTRA1-related autosomal dominant cerebral small vessel disease,Disease,"['Adult', 'Elderly']",['Autosomal dominant']
482601,Adenylosuccinate synthetase-like 1-related distal myopathy,Disease,"['Adolescent', 'Childhood']",[]
482606,X-linked keloid scarring-reduced joint mobility-increased optic cup-to-disc ratio syndrome,Malformation syndrome,"['Adolescent', 'Childhood', 'Infancy', 'Neonatal']",[]
485350,CLCN4-related X-linked intellectual disability syndrome,Disease,"['Childhood', 'Infancy']",[]
485358,Propylthiouracil embryofetopathy,Malformation syndrome,"['Antenatal', 'Infancy', 'Neonatal']",[]
485405,16p12.1p12.3 triplication syndrome,Malformation syndrome,"['Antenatal', 'Neonatal']",[]
485418,EMILIN-1-related connective tissue disease,Disease,['Adult'],[]
485421,MFF-related encephalopathy due to mitochondrial and peroxisomal fission defect,Etiological subtype,['Infancy'],[]
485426,Isolated congenital hepatic fibrosis,Disease,['Neonatal'],[]
486811,Prenatal-onset spinal muscular atrophy with congenital bone fractures,Disease,['Antenatal'],[]
486815,Congenital muscular dystrophy-respiratory failure-skin abnormalities-joint hyperlaxity syndrome,Disease,['Neonatal'],[]
487796,Takenouchi-Kosaki syndrome,Malformation syndrome,['Neonatal'],['Autosomal dominant']
487809,Pediatric collagenous gastritis,Disease,"['Adolescent', 'Childhood', 'Infancy']",[]
487814,Autosomal dominant Charcot-Marie-Tooth disease type 2 due to DGAT2 mutation,Disease,['Childhood'],['Autosomal dominant']
487825,Pierpont syndrome,Malformation syndrome,"['Infancy', 'Neonatal']",[]
488168,Microcephaly-congenital cataract-psoriasiform dermatitis syndrome,Malformation syndrome,['Infancy'],[]
488191,Female infertility due to oocyte meiotic arrest,Disease,"['Adolescent', 'Adult']",[]
488197,Familial progressive retinal dystrophy-iris coloboma-congenital cataract syndrome,Disease,"['Childhood', 'Infancy']",[]
488232,Split-foot malformation-mesoaxial polydactyly syndrome,Malformation syndrome,['Neonatal'],[]
488239,Acute macular neuroretinopathy,Disease,"['Adolescent', 'Adult']",[]
488265,Osteofibrous dysplasia,Disease,"['Childhood', 'Infancy']",['Autosomal dominant']
488280,14q32 duplication syndrome,Disease,['Adult'],[]
488333,Autosomal dominant Charcot-Marie-Tooth disease type 2W,Disease,"['Adolescent', 'Adult', 'Childhood']",['Autosomal dominant']
488434,"Camptodactyly syndrome, Guadalajara type 3",Malformation syndrome,['Neonatal'],[]
488437,SIX2-related frontonasal dysplasia,Malformation syndrome,['Neonatal'],['Autosomal dominant']
488594,Autosomal recessive spastic paraplegia type 76,Disease,['Adult'],['Autosomal recessive']
488613,Global developmental delay-neuro-ophthalmological abnormalities-seizures-intellectual disability syndrome,Malformation syndrome,"['Childhood', 'Infancy']",[]
488618,Transketolase deficiency,Malformation syndrome,"['Infancy', 'Neonatal']",[]
488627,Severe growth deficiency-strabismus-extensive dermal melanocytosis-intellectual disability syndrome,Malformation syndrome,['Infancy'],[]
488632,TBCK-related intellectual disability syndrome,Malformation syndrome,"['Infancy', 'Neonatal']",[]
488635,Early-onset epilepsy-intellectual disability-brain anomalies syndrome,Disease,['Neonatal'],[]
488642,TELO2-related intellectual disability-neurodevelopmental disorder,Malformation syndrome,['Neonatal'],['Autosomal recessive']
488647,DDX41-related hematologic malignancy predisposition syndrome,Disease,"['Adult', 'Elderly']",['Multigenic/multifactorial']
488650,"Distal myopathy, Tateyama type",Disease,['Adult'],['Autosomal dominant']
493342,Vibratory urticaria,Disease,['All ages'],['Autosomal dominant']
494344,RERE-related neurodevelopmental syndrome,Malformation syndrome,"['Antenatal', 'Neonatal']",['Autosomal dominant']
494421,Sacrococcygeal teratoma,Clinical subtype,['All ages'],[]
494424,Extracranial carotid artery aneurysm,Morphological anomaly,"['Adult', 'Elderly']",[]
494428,Idiopathic pleuroparenchymal fibroelastosis,Disease,"['Adolescent', 'Adult', 'Elderly']",[]
494433,MIRAGE syndrome,Disease,"['Antenatal', 'Neonatal']",['Autosomal dominant']
494439,Retinitis pigmentosa-hearing loss-premature aging-short stature-facial dysmorphism syndrome,Malformation syndrome,"['Childhood', 'Infancy']",['Autosomal recessive']
494444,DIAPH1-related sensorineural hearing loss-thrombocytopenia syndrome,Disease,"['Childhood', 'Infancy', 'Neonatal']",['Autosomal dominant']
494448,Vulvar squamous cell carcinoma,Histopathological subtype,"['Adult', 'Elderly']",[]
494451,Vulvar basal cell carcinoma,Histopathological subtype,"['Adult', 'Elderly']",[]
494454,Vulvar adenocarcinoma,Histopathological subtype,"['Adult', 'Elderly']",[]
494526,Infantile-onset generalized dyskinesia with orofacial involvement,Disease,['Infancy'],[]
494541,Childhood-onset benign chorea with striatal involvement,Disease,['Childhood'],['Autosomal dominant']
494547,Squamous cell carcinoma of the hypopharynx,Disease,"['Adult', 'Elderly']",[]
494550,Squamous cell carcinoma of the larynx,Disease,"['Adolescent', 'Adult', 'Childhood', 'Elderly']",[]
495274,Charcot-Marie-Tooth disease type 2T,Disease,['Adult'],['Autosomal recessive']
495818,9q33.3q34.11 microdeletion syndrome,Malformation syndrome,"['Childhood', 'Infancy']",['Not applicable']
495844,C11ORF73-related autosomal recessive hypomyelinating leukodystrophy,Disease,['Infancy'],['Autosomal recessive']
495875,Congenital labioscrotal agenesis-cerebellar malformation-corneal dystrophy-facial dysmorphism syndrome,Malformation syndrome,['Neonatal'],['Autosomal recessive']
495879,Congenital agenesis of the scrotum,Morphological anomaly,['Neonatal'],[]
495930,Familial monosomy 7 syndrome,Disease,"['Childhood', 'Infancy']",[]
496641,Early-onset progressive diffuse brain atrophy-microcephaly-muscle weakness-optic atrophy syndrome,Malformation syndrome,"['Infancy', 'Neonatal']",['Autosomal recessive']
496686,Kyphosis-lateral tongue atrophy-myofibrillar myopathy syndrome,Disease,"['Childhood', 'Infancy', 'Neonatal']",['Autosomal recessive']
496689,Kyphoscoliosis-lateral tongue atrophy-hereditary spastic paraplegia syndrome,Disease,"['Infancy', 'Neonatal']",['Autosomal recessive']
496693,Omphalocele-diaphragmatic hernia-cardiovascular anomalies-radial ray defect syndrome,Malformation syndrome,"['Antenatal', 'Neonatal']",[]
496751,EVEN-plus syndrome,Malformation syndrome,['Antenatal'],['Autosomal recessive']
496756,Early-onset progressive encephalopathy-spastic ataxia-distal spinal muscular atrophy syndrome,Disease,"['Infancy', 'Neonatal']",[]
496790,Ocular anomalies-axonal neuropathy-developmental delay syndrome,Disease,"['Infancy', 'Neonatal']",[]
497188,Diffuse intrinsic pontine glioma,Disease,['All ages'],[]
497623,C12ORF65-related combined oxidative phosphorylation defect,Clinical group,['All ages'],[]
497757,MME-related autosomal dominant Charcot Marie Tooth disease type 2,Disease,['Adult'],['Autosomal dominant']
497764,Spinocerebellar ataxia type 43,Disease,"['Adult', 'Elderly']",['Autosomal dominant']
497906,Childhood-onset basal ganglia degeneration syndrome,Disease,"['Childhood', 'Infancy']",[]
498228,Phyllodes tumor of the prostate,Disease,"['Adult', 'Elderly']",[]
498251,Menstrual cycle-dependent periodic fever,Disease,"['Adolescent', 'Adult']",[]
498359,Aquagenic palmoplantar keratoderma,Disease,"['Adolescent', 'Adult', 'Childhood', 'Infancy']",[]
498474,Hyaline fibromatosis syndrome,Disease,"['Childhood', 'Infancy', 'Neonatal']",[]
498481,LRP5-related primary osteoporosis,Malformation syndrome,"['Adolescent', 'Childhood']",[]
498485,Overgrowth-metaphyseal undermodeling-spondylar dysplasia syndrome,Malformation syndrome,"['Antenatal', 'Neonatal']",[]
498488,Overgrowth syndrome with 2q37 translocation,Malformation syndrome,"['Infancy', 'Neonatal']",[]
498497,Short rib-polydactyly syndrome type 5,Malformation syndrome,['Antenatal'],['Autosomal recessive']
498602,Sugarman brachydactyly,Morphological anomaly,"['Infancy', 'Neonatal']",[]
498693,MYBPC1-related autosomal recessive non-lethal arthrogryposis multiplex congenita syndrome,Disease,['Neonatal'],['Autosomal recessive']
499009,Congenital syphilis,Disease,"['Antenatal', 'Neonatal']",['Not applicable']
499182,Pilomatrix carcinoma,Disease,"['Adolescent', 'Adult', 'Elderly']",[]
500055,Hao-Fountain syndrome due to 16p13.2 microdeletion,Etiological subtype,"['Childhood', 'Infancy']",['Not applicable']
500062,Infantile-onset periodic fever-panniculitis-dermatosis syndrome,Disease,"['Infancy', 'Neonatal']",['Autosomal recessive']
500095,Tall stature-intellectual disability-renal anomalies syndrome,Malformation syndrome,"['Antenatal', 'Neonatal']",['Autosomal recessive']
500135,Multinucleated neurons-anhydramnios-renal dysplasia-cerebellar hypoplasia-hydranencephaly syndrome,Malformation syndrome,['Antenatal'],[]
500144,Early-onset progressive encephalopathy-hearing loss-pons hypoplasia-brain atrophy syndrome,Malformation syndrome,['Neonatal'],['Autosomal recessive']
500150,Brain malformations-musculoskeletal abnormalities-facial dysmorphism-intellectual disability syndrome,Malformation syndrome,['Neonatal'],['Autosomal dominant']
500159,Microcephaly-corpus callosum and cerebellar vermis hypoplasia-facial dysmorphism-intellectual disability syndrom,Malformation syndrome,"['Childhood', 'Infancy']",['Autosomal dominant']
500163,Witteveen-Kolk syndrome,Malformation syndrome,"['Antenatal', 'Neonatal']",['Autosomal dominant']
500166,SIN3-related intellectual disability syndrome due to a point mutation,Etiological subtype,"['Antenatal', 'Infancy', 'Neonatal']",['Autosomal dominant']
500180,Childhood-onset motor and cognitive regression syndrome with extrapyramidal movement disorder,Disease,['Childhood'],['Autosomal dominant']
500188,X-linked external auditory canal atresia-dilated internal auditory canal-facial dysmorphism syndrome,Malformation syndrome,['Neonatal'],['X-linked recessive']
500464,Squamous cell carcinoma of the nasal cavity and paranasal sinuses,Disease,"['Adult', 'Elderly']",[]
500478,Squamous cell carcinoma of the oropharynx,Disease,"['Adolescent', 'Adult', 'Elderly']",[]
500533,Polyhydramnios-megalencephaly-symptomatic epilepsy syndrome,Disease,"['Infancy', 'Neonatal']",['Autosomal recessive']
500545,Severe neurodevelopmental disorder with feeding difficulties-stereotypic hand movement-bilateral cataract,Disease,"['Infancy', 'Neonatal']",[]
500548,Osteosclerotic metaphyseal dysplasia,Malformation syndrome,['Infancy'],[]
502305,Cochleovestibular malformation,Morphological anomaly,['Neonatal'],[]
502318,Cochlear nerve deficiency,Morphological anomaly,['Neonatal'],[]
502363,Squamous cell carcinoma of the oral cavity,Disease,"['Adolescent', 'Adult', 'Childhood', 'Elderly']",[]
502366,Squamous cell carcinoma of the lip,Disease,"['Adult', 'Elderly']",[]
502423,Mitochondrial myopathy-cerebellar ataxia-pigmentary retinopathy syndrome,Disease,"['Adult', 'Infancy']",[]
502430,Weiss-Kruszka Syndrome,Malformation syndrome,"['Antenatal', 'Neonatal']",[]
502434,STAG1-related intellectual disability-facial dysmorphism-gastroesophageal reflux syndrome,Malformation syndrome,"['Antenatal', 'Infancy', 'Neonatal']",[]
502437,4q25 proximal deletion syndrome,Malformation syndrome,['Infancy'],[]
502444,Alkaline ceramidase 3 deficiency,Disease,['Infancy'],[]
502499,Erythema multiforme major,Disease,['All ages'],[]
504476,Cerebellar ataxia with neuropathy and bilateral vestibular areflexia syndrome,Disease,"['Adult', 'Elderly']",['Autosomal recessive']
504523,Severe combined immunodeficiency due to LAT deficiency,Disease,['Infancy'],[]
504530,Combined immunodeficiency due to Moesin deficiency,Disease,['Childhood'],['X-linked recessive']
505208,3-methylglutaconic aciduria type 8,Disease,['Neonatal'],[]
505216,3-methylglutaconic aciduria type 9,Disease,['Infancy'],['Autosomal recessive']
505227,Combined immunodeficiency due to GINS1 deficiency,Disease,"['Antenatal', 'Neonatal']",['Autosomal recessive']
505237,Early-onset seizures-distal limb anomalies-facial dysmorphism-global developmental delay syndrome,Malformation syndrome,['Infancy'],[]
505242,Psychomotor regression-oculomotor apraxia-movement disorder-nephropathy syndrome,Disease,['Infancy'],['Autosomal recessive']
505248,Mucopolysaccharidosis-like syndrome with congenital heart defects and hematopoietic disorders,Malformation syndrome,['Infancy'],[]
505395,Ventilator-induced diaphragmatic dysfunction,Particular clinical situation in a disease or syndrome,['All ages'],[]
505652,CDKL5-deficiency disorder,Disease,"['Infancy', 'Neonatal']",['X-linked dominant']
506060,Functioning neuroendocrine tumor of pancreas,Category,"['Adult', 'Elderly']",[]
506075,Non-functioning neuroendocrine tumor of pancreas,Disease,"['Adult', 'Elderly']",[]
506307,Stromme syndrome,Malformation syndrome,['Antenatal'],['Autosomal recessive']
506334,Familial steroid-resistant nephrotic syndrome with adrenal insufficiency,Disease,[],['Autosomal recessive']
506353,Autosomal recessive complex spastic paraplegia due to Kennedy pathway dysfunction,Disease,"['Childhood', 'Infancy']",['Autosomal recessive']
506358,Gabriele-de Vries syndrome,Malformation syndrome,"['Antenatal', 'Neonatal']",[]
508093,MEPAN syndrome,Malformation syndrome,"['Childhood', 'Infancy']",['Autosomal recessive']
508410,Familial intestinal malrotation,Morphological anomaly,['All ages'],[]
508476,Cleft lip and palate-craniofacial dysmorphism-congenital heart defect-hearing loss syndrome,Malformation syndrome,['Neonatal'],[]
508488,8q24.3 microdeletion syndrome,Malformation syndrome,"['Antenatal', 'Neonatal']",['Not applicable']
508498,Intellectual disability-cardiac anomalies-short stature-joint laxity syndrome,Malformation syndrome,"['Infancy', 'Neonatal']",[]
508501,Oral-facial-digital syndrome with short stature and brachymesophalangy,Malformation syndrome,['Neonatal'],[]
508512,Intrauterine growth restriction-congenital multiple café-au-lait macules-increased sister chromatid exchange syndrome,Disease,"['Antenatal', 'Neonatal']",['Autosomal recessive']
508523,Hyperphenylalaninemia due to DNAJC12 deficiency,Disease,['Infancy'],['Autosomal recessive']
508529,Intermediate epidermolysis bullosa simplex with cardiomyopathy,Disease,['Neonatal'],['Autosomal dominant']
508533,Skeletal dysplasia-T-cell immunodeficiency-developmental delay syndrome,Disease,"['Antenatal', 'Neonatal']",[]
508542,Congenital progressive bone marrow failure-B-cell immunodeficiency-skeletal dysplasia syndrome,Disease,['Neonatal'],[]
512103,Autosomal recessive epidermolytic ichthyosis,Disease,[],['Autosomal recessive']
512260,Congenital cerebellar ataxia due to RNU12 mutation,Disease,['Infancy'],['Autosomal recessive']
513436,Autosomal recessive spastic paraplegia type 78,Disease,"['Adolescent', 'Adult', 'Childhood']",['Autosomal recessive']
513456,Intellectual disability-seizures-abnormal gait-facial dysmorphism syndrome,Disease,['Infancy'],[]
514352,Congenital brachyesophagus-intrathoracic stomach-vertebral anomalies syndrome,Malformation syndrome,"['Antenatal', 'Neonatal']",[]
514980,ATP13A2-related parkinsonism,Clinical group,"['Adolescent', 'Childhood']",[]
519388,Autosomal recessive anterior segment dysgenesis,Malformation syndrome,"['Adolescent', 'Adult', 'Childhood']",['Autosomal recessive']
521219,Mirizzi syndrome,Clinical syndrome,"['Adult', 'Elderly']",[]
521258,Xq25 microduplication syndrome,Malformation syndrome,"['Childhood', 'Infancy']",[]
521305,Proximal myopathy with focal depletion of mitochondria,Disease,"['Adolescent', 'Adult', 'Childhood']",[]
521308,Frontonasal dysplasia-bifid nose-upper limb anomalies syndrome,Malformation syndrome,"['Infancy', 'Neonatal']",[]
521390,Spastic paraplegia-intellectual disability-nystagmus-obesity syndrome,Malformation syndrome,"['Antenatal', 'Neonatal']",['Autosomal dominant']
521406,Dystonia-parkinsonism-hypermanganesemia syndrome,Disease,['Infancy'],['Autosomal recessive']
521411,Autosomal recessive axonal Charcot-Marie-Tooth disease due to copper metabolism defect,Disease,"['Adolescent', 'Infancy']",['Autosomal recessive']
521414,Autosomal dominant Charcot-Marie-Tooth disease type 2DD,Disease,"['Adolescent', 'Adult', 'Childhood']",['Autosomal dominant']
521426,PLAA-associated neurodevelopmental disorder,Malformation syndrome,"['Infancy', 'Neonatal']",[]
521432,Congenital cataract-severe neonatal hepatopathy-global developmental delay syndrome,Disease,['Neonatal'],[]
521438,Congenital vertebral-cardiac-renal anomalies syndrome,Malformation syndrome,['Neonatal'],['Autosomal recessive']
521445,Microcephaly-facial dysmorphism-ocular anomalies-multiple congenital anomalies syndrome,Malformation syndrome,"['Infancy', 'Neonatal']",['Autosomal dominant']
521450,LAMA5-related multisystemic syndrome,Disease,"['Infancy', 'Neonatal']",['Autosomal dominant']
522077,Infantile hypotonia-oculomotor anomalies-hyperkinetic movements-developmental delay syndrome,Disease,['Infancy'],[]
523000,Pediatric-onset glaucoma,Category,"['Adolescent', 'Childhood', 'Infancy', 'Neonatal']",[]
525677,Genetic congenital malformation of the eye with glaucoma as a major feature,Category,['Neonatal'],[]
525731,Pediatric-onset Graves disease,Disease,"['Adolescent', 'Childhood', 'Infancy']",[]
527276,Encephalopathy due to mitochondrial and peroxisomal fission defect,Disease,"['Childhood', 'Infancy', 'Neonatal']",[]
527450,Severe myopia-generalized joint laxity-short stature syndrome,Malformation syndrome,['Neonatal'],['Autosomal recessive']
527468,Diaphragmatic hernia-short bowel-asplenia syndrome,Malformation syndrome,['Antenatal'],[]
527497,NKX6-2-related autosomal recessive hypomyelinating leukodystrophy,Disease,"['Childhood', 'Infancy']",['Autosomal recessive']
528084,Non-specific syndromic intellectual disability,Disease,"['Childhood', 'Infancy']","['Autosomal dominant', 'Autosomal recessive', 'X-linked recessive']"
528091,Hydrops-lactic acidosis-sideroblastic anemia-multisystemic failure syndrome,Disease,['Neonatal'],[]
528105,Hypohidrosis-electrolyte imbalance-lacrimal gland dysfunction-ichthyosis-xerostomia syndrome,Disease,"['Adolescent', 'Adult', 'Childhood']",['Autosomal recessive']
528623,Hereditary angioedema with C1Inh deficiency,Disease,[],['Not applicable']
528647,Hereditary angioedema with normal C1Inh,Disease,[],['Not applicable']
528663,Acquired angioedema with C1Inh deficiency,Disease,[],['Not applicable']
529468,Monoclonal mast cell activation syndrome,Disease,['All ages'],[]
529574,Duane retraction syndrome with congenital deafness,Malformation syndrome,['Neonatal'],['Autosomal dominant']
529665,Neurodevelopmental delay-seizures-ophthalmic anomalies-osteopenia-cerebellar atrophy syndrome,Malformation syndrome,['Infancy'],['Autosomal recessive']
529799,Acute bilirubin encephalopathy,Clinical syndrome,['Neonatal'],[]
529808,Chronic bilirubin encephalopathy,Clinical syndrome,"['Infancy', 'Neonatal']",['Not applicable']
529831,Letrozole toxicity,Particular clinical situation in a disease or syndrome,['All ages'],[]
529852,Combined hepatocellular carcinoma and cholangiocarcinoma,Disease,"['Adult', 'Elderly']",[]
529864,Secondary erythromelalgia,Disease,['All ages'],[]
529962,17q24.2 microdeletion syndrome,Malformation syndrome,"['Antenatal', 'Neonatal']",['Not applicable']
529965,Intellectual disability-autism-speech apraxia-craniofacial dysmorphism syndrome,Malformation syndrome,['Infancy'],['Autosomal dominant']
529970,Male infertility due to acephalic spermatozoa,Clinical subtype,['Adult'],['Autosomal recessive']
529977,Immune dysregulation-inflammatory bowel disease-arthritis-recurrent infections-lymphopenia syndrome,Disease,"['Infancy', 'Neonatal']",['Autosomal recessive']
529980,Inflammatory bowel disease-recurrent sinopulmonary infections syndrome,Disease,['Infancy'],[]
530033,Dermoid or epidermoid cyst of the central nervous system,Morphological anomaly,['Adult'],[]
530298,Progressive myoclonic epilepsy with neuroserpin inclusion bodies,Clinical subtype,['Adult'],[]
530303,Progressive dementia with neuroserpin inclusion bodies,Clinical subtype,"['Adult', 'Elderly']",[]
530792,RELA fusion-positive ependymoma,Disease,"['Adolescent', 'Adult', 'Childhood', 'Infancy']",[]
530838,KRT1-related diffuse nonepidermolytic keratoderma,Disease,"['Childhood', 'Infancy']",['Autosomal dominant']
530849,Familial apolipoprotein A5 deficiency,Etiological subtype,['Adult'],['Autosomal recessive']
530983,Lamb-Shaffer syndrome,Disease,['Infancy'],['Autosomal dominant']
530995,Mixed phenotype acute leukemia,Disease,"['Adolescent', 'Adult', 'Childhood']",[]
531151,9q21.13 microdeletion syndrome,Malformation syndrome,"['Childhood', 'Infancy']",['Not applicable']
535453,Familial lipase maturation factor 1 deficiency,Etiological subtype,['Adult'],['Autosomal recessive']
535458,Familial GPIHBP1 deficiency,Etiological subtype,['Adult'],['Autosomal recessive']
536467,B3GALT6-related spondylodysplastic Ehlers-Danlos syndrome,Clinical subtype,['Neonatal'],['Autosomal recessive']
536471,Spondylodysplastic Ehlers-Danlos syndrome,Disease,"['Infancy', 'Neonatal']",[]
536516,Myopathic Ehlers-Danlos syndrome,Disease,['Adult'],"['Autosomal dominant', 'Autosomal recessive']"
536532,Classical-like Ehlers-Danlos syndrome type 2,Disease,"['Infancy', 'Neonatal']",['Autosomal recessive']
536545,Kyphoscoliotic Ehlers-Danlos syndrome,Disease,['Neonatal'],[]
537072,PLG-related hereditary angioedema with normal C1Inh,Clinical subtype,"['Adolescent', 'Adult', 'Childhood', 'Elderly']",[]
538096,Autosomal recessive lethal neonatal axonal sensorimotor polyneuropathy,Disease,['Antenatal'],['Autosomal recessive']
538101,Congenital axonal neuropathy with encephalopathy,Disease,['Neonatal'],[]
538574,Palmoplantar keratoderma-hereditary motor and sensory neuropathy syndrome,Disease,"['Childhood', 'Infancy', 'Neonatal']",[]
538756,Familial multiple discoid fibromas,Disease,"['Adolescent', 'Adult', 'Childhood', 'Infancy', 'Neonatal']",[]
538863,Classic pyoderma gangrenosum,Clinical subtype,"['Adolescent', 'Adult', 'Childhood', 'Elderly']",[]
538866,Pustular pyoderma gangrenosum,Clinical subtype,"['Adolescent', 'Adult', 'Childhood', 'Elderly']",[]
538869,Bullous pyoderma gangrenosum,Clinical subtype,"['Adolescent', 'Adult', 'Childhood', 'Elderly']",[]
538872,Vegetative pyoderma gangrenosum,Clinical subtype,"['Adolescent', 'Adult', 'Childhood', 'Elderly']",[]
538931,X-linked lymphoproliferative disease due to SAP deficiency,Disease,"['Adolescent', 'Adult', 'Childhood', 'Infancy']",['X-linked recessive']
538934,X-linked lymphoproliferative disease due to XIAP deficiency,Disease,"['Adolescent', 'Adult', 'Childhood', 'Infancy']",['X-linked recessive']
538958,Combined immunodeficiency due to CD70 deficiency,Disease,"['Childhood', 'Infancy']",[]
538963,Combined immunodeficiency due to ITK deficiency,Disease,"['Adolescent', 'Childhood']",[]
541423,Growth delay-intellectual disability-hepatopathy syndrome,Disease,"['Infancy', 'Neonatal']",['Autosomal recessive']
542301,Combined immunodeficiency due to CARMIL2 deficiency,Disease,['Childhood'],['Autosomal recessive']
542306,GNB5-related intellectual disability-cardiac arrhythmia syndrome,Disease,"['Childhood', 'Infancy']",['Autosomal recessive']
542310,Leukoencephalopathy with calcifications and cysts,Disease,"['Adolescent', 'Adult', 'Childhood', 'Infancy']",['Autosomal recessive']
542323,CAR T cell therapy-associated cytokine release syndrome,Particular clinical situation in a disease or syndrome,['Adult'],[]
542585,Auditory neuropathy-optic atrophy syndrome,Disease,"['Adolescent', 'Childhood', 'Infancy']",['Autosomal recessive']
542592,Necrobiosis lipoidica,Disease,"['Adolescent', 'Adult', 'Childhood', 'Elderly']",[]
542643,Livedoid vasculopathy,Clinical syndrome,"['Adolescent', 'Adult']",[]
542657,Isolated hyperchlorhidrosis,Disease,['Infancy'],['Autosomal recessive']
543470,Optic atrophy-ataxia-peripheral neuropathy-global developmental delay syndrome,Disease,"['Adolescent', 'Childhood', 'Infancy']",['Autosomal recessive']
544254,SYNGAP1-related developmental and epileptic encephalopathy,Disease,['Infancy'],['Autosomal dominant']
544469,PRUNE1-related neurological syndrome,Malformation syndrome,"['Infancy', 'Neonatal']",['Autosomal recessive']
544472,Atypical hemolytic uremic syndrome with complement gene abnormality,Etiological subtype,['All ages'],[]
544482,Infection-related hemolytic uremic syndrome,Disease,['All ages'],['Not applicable']
544488,Global developmental delay-alopecia-macrocephaly-facial dysmorphism-structural brain anomalies syndrome,Disease,"['Antenatal', 'Neonatal']",[]
544493,Streptococcus pneumoniae-associated hemolytic uremic syndrome,Clinical subtype,['All ages'],[]
544503,RNF13-related severe early-onset epileptic encephalopathy,Disease,['Neonatal'],[]
544578,"Congenital primary megaureter, refluxing and obstructed form",Clinical subtype,"['Infancy', 'Neonatal']",[]
544602,Congenital myopathy with reduced type 2 muscle fibers,Disease,"['Antenatal', 'Neonatal']",['Autosomal recessive']
544628,Atypical Fanconi syndrome-neonatal hyperinsulinism syndrome,Disease,['Neonatal'],[]
555402,NAD(P)HX dehydratase deficiency,Disease,"['Childhood', 'Infancy']",['Autosomal recessive']
555407,NAD(P)HX epimerase deficiency,Disease,['Infancy'],['Autosomal recessive']
555434,Fibrohistiocytic inflammatory pseudotumor of the liver,Clinical subtype,"['Adult', 'Elderly']",[]
555437,Lymphoplasmacytic inflammatory pseudotumor of the liver,Clinical subtype,"['Adult', 'Elderly']",[]
555874,Congenital tricuspid valve dysplasia,Morphological anomaly,"['Antenatal', 'Neonatal']",[]
555877,FLNA-related X-linked myxomatous valvular dysplasia,Morphological anomaly,['Neonatal'],['X-linked recessive']
555905,IgA pemphigus,Disease,['All ages'],[]
556030,Early-onset familial hypoaldosteronism,Clinical subtype,"['Adolescent', 'Childhood', 'Infancy', 'Neonatal']",[]
556037,Late-onset familial hypoaldosteronism,Clinical subtype,"['Adult', 'Elderly']",[]
556955,Pancreatic agenesis-holoprosencephaly syndrome,Disease,['Antenatal'],[]
556985,Early-onset calcifying leukoencephalopathy-skeletal dysplasia,Disease,"['Adolescent', 'Antenatal', 'Childhood']",['Autosomal recessive']
557003,Oculoskeletodental syndrome,Disease,"['Adolescent', 'Adult', 'Childhood']",['Autosomal recessive']
557056,Spastic ataxia-dysarthria due to glutaminase deficiency,Disease,['Childhood'],[]
557064,Neonatal epileptic encephalopathy due to glutaminase deficiency,Disease,['Neonatal'],[]
558411,Idiopathic gastroparesis,Disease,"['Adolescent', 'Adult', 'Childhood', 'Elderly', 'Infancy']",[]
561854,FOXG1 syndrome,Disease,['Neonatal'],[]
562509,Heme oxygenase-1 deficiency,Disease,"['Adolescent', 'Childhood']",['Autosomal recessive']
562528,Congenital limbs-face contractures-hypotonia-developmental delay syndrome,Malformation syndrome,"['Antenatal', 'Neonatal']",['Autosomal dominant']
562538,Autosomal recessive extra-oral halitosis,Disease,[],['Autosomal recessive']
562559,Anterior maxillary protrusion-strabismus-intellectual disability syndrome,Malformation syndrome,"['Childhood', 'Infancy']",['Autosomal recessive']
562569,TMEM94-associated congenital heart defect-facial dysmorphism-developmental delay syndrome,Malformation syndrome,"['Antenatal', 'Neonatal']",['Autosomal recessive']
562639,Primary biliary cholangitis/primary sclerosing cholangitis and autoimmune hepatitis overlap syndrome,Disease,['All ages'],[]
563576,Autoimmune hepatitis type 1,Clinical subtype,['Adult'],[]
563581,Autoimmune hepatitis type 2,Clinical subtype,"['Adolescent', 'Adult', 'Childhood']",[]
563589,Seronegative autoimmune hepatitis,Clinical subtype,['Adult'],[]
563609,Isolated anencephaly,Clinical subtype,['Antenatal'],[]
563612,Isolated exencephaly,Clinical subtype,['Antenatal'],[]
563666,Serous cystadenoma of childhood,Histopathological subtype,['Childhood'],[]
563671,Mucinous cystadenoma of childhood,Histopathological subtype,['Childhood'],[]
563676,Seromucinous cystadenoma of childhood,Histopathological subtype,['Childhood'],[]
563684,Furuncular myiasis due to Dermatobia hominis,Clinical subtype,['All ages'],[]
563687,Furuncular myiasis due to Cordylobia anthropophaga,Clinical subtype,['All ages'],[]
563690,Furuncular myiasis due to Cordylobia rodhaini,Clinical subtype,['All ages'],[]
563708,Syndromic congenital sodium diarrhea,Disease,"['Antenatal', 'Neonatal']",[]
563991,Osteochondrosis of the tarsal bone,Disease,"['Adolescent', 'Childhood']",[]
564003,Osteochondrosis of the metatarsal bone,Disease,"['Adolescent', 'Adult']",[]
564178,Primary hypomagnesemia-refractory seizures-intellectual disability syndrome,Disease,"['Infancy', 'Neonatal']",[]
565612,Primary triglyceride deposit cardiomyovasculopathy,Disease,['Adult'],['Autosomal recessive']
565624,Combined oxidative phosphorylation defect type 39,Disease,"['Antenatal', 'Infancy', 'Neonatal']",['Autosomal recessive']
565782,Methotrexate toxicity,Disease,['All ages'],['Not applicable']
565788,Infantile inflammatory bowel disease with neurological involvement,Disease,['Infancy'],['Autosomal recessive']
565858,Craniosynostosis-microretrognathia-severe intellectual disability syndrome,Malformation syndrome,"['Antenatal', 'Neonatal']",['Autosomal dominant']
565899,POMGNT2-related limb-girdle muscular dystrophy R24,Disease,"['Adolescent', 'Infancy']",[]
565909,Calpain-3-related limb-girdle muscular dystrophy D4,Disease,['Adult'],[]
566067,CEBPE-associated autoinflammation-immunodeficiency-neutrophil dysfunction syndrome,Disease,"['Adolescent', 'Neonatal']",['Autosomal recessive']
566175,Complement hyperactivation-angiopathic thrombosis-protein-losing enteropathy syndrome,Disease,"['Childhood', 'Infancy']",['Autosomal recessive']
566192,Congenital autosomal recessive small-platelet thrombocytopenia,Disease,['Neonatal'],['Autosomal recessive']
566231,Resistance to thyroid hormone due to a mutation in thyroid hormone receptor alpha,Disease,['All ages'],[]
566243,Resistance to thyroid hormone due to a mutation in thyroid hormone receptor beta,Disease,['All ages'],['Autosomal recessive']
566841,Liver adenomatosis,Disease,"['Adult', 'Elderly']",[]
566943,Mueller-Weiss syndrome,Disease,['Adult'],[]
567502,B-cell immunodeficiency-limb anomaly-urogenital malformation syndrome,Disease,['Antenatal'],[]
567544,Idiopathic non-lupus full-house nephropathy,Clinical syndrome,['All ages'],[]
567546,Idiopathic steroid-sensitive nephrotic syndrome with secondary steroid resistance,Clinical syndrome,['All ages'],[]
567548,Idiopathic steroid-resistant nephrotic syndrome,Clinical syndrome,"['Adolescent', 'Adult', 'Childhood']",[]
567550,Idiopathic multidrug-resistant nephrotic syndrome,Clinical subtype,['All ages'],[]
567552,Idiopathic steroid-resistant nephrotic syndrome with sensitivity to second-line immunosuppressive therapy,Clinical subtype,['All ages'],[]
567564,Nephrotic syndrome without extrarenal manifestations,Category,['All ages'],[]
567983,Parenteral nutrition-associated cholestasis,Particular clinical situation in a disease or syndrome,['All ages'],[]
568051,GJC2-related late-onset primary lymphedema,Disease,"['Adolescent', 'Adult', 'Childhood']",[]
568056,Warts-immunodeficiency-lymphedema-anogenital dysplasia syndrome,Disease,"['Infancy', 'Neonatal']",[]
568062,PIEZO1-related generalized lymphatic dysplasia with non-immune hydrops fetalis,Disease,"['Antenatal', 'Childhood', 'Infancy', 'Neonatal']",['Autosomal recessive']
568065,EPHB4-related lymphatic-related hydrops fetalis,Disease,['Antenatal'],[]
569164,Angiomatoid fibrous histiocytoma,Disease,"['Adolescent', 'Adult', 'Childhood']",[]
569248,Microcystic stromal tumor,Disease,['Adult'],[]
569274,Multiple mitochondrial dysfunctions syndrome type 5,Disease,['Infancy'],[]
569290,Multiple mitochondrial dysfunctions syndrome type 6,Disease,['Infancy'],[]
569816,CELSR1-related late-onset primary lymphedema,Disease,"['Adolescent', 'Childhood', 'Infancy', 'Neonatal']",[]
569821,Congenital primary lymphedema of Gordon,Disease,"['Adolescent', 'Adult', 'Childhood', 'Infancy', 'Neonatal']",[]
570371,Bartter syndrome type 5,Clinical subtype,['Antenatal'],[]
570422,Galactose mutarotase deficiency,Disease,"['Infancy', 'Neonatal']",[]
570431,Idiopathic multicentric Castleman disease,Clinical subtype,['All ages'],[]
570438,HHV-8-associated multicentric Castleman disease,Clinical subtype,['All ages'],[]
570470,Ricin poisoning,Disease,['All ages'],['Not applicable']
570491,QRSL1-related combined oxidative phosphorylation defect,Disease,"['Antenatal', 'Infancy', 'Neonatal']",[]
570762,Infective endocarditis,Disease,['All ages'],[]
572013,Posterior-predominant lissencephaly-broad flat pons and medulla-midline crossing defects syndrome,Malformation syndrome,['Infancy'],['Autosomal dominant']
572333,Blepharophimosis-ptosis-epicanthus inversus syndrome plus,Malformation syndrome,['Antenatal'],[]
572354,Blepharophimosis-ptosis-epicanthus inversus syndrome type 1,Clinical subtype,['Antenatal'],[]
572361,Blepharophimosis-ptosis-epicanthus inversus syndrome type 2,Clinical subtype,['Antenatal'],[]
572385,Brachydactyly type B1,Clinical subtype,['Antenatal'],[]
572428,Infantile-onset pulmonary alveolar proteinosis-hypogammaglobulinemia,Disease,['Infancy'],[]
572543,RFVT2-related riboflavin transporter deficiency,Clinical subtype,"['Childhood', 'Infancy']",['Autosomal recessive']
572550,RFVT3-related riboflavin transporter deficiency,Clinical subtype,"['Adolescent', 'Adult', 'Childhood', 'Infancy']",['Autosomal recessive']
572761,DONSON-related microcephaly-short stature-limb abnormalities spectrum,Malformation syndrome,"['Antenatal', 'Neonatal']",['Autosomal recessive']
572768,Microcephaly-micromelia syndrome,Clinical subtype,['Antenatal'],[]
572773,Microcephaly-short stature-limb abnormalities syndrome,Clinical subtype,['Antenatal'],[]
572798,WARS2-related combined oxidative phosphorylation defect,Disease,"['Infancy', 'Neonatal']",[]
573253,Split cord malformation type II,Morphological anomaly,"['Adolescent', 'Adult', 'Childhood', 'Infancy']",[]
573278,Split cord malformation,Clinical group,"['Adolescent', 'Adult', 'Childhood', 'Infancy']",[]
574918,Predisposition to severe viral infection due to IRF7 deficiency,Disease,['All ages'],['Autosomal recessive']
574957,Mendelian susceptibility to mycobacterial diseases due to partial JAK1 deficiency,Disease,['All ages'],['Autosomal recessive']
575553,Cathepsin A-related arteriopathy-strokes-leukoencephalopathy,Disease,['Adult'],['Autosomal dominant']
576278,SATB2-associated syndrome,Malformation syndrome,"['Infancy', 'Neonatal']",['Autosomal dominant']
576283,SATB2-associated syndrome due to a pathogenic variant,Etiological subtype,"['Antenatal', 'Infancy', 'Neonatal']",[]
580572,Intraductal tubulopapillary neoplasm of pancreas,Disease,"['Adult', 'Elderly']",[]
580933,Lethal brain and heart developmental defects,Malformation syndrome,['Antenatal'],['Autosomal recessive']
580940,QRICH1-related intellectual disability-chondrodysplasia syndrome,Malformation syndrome,"['Antenatal', 'Infancy', 'Neonatal']",[]
580951,Punctate inner choroidopathy,Disease,['Adult'],[]
581271,Cramp-fasciculation syndrome,Disease,['Adult'],[]
583097,Congenital infiltrating lipomatosis of the face,Disease,['Neonatal'],[]
583856,Isolated splenic vein thrombosis,Disease,"['Adult', 'Elderly']",[]
583861,Isolated mesenteric vein thrombosis,Disease,"['Adult', 'Elderly']",[]
585867,Acute myeloid leukemia with t(9;22)(q34.1;q11.2),Disease,"['Adolescent', 'Adult', 'Childhood', 'Elderly', 'Infancy', 'Neonatal']",[]
585877,B-lymphoblastic leukemia/lymphoma with recurrent genetic abnormality,Etiological subtype,"['Adolescent', 'Adult', 'Childhood', 'Elderly', 'Infancy']",[]
585909,B-lymphoblastic leukemia/lymphoma with t(9;22)(q34.1;q11.2),Etiological subtype,"['Adolescent', 'Adult', 'Childhood', 'Elderly', 'Infancy']",[]
585918,B-lymphoblastic leukemia/lymphoma with t(v;11q23.3),Etiological subtype,"['Adolescent', 'Adult', 'Childhood', 'Infancy']",[]
585929,B-lymphoblastic leukemia/lymphoma with t(12;21)(p13.2;q22.1),Etiological subtype,"['Adolescent', 'Adult', 'Childhood']",[]
585936,B-lymphoblastic leukemia/lymphoma with hyperdiploidy,Etiological subtype,"['Adolescent', 'Adult', 'Childhood']",[]
585942,B-lymphoblastic leukemia/lymphoma with hypodiploidy,Etiological subtype,"['Adolescent', 'Adult', 'Childhood']",[]
585948,B-lymphoblastic leukemia/lymphoma with t(5;14)(q31.1;q32.3),Etiological subtype,"['Adolescent', 'Adult', 'Childhood']",[]
585956,B-lymphoblastic leukemia/lymphoma with t(1;19)(q23;p13.3),Etiological subtype,"['Adolescent', 'Adult', 'Childhood']",[]
586130,Sporadic fatal insomnia,Disease,"['Adult', 'Elderly']",[]
589435,Spondylometaphyseal dysplasia-corneal dystrophy syndrome,Malformation syndrome,['Neonatal'],['Autosomal recessive']
589442,Short stature-skeletal dysplasia-retinal degeneration-intellectual disability-sensorineural hearing loss syndrome,Malformation syndrome,"['Childhood', 'Infancy', 'Neonatal']",[]
589515,PUM1-associated developmental disability-ataxia-seizure syndrome,Disease,"['Infancy', 'Neonatal']",[]
589522,Spinocerebellar ataxia type 46,Disease,['Adult'],['Autosomal dominant']
589527,Spinocerebellar ataxia type 45,Disease,['Adult'],['Autosomal dominant']
589534,Mixed phenotype acute leukemia with t(9;22)(q34.1;q11.2),Etiological subtype,"['Adolescent', 'Adult', 'Childhood', 'Elderly']",[]
589542,Myeloid/lymphoid neoplasm associated with JAK2 rearrangement,Disease,"['Adolescent', 'Adult', 'Childhood', 'Elderly']",[]
589547,"GRIN2B-related developmental delay, intellectual disability and autism spectrum disorder",Disease,"['Childhood', 'Infancy', 'Neonatal']",[]
589595,Mixed phenotype acute leukemia with t(v;11q23.3),Etiological subtype,"['Adolescent', 'Adult', 'Childhood', 'Infancy']",[]
589608,"Linear hypopigmentation and craniofacial asymmetry with acral, ocular and brain anomalies",Disease,['No data available'],[]
589618,Dystonia 28,Disease,"['Childhood', 'Infancy']",['Autosomal dominant']
589821,Congenital-onset Steinert myotonic dystrophy,Clinical subtype,"['Antenatal', 'Neonatal']",['Autosomal dominant']
589824,Childhood-onset Steinert myotonic dystrophy,Clinical subtype,"['Childhood', 'Infancy']",['Autosomal dominant']
589827,Juvenile-onset Steinert myotonic dystrophy,Clinical subtype,['Childhood'],['Autosomal dominant']
589830,Adult-onset Steinert myotonic dystrophy,Clinical subtype,['Adult'],['Autosomal dominant']
589833,Late-onset Steinert myotonic dystrophy,Clinical subtype,['Elderly'],['Autosomal dominant']
589856,Choanal atresia-athelia-hypothyroidism-delayed puberty-short stature syndrome,Malformation syndrome,['Neonatal'],[]
589905,PHIP-related behavioral problems-intellectual disability-obesity-dysmorphic features syndrome,Disease,"['Antenatal', 'Infancy', 'Neonatal']",['Autosomal dominant']
590539,Isolated melanotic schwannoma,Disease,"['Adolescent', 'Adult', 'Childhood', 'Elderly']",[]
592564,GNAO1-related developmental delay-seizures-movement disorder spectrum,Disease,"['Childhood', 'Infancy', 'Neonatal']",[]
592570,TRAF7-associated heart defect-digital anomalies-facial dysmorphism-motor and speech delay syndrome,Malformation syndrome,"['Antenatal', 'Neonatal']",[]
592574,Menke-Hennekam syndrome,Malformation syndrome,"['Antenatal', 'Infancy', 'Neonatal']",[]
592873,Acute transverse myelitis with anti-MOG antibodies,Clinical subtype,"['Adolescent', 'Adult', 'Childhood', 'Elderly', 'Infancy']",[]
595098,Timothy syndrome type 1,Clinical subtype,"['Antenatal', 'Neonatal']",[]
595105,Timothy syndrome type 2,Clinical subtype,"['Antenatal', 'Neonatal']",[]
595109,Atypical Timothy syndrome,Clinical subtype,"['Antenatal', 'Neonatal']",[]
595133,Perivascular epithelioid cell neoplasm,Disease,"['Adolescent', 'Adult', 'Childhood', 'Elderly']",[]
595356,Localized dystrophic epidermolysis bullosa,Disease,"['Infancy', 'Neonatal']","['Autosomal dominant', 'Autosomal recessive']"
596448,IgG4-related systemic disease,Disease,"['Adolescent', 'Adult', 'Childhood', 'Elderly']",['Not applicable']
596753,VEXAS syndrome,Disease,"['Adult', 'Elderly']",[]
596759,Combined immunodeficiency due to RELA haploinsufficiency,Disease,['Childhood'],['Autosomal dominant']
596937,Portosinusoidal vascular disease,Disease,['Adult'],[]
597201,TRIM22-related inflammatory bowel disease,Disease,['Neonatal'],['Autosomal recessive']
597623,IRF2BPL-related regressive neurodevelopmental disorder-dystonia-seizures syndrome,Disease,"['Childhood', 'Infancy', 'Neonatal']",[]
597733,Oculocutaneous albinism type 8,Disease,['Childhood'],[]
597738,Luscan-Lumish syndrome,Malformation syndrome,"['Antenatal', 'Childhood', 'Infancy', 'Neonatal']",[]
597743,SETD2-related microcephaly-severe intellectual disability-multiple congenital anomalies syndrome,Malformation syndrome,['Neonatal'],[]
597746,Blepharophimosis-intellectual disability syndrome/genitopatellar overlap syndrome,Malformation syndrome,"['Antenatal', 'Neonatal']",[]
597874,MTHFS-related developmental delay-microcephaly-short stature-epilepsy syndrome,Disease,"['Antenatal', 'Infancy', 'Neonatal']",[]
597887,ALPI-related inflammatory bowel disease,Disease,"['Adolescent', 'Infancy']",['Autosomal recessive']
597939,Euthyroid dysprealbuminemic hyperthyroxinemia,Disease,['Adult'],[]
598216,Upper tract urothelial carcinoma,Disease,['No data available'],[]
598363,Multisystem inflammatory syndrome in children and adults,Disease,['Childhood'],[]
598603,Facial dysmorphism-hypertrichosis-epilepsy-intellectual disability/developmental delay-gingival overgrowth syndrome,Malformation syndrome,"['Childhood', 'Infancy', 'Neonatal']",['Autosomal dominant']
599082,CHD3-related developmental delay-speech delay-intellectual disability-abnormalities of vision-facial dysmorphism syndrome,Malformation syndrome,"['Infancy', 'Neonatal']",[]
599373,STXBP1-related encephalopathy,Disease,['Neonatal'],[]
599376,Hypomyelination of early myelinating structures,Disease,['Infancy'],[]
599480,Acquired hemophilia A,Disease,"['Adolescent', 'Adult', 'Childhood', 'Elderly']",['Not applicable']
599485,Acquired hemophilia B,Disease,['No data available'],['Not applicable']
599490,Acquired factor V deficiency,Disease,"['Adult', 'Elderly']",[]
599495,Acquired factor VII deficiency,Disease,['All ages'],[]
599501,Acquired factor X deficiency,Disease,['All ages'],[]
599507,Acquired factor XI deficiency,Disease,"['Adolescent', 'Adult']",[]
599513,Acquired factor XIII deficiency,Disease,"['Adolescent', 'Adult', 'Childhood', 'Elderly']",[]
599519,Factor V short isoforms-related bleeding disorder,Disease,['No data available'],['Autosomal dominant']
599579,Factor V Amsterdam bleeding disorder,Etiological subtype,['No data available'],['Autosomal dominant']
600194,Factor V Atlanta bleeding disorder,Etiological subtype,['No data available'],['Autosomal dominant']
600663,NRXN1-related severe neurodevelopmental disorder-motor stereotypies-chronic constipation-sleep-wake cycle disturbance,Malformation syndrome,['Neonatal'],[]
600668,CCNK-related neurodevelopmental disorder-severe intellectual disability-facial dysmorphism syndrome,Disease,['Neonatal'],['Autosomal dominant']
600691,Combined deficiency of factor VII and factor X,Disease,"['Adolescent', 'Adult', 'Childhood', 'Infancy', 'Neonatal']",[]
600731,Clark-Baraitser syndrome,Malformation syndrome,"['Childhood', 'Infancy', 'Neonatal']",[]
600952,Non-syndromic anorectal malformation with perineal fistula,Morphological anomaly,['Neonatal'],[]
600961,Non-syndromic anorectal malformation with rectourethral fistula,Morphological anomaly,['Neonatal'],[]
600984,Non-syndromic anorectal malformation with rectovesical fistula,Morphological anomaly,['Neonatal'],[]
600993,Non-syndromic anorectal malformation with vestibular fistula,Morphological anomaly,['Neonatal'],[]
600998,Non-syndromic cloacal malformation,Morphological anomaly,['Neonatal'],[]
601002,Non-syndromic anorectal malformation without fistula,Morphological anomaly,['Neonatal'],[]
601008,Non-syndromic anorectal malformation with anal stenosis,Morphological anomaly,['Neonatal'],[]
601013,Non-syndromic anorectal malformation with pouch colon,Morphological anomaly,['Neonatal'],[]
601018,Non-syndromic anorectal malformation with rectal atresia,Morphological anomaly,['Neonatal'],[]
601023,Non-syndromic anorectal malformation with rectal stenosis,Morphological anomaly,['Neonatal'],[]
601028,Non-syndromic anorectal malformation with rectovaginal fistula,Morphological anomaly,['Neonatal'],[]
601033,Non-syndromic anorectal malformation with H-type fistula,Morphological anomaly,['Neonatal'],[]
603448,Cerebellar hypoplasia-intellectual disability-congenital microcephaly-dystonia-anemia-growth retardation syndrome,Malformation syndrome,['Neonatal'],['Autosomal dominant']
603494,Coloboma-osteopetrosis-microphthalmia-macrocephaly-albinism-deafness syndrome,Malformation syndrome,"['Antenatal', 'Neonatal']",[]
603515,Isolated female hypospadias,Morphological anomaly,['Neonatal'],[]
603684,KLHL7-related Bohring-Opitz-like and Crisponi/Cold-induced sweating-like overlap syndrome,Malformation syndrome,['Neonatal'],['Autosomal recessive']
603689,KLHL7-related Bohring-Opitz-like syndrome,Malformation syndrome,"['Antenatal', 'Neonatal']",[]
603699,Recessive KLHL7-related disorder,Clinical group,[],['Autosomal recessive']
604680,Symptomatic form of X-linked centronuclear myopathy in female carriers,Disease,"['Childhood', 'Infancy', 'Neonatal']",[]
610569,KIAA1109-related early lethal congenital brain malformations-arthrogryposis syndrome,Disease,"['Antenatal', 'Neonatal']",['Autosomal recessive']
610573,CLCN6-related childhood-onset progressive neurodegeneration-peripheral neuropathy syndrome,Disease,['Infancy'],['Autosomal dominant']
611201,Oculogastrointestinal-neurodevelopmental syndrome,Malformation syndrome,"['Infancy', 'Neonatal']",[]
611216,Aplastic anemia-intellectual disability-dwarfism syndrome,Disease,"['Infancy', 'Neonatal']",[]
611223,EN1-related dorsoventral syndrome,Malformation syndrome,['Neonatal'],[]
611237,Parkinsonism with polyneuropathy,Disease,['Adult'],[]
611247,Pontocerebellar hypoplasia type 11,Malformation syndrome,"['Antenatal', 'Neonatal']",['Autosomal recessive']
611256,Pontocerebellar hypoplasia type 12,Malformation syndrome,"['Antenatal', 'Neonatal']",['Autosomal recessive']
613267,Pontocerebellar hypoplasia type 13,Malformation syndrome,['Neonatal'],['Autosomal recessive']
613274,Pontocerebellar hypoplasia type 14,Malformation syndrome,"['Antenatal', 'Neonatal']",['Autosomal recessive']
615970,Chronic intervillositis of unknown etiology,Disease,"['Adolescent', 'Adult']",[]
617294,Twin anemia-polycythemia sequence,Disease,['Antenatal'],[]
617297,Twin-reversed arterial perfusion sequence,Disease,['Antenatal'],[]
617301,Selective intrauterine growth restriction,Disease,['Antenatal'],[]
617304,Amniotic fluid embolism,Disease,['Adult'],[]
617408,Classic eosinophilic pustular folliculitis,Disease,"['Adolescent', 'Adult']",[]
617916,Diffuse idiopathic pulmonary neuroendocrine cell hyperplasia,Disease,"['Adult', 'Elderly']",[]
617919,F12-associated cold autoinflammatory syndrome,Disease,['Neonatal'],['Autosomal dominant']
618891,Chronic neurovisceral acid sphingomyelinase deficiency,Disease,"['Infancy', 'Neonatal']",[]
619233,Hereditary persistence of fetal hemoglobin-intellectual disability syndrome,Disease,"['Infancy', 'Neonatal']",['Autosomal dominant']
619363,NOCARH syndrome,Disease,"['Infancy', 'Neonatal']",['Autosomal dominant']
619367,SAMD9L-associated autoinflammatory syndrome,Disease,['Neonatal'],[]
619941,Congenital neutropenia-combined immunodeficiency due to MKL1 deficiency,Disease,"['Infancy', 'Neonatal']",[]
619948,Early-onset autoimmunity-autoinflammation-immunodeficiency syndrome due to SOCS1 haploinsufficiency,Disease,"['Adolescent', 'Childhood', 'Infancy']",[]
619953,Familial hyperinflammatory lymphoproliferative immunodeficiency,Disease,"['Childhood', 'Infancy', 'Neonatal']",[]
619972,CADINS disease,Disease,[],['Autosomal dominant']
619979,Developmental delay-immunodeficiency-leukoencephalopathy-hypohomocysteinemia syndrome,Disease,"['Infancy', 'Neonatal']",[]
620102,Non-syndromic unicoronal craniosynostosis,Morphological anomaly,['Neonatal'],[]
620113,Non-syndromic unilambdoid craniosynostosis,Morphological anomaly,['Neonatal'],[]
620139,Non-syndromic unifrontosphenoidal craniosynostosis,Morphological anomaly,['Neonatal'],[]
620146,Non-syndromic unisquamosal craniosynostosis,Morphological anomaly,['Neonatal'],[]
620158,Non-syndromic non-specific multisutural craniosynostosis,Morphological anomaly,['Neonatal'],[]
620178,Non-syndromic bilambdoid craniosynostosis,Morphological anomaly,['Neonatal'],[]
620186,Non-syndromic unicoronal and sagittal craniosynostosis,Morphological anomaly,['Neonatal'],[]
620192,Non-syndromic metopic and sagittal craniosynostosis,Morphological anomaly,['Neonatal'],[]
620198,Non-syndromic bicoronal and metopic craniosynostosis,Morphological anomaly,['Neonatal'],[]
620205,Non-syndromic bicoronal and sagittal craniosynostosis,Morphological anomaly,['Neonatal'],[]
620212,Non-syndromic pansynostosis,Morphological anomaly,['Neonatal'],[]
620363,Primary hypomagnesemia-generalized seizures-intellectual disability-obesity syndrome,Disease,"['Childhood', 'Infancy']",[]
620368,EGF-related primary hypomagnesemia with intellectual disability,Disease,"['Childhood', 'Infancy']",[]
620371,Gitelman-like kidney tubulopathy due to mitochondrial DNA mutation,Disease,['All ages'],[]
621758,Fibrosis-neurodegeneration-cerebral angiomatosis syndrome,Disease,"['Infancy', 'Neonatal']",[]
622925,X-linked severe syndromic thoracic aortic aneurysm and dissection,Malformation syndrome,"['Adolescent', 'Childhood', 'Infancy']",[]
623615,Autoimmune limbic encephalitis,Disease,['All ages'],[]
623626,Paraneoplastic cerebellar degeneration,Disease,['All ages'],[]
623789,Body integrity dysphoria,Disease,"['Adolescent', 'Childhood']",[]
623801,Acute flaccid myelitis,Disease,"['Adolescent', 'Adult', 'Childhood', 'Infancy']",[]
624166,Non-specific autoimmune supratentorial encephalitis with characteristic antibodies,Disease,['All ages'],[]
624178,Non-specific autoimmune supratentorial encephalitis without characteristic antibodies,Disease,['All ages'],[]
624190,Paraneoplastic isolated brainstem encephalitis,Disease,['All ages'],[]
624199,Non-specific autoimmune brainstem encephalitis with characteristic antibodies,Disease,['All ages'],[]
624216,Non-specific autoimmune brainstem encephalitis without characteristic antibodies,Disease,['All ages'],[]
624244,Postinfectious cerebellitis,Disease,['All ages'],[]
624268,Non-specific autoimmune cerebellar ataxia without characteristic antibodies,Disease,['All ages'],[]
631068,Autosomal dominant spastic paraplegia type 80,Disease,"['Adolescent', 'Childhood']",['Autosomal dominant']
631073,Autosomal recessive spastic paraplegia type 82,Disease,"['Childhood', 'Infancy']",['Autosomal recessive']
631076,Autosomal recessive spastic paraplegia type 83,Disease,"['Adolescent', 'Childhood']",['Autosomal recessive']
631079,Autosomal recessive spastic paraplegia type 84,Disease,"['Childhood', 'Infancy']",['Autosomal recessive']
631082,Autosomal recessive spastic paraplegia type 85,Disease,"['Childhood', 'Infancy']",['Autosomal recessive']
631085,Autosomal recessive spastic paraplegia type 86,Disease,"['Childhood', 'Infancy']",['Autosomal recessive']
631088,Autosomal recessive spastic paraplegia type 87,Disease,"['Childhood', 'Infancy']",['Autosomal recessive']
631095,Spinocerebellar ataxia type 44,Disease,['Adult'],['Autosomal dominant']
631103,Spinocerebellar ataxia type 48,Disease,['Adult'],['Autosomal dominant']
631106,Spinocerebellar ataxia type 49,Disease,"['Adolescent', 'Adult', 'Childhood']",['Autosomal dominant']
631248,Mitchell Syndrome,Disease,[],['Autosomal dominant']
633004,KDM3B-related intellectual disability-facial dysmorphism-short stature syndrome,Disease,"['Infancy', 'Neonatal']",[]
633014,SLC12A2-related developmental delay-intellectual disability-sensorineural deafness syndrome,Disease,"['Adolescent', 'Childhood', 'Infancy']",[]
633021,SLC12A2-related autosomal recessive neonatal-developmental delay-intellectual disability-feeding difficulty-sensorineural deafness syndrome,Clinical subtype,[],['Autosomal recessive']
633024,SLC12A2-related autosomal dominant infantile-developmental delay-intellectual disability-sensorineural deafness syndrome,Clinical subtype,[],['Autosomal dominant']
633028,CPE-related Prader-Willi-like syndrome,Disease,"['Childhood', 'Infancy']",[]
633124,Invasive scopulariopsis infection,Disease,"['Adolescent', 'Adult', 'Childhood', 'Elderly']",[]
633228,Isolated proximal femoral focal deficiency,Morphological anomaly,['Neonatal'],[]
634461,Mosaic neurofibromatosis type 1,Disease,"['Infancy', 'Neonatal']",[]
634475,Mosaic NF2-related schwannomatosis,Disease,"['Infancy', 'Neonatal']",[]
634492,Mosaic schwannomatosis,Disease,"['Infancy', 'Neonatal']",[]
636941,Vascular Ehlers-Danlos-polymicrogyria syndrome,Disease,"['Infancy', 'Neonatal']",[]
636945,Invasive candidiasis,Disease,"['Adult', 'Elderly', 'Infancy']",[]
636950,Glaucomatocyclitic crisis disease,Disease,"['Adolescent', 'Adult']",[]
636955,Endemic pemphigus foliaceus,Disease,['All ages'],[]
636965,Autosomal dominant myosin storage myopathy,Clinical subtype,[],['Autosomal dominant']
636970,Autosomal recessive myosin storage myopathy,Clinical subtype,[],['Autosomal recessive']
637051,Borna virus encephalitis,Disease,"['Adolescent', 'Adult', 'Elderly']",[]
637064,Isolated optic nerve aplasia,Morphological anomaly,"['Infancy', 'Neonatal']",[]
641350,Immunotherapy induced hypophysitis,Disease,['All ages'],[]
641353,Infantile neurodegeneration-progressive spasticity-intellectual disability-white matter lesions syndrome,Disease,"['Infancy', 'Neonatal']",[]
641361,Neurodevelopmental delay-hypotonia-cerebellar ataxia-cardiac conduction defects syndrome,Disease,['Infancy'],['Autosomal recessive']
641368,Autosomal recessive hyper-IgE syndrome due to ZNF341 deficiency,Disease,['Infancy'],['Autosomal recessive']
641380,PAPASH syndrome,Disease,"['Adolescent', 'Adult']",[]
641385,PASS syndrome,Disease,['Adult'],[]
641390,PsAPASH syndrome,Disease,['Adult'],[]
641496,Childhood-onset schizophrenia,Disease,"['Adolescent', 'Childhood']",[]
641829,Neonatal compartment syndrome,Clinical syndrome,['Neonatal'],[]
642085,EXOC6B-related spondyloepimetaphyseal dysplasia with joint laxity,Disease,"['Infancy', 'Neonatal']",[]
642099,"Spondyloepimetaphyseal dysplasia with joint laxity, Beighton type",Disease,"['Infancy', 'Neonatal']",[]
642747,PUM1-related cerebellar ataxia,Disease,[],['Autosomal dominant']
642763,Autosomal dominant intellectual disability-craniofacial dysmorphism-macrocephaly-hypotonia syndrome due to H1-4 mutation,Malformation syndrome,[],['Autosomal dominant']
642954,Autosomal recessive ataxia due to PEX16 deficiency,Disease,[],['Autosomal recessive']
642965,Autosomal recessive ataxia due to PEX2 deficiency,Disease,[],['Autosomal recessive']
643549,Hao-Fountain syndrome,Disease,"['Infancy', 'Neonatal']",[]
646113,Intermediate collagen VI-related muscular dystrophy,Disease,[],"['Autosomal dominant', 'Autosomal recessive']"
646278,CDK13-related developmental delay-intellectual disability-facial dysmorphism-congenital heart defects syndrome,Disease,[],['Autosomal dominant']
647799,MYT1L-related developmental delay-intellectual disability-obesity syndrome,Disease,[],['Autosomal dominant']
647811,Cardiac-urogenital syndrome,Disease,[],['Autosomal dominant']
647815,Keratitis fugax hereditaria,Disease,[],['Autosomal dominant']
647834,SLC40A1-related hemochromatosis,Disease,[],['Autosomal dominant']
652487,Developmental delay-overweight-facial dysmorphism-behavioral abnormalities syndrome,Malformation syndrome,[],['Autosomal dominant']
652514,Cleft palate-congenital heart defect-intellectual disability syndrome due to MEIS2 mutation,Clinical subtype,[],['Autosomal dominant']
652522,Periodic fever-immunodeficiency-thrombocytopenia syndrome,Disease,[],['Autosomal recessive']
652532,Adult-onset progressive leukoencephalopathy-early-onset deafness,Disease,[],['Autosomal recessive']
653709,Cone rod dystrophy-short stature syndrome,Disease,[],['Autosomal recessive']
653712,CHD4-related neurodevelopmental disorder,Disease,[],['Autosomal dominant']
653722,Digenic Alport syndrome,Clinical subtype,[],"['Autosomal dominant', 'Autosomal recessive']"
653725,"Autosomal recessive limb-girdle muscular dystrophy, type 28",Disease,[],['Autosomal recessive']
653728,"Congenital insensitivity to pain syndrome, Marsili type",Disease,[],['Autosomal dominant']
653751,X-linked combined immunodeficiency due to SASH3 deficiency,Disease,[],['X-linked recessive']
653767,Jansen-de Vries syndrome,Disease,[],['Autosomal dominant']
653880,Mitochondrial short-chain enoyl-CoA hydratase 1 deficiency,Disease,[],['Autosomal recessive']
656130,PBX1-related congenital anomalies of kidney and urinary tract syndrome,Disease,[],['Autosomal dominant']
656135,Intellectual disability-cupped ears syndrome,Disease,[],['Autosomal dominant']
656279,1p36.33 duplication syndrome,Disease,[],['Not applicable']
656283,Autosomal recessive combined immunodeficiency due to complete IL6ST deficiency,Disease,[],['Autosomal recessive']
656300,Autosomal recessive combined immunodeficiency due to partial IL6ST deficiency,Disease,[],['Autosomal recessive']
656313,Autosomal dominant combined immunodeficiency due to partial IL6ST deficiency,Disease,[],['Autosomal dominant']
656326,Autosomal recessive combined immunodeficiency due to IL6R deficiency,Disease,[],['Autosomal recessive']
656912,Autosomal dominant combined immunodeficiency due to ERBIN deficiency,Disease,[],['Autosomal dominant']
658778,COQ7-related distal hereditary motor neuropathy,Disease,[],['Autosomal recessive']
658813,Combined immunodeficiency-megaloblastic anemia due to methylenetetrahydrofolate dehydrogenase 1 deficiency,Disease,[],['Autosomal recessive']
658946,Early-onset immune dysregulation with autoimmunity due to DOCK11 partial deficiency,Disease,[],['X-linked recessive']
658951,Early-onset immune dysregulation due to DOCK11 complete deficiency,Disease,[],['X-linked recessive']
659396,Cohen-Gibson syndrome,Malformation syndrome,[],['Autosomal dominant']
659463,Imagawa-Matsumoto syndrome,Malformation syndrome,[],['Autosomal dominant']
659609,Facial dysmorphism-global developmental delay-hypotonia-polymicrogyria syndrome,Disease,[],['Autosomal dominant']
659672,Harderoporphyria,Disease,[],['Autosomal recessive']
659873,Wormian bones-micrognathia-abnormal dentition-progeroid syndrome,Malformation syndrome,[],['Autosomal dominant']
659904,Multiple congenital anomalies-neurodevelopmental delay-ocular abnormalities syndrome,Malformation syndrome,[],['Autosomal dominant']
659975,Sensorineural hearing loss-spastic quadriplegia-intellectual disability syndrome,Malformation syndrome,[],['Autosomal recessive']
662172,Phelan-McDermid syndrome due to SHANK3 mutation,Etiological subtype,[],['Autosomal dominant']
662175,Macrocephaly-congenital heart disease-facial dysmorphism-intellectual disability syndrome,Malformation syndrome,[],['Autosomal dominant']
662179,Microcephaly-hearing loss-facial dysmorphism-intellectual disability syndrome,Malformation syndrome,[],['Autosomal dominant']
662184,Congenital muscular dystrophy-cataract-intellectual disability syndrome,Disease,[],['Autosomal recessive']
662189,Neurodevelopmental disorder-brain malformation-facial dysmorphism-brachydactyly syndrome,Malformation syndrome,[],['Autosomal dominant']
662198,Neurodevelopmental delay-intellectual disability-skeletal defects syndrome,Malformation syndrome,[],['X-linked dominant']
662207,Neurodevelopmental delay-brain malformations-skeletal defects-intellectual disability syndrome,Malformation syndrome,[],['Autosomal dominant']
662216,Mucopolysaccharidosis type 10,Disease,[],['Autosomal recessive']
662234,Neurodevelopmental delay-congenital heart defects-intellectual disability syndrome,Malformation syndrome,[],['Autosomal dominant']
662367,NESCAV syndrome,Disease,[],['Autosomal dominant']
662762,Motor delay-microcephaly-speech impairment-ocular abnormalities syndrome,Malformation syndrome,[],['Autosomal dominant']
662829,Intellectual disability-speech delay-dysmorphic features-T cell abnormalities syndrome,Disease,[],['Autosomal dominant']
664401,Cardiac anomalies-short stature-joint hypermobility-facial dysmorphism syndrome due to TAB2 mutation,Etiological subtype,[],['Autosomal dominant']
664404,6q25.1 microdeletion syndrome,Etiological subtype,[],['Not applicable']
664410,Brain abnormalities-severe developmental delay-facial dysmorphism-intellectual disability syndrome,Malformation syndrome,[],"['Autosomal dominant', 'Not applicable']"
664416,Brain abnormalities-severe developmental delay-facial dysmorphism-intellectual disability syndrome due to MEF2C mutation,Etiological subtype,[],['Autosomal dominant']
664430,Neurodevelopmental disorder-slit-like lateral ventricles-intellectual disability syndrome,Malformation syndrome,[],['Autosomal recessive']
664438,Gingival fibromatosis-aortic root dilatation-facial dysmorphism-intellectual disability syndrome,Malformation syndrome,[],['Autosomal dominant']
664500,Hermansky-Pudlak syndrome due to AP3B1 deficiency,Clinical subtype,[],['Autosomal recessive']
664511,"Early-onset severe Hermansky-Pudlak syndrome with hearing loss, due to AP3D1 deficiency",Clinical subtype,[],['Autosomal recessive']
664699,EBV-induced lymphoproliferative disease due to RASGRP1 deficiency,Disease,[],['Autosomal recessive']
664711,EBV-induced lymphoproliferative disease due to PRKCD deficiency,Disease,[],['Autosomal recessive']
664726,EBV-induced lymphoproliferative disease due to CD137 deficiency,Disease,[],['Autosomal recessive']
664729,EBV-induced lymphoproliferative disease due to TET2 deficiency,Disease,[],['Autosomal recessive']
667662,Breast implant-associated anaplastic large cell lymphoma,Disease,[],['Not applicable']
667678,Intraoral basal cell carcinoma,Disease,[],['Not yet documented']
674653,Actinomyopathy-associated syndromic thrombocytopenia,Disease,[],['Autosomal dominant']
674762,Early-onset autoinflammatory syndrome due to A20 haploinsufficiency,Disease,[],['Autosomal dominant']
675216,Spinocerebellar ataxia type 27B,Disease,[],['Autosomal dominant']
675628,TLR8-related inflammation-severe neutropenia-bone marrow failure-lymphoproliferation syndrome,Disease,[],['X-linked recessive']
675767,Severe congenital neutropenia-developmental delay-pancreatic insufficiency syndrome due to SRP54 deficiency,Disease,[],['Autosomal dominant']
675775,Severe congenital myelofibrosis-pancytopenia-intellectual disability-neurologic and ophthalmic abnormalities syndrome,Disease,[],['Autosomal recessive']
675782,Progressive hypotonia-intellectual disability-facial dysmorphism syndrome due to FYVE-defective RBSN,Disease,[],['Autosomal recessive']
676039,Combined immunodeficiency due to FOXN1 haploinsufficiency,Disease,[],['Autosomal dominant']
676125,X-linked immune dysregulation with inflammatory bowel disease due to ELF4 deficiency,Disease,[],['X-linked recessive']
684216,Intellectual disability-facial dysmorphism-joint hypermobility-hearing loss syndrome,Malformation syndrome,[],"['Autosomal dominant', 'Autosomal recessive']"
684226,Intellectual disability-hypotonia-facial dysmorphism-macrocephaly syndrome,Malformation syndrome,[],['Autosomal dominant']
684232,Intellectual disability-epilepsy-dental anomalies-facial dysmorphism syndrome,Malformation syndrome,[],['Autosomal dominant']
684240,Neurodevelopmental disorder-spasticity-movement disorder-epileptic syndrome,Malformation syndrome,[],['Autosomal recessive']
684247,Isolated growth hormone deficiency type IV,Clinical subtype,[],['Autosomal recessive']
684305,NOCGUS syndrome,Disease,[],['Autosomal dominant']
684742,2q13 microdeletion syndrome,Malformation syndrome,[],['Autosomal dominant']
686447,IFNG-responsive severe mendelian susceptibility to mycobacterial diseases,Disease,[],['Autosomal recessive']
686482,BPTF-related intellectual disability-facial dysmorphism-skeletal anomalies syndrome,Malformation syndrome,[],['Autosomal dominant']
686488,RNU4-2-related neurodevelopmental disorder-facial dysmorphism-white matter abnormalities-short stature syndrome,Malformation syndrome,[],['Autosomal dominant']
686495,MADD-related developmental delay-endocrine dysfunction-hypohemoglobinemia syndrome,Disease,[],['Autosomal recessive']
686999,Lipodystrophy-demyelinating peripheral sensory-motor neuropathy syndrome,Disease,[],['Autosomal recessive']
688581,Midface hypoplasia-hearing impairment-elliptocytosis-nephrocalcinosis syndrome,Malformation syndrome,[],['X-linked recessive']
688594,Combined immunodeficiency due to RELB deficiency,Disease,[],['Autosomal recessive']
688642,Turnpenny-Fry syndrome,Malformation syndrome,[],['Autosomal dominant']
689021,Asymptomatic hyperCKemia-myalgia-rhabdomyolysis syndrome,Disease,[],['Autosomal recessive']
689231,IFH1-related hereditary spastic paraplegia,Disease,[],['Autosomal dominant']
689234,RNASEH2B-related hereditary spastic paraplegia,Disease,[],['Autosomal recessive']
689397,Poirier-Bienvenue neurodevelopmental syndrome,Malformation syndrome,[],['Autosomal recessive']
689408,Shashi-Pena syndrome,Malformation syndrome,[],['Autosomal dominant']
689422,Okur-Chung neurodevelopmental syndrome,Malformation syndrome,[],['Autosomal dominant']
